[0.000000] (-) TimerEvent: {}
[0.000425] (-) JobUnselected: {'identifier': 'ika_behaviors'}
[0.000463] (-) JobUnselected: {'identifier': 'ika_bringup'}
[0.000512] (-) JobUnselected: {'identifier': 'ika_control'}
[0.000812] (-) JobUnselected: {'identifier': 'ika_data_logger'}
[0.000830] (-) JobUnselected: {'identifier': 'ika_description'}
[0.000846] (-) JobUnselected: {'identifier': 'ika_gazebo'}
[0.000862] (-) JobUnselected: {'identifier': 'ika_hardware'}
[0.000873] (-) JobUnselected: {'identifier': 'ika_localization'}
[0.000977] (-) JobUnselected: {'identifier': 'ika_mission_manager'}
[0.000987] (-) JobUnselected: {'identifier': 'ika_navigation'}
[0.000998] (-) JobUnselected: {'identifier': 'ika_perception'}
[0.001016] (-) JobUnselected: {'identifier': 'ika_targeting'}
[0.001027] (-) JobUnselected: {'identifier': 'ika_ui_bridge'}
[0.001107] (ika_msgs) JobQueued: {'identifier': 'ika_msgs', 'dependencies': OrderedDict()}
[0.001128] (ika_sensors) JobQueued: {'identifier': 'ika_sensors', 'dependencies': OrderedDict([('ika_msgs', '/home/sukru/ika_teknofest_aventra_ws/install/ika_msgs')])}
[0.001145] (ika_msgs) JobStarted: {'identifier': 'ika_msgs'}
[0.006610] (ika_msgs) JobProgress: {'identifier': 'ika_msgs', 'progress': 'cmake'}
[0.006948] (ika_msgs) Command: {'cmd': ['/usr/bin/cmake', '/home/sukru/ika_teknofest_aventra_ws/src/ika_msgs', '-DCMAKE_INSTALL_PREFIX=/home/sukru/ika_teknofest_aventra_ws/install/ika_msgs'], 'cwd': '/home/sukru/ika_teknofest_aventra_ws/build/ika_msgs', 'env': OrderedDict([('LESSOPEN', '| /usr/bin/lesspipe %s'), ('USER', 'sukru'), ('XDG_SESSION_TYPE', 'x11'), ('SHLVL', '1'), ('LD_LIBRARY_PATH', '/usr/lib/x86_64-linux-gnu/gazebo-11/plugins:/opt/ros/humble/opt/rviz_ogre_vendor/lib:/opt/ros/humble/lib/x86_64-linux-gnu:/opt/ros/humble/lib'), ('HOME', '/home/sukru'), ('DESKTOP_SESSION', 'ubuntu'), ('ROS_PYTHON_VERSION', '3'), ('GNOME_SHELL_SESSION_MODE', 'ubuntu'), ('GTK_MODULES', 'gail:atk-bridge'), ('DBUS_STARTER_BUS_TYPE', 'session'), ('SYSTEMD_EXEC_PID', '1553'), ('DBUS_SESSION_BUS_ADDRESS', 'unix:path=/run/user/1000/bus,guid=412076c97c0e1b9ba7b0c35d6a115ab3'), ('COLORTERM', 'truecolor'), ('COLCON_PREFIX_PATH', '/home/sukru/ika_teknofest_aventra_ws/install:/home/sukru/ai_autonomi_ws/install:/home/sukru/Desktop/otonom_atis/install:/home/sukru/dev_ws/install:/home/sukru/ros_ws_vacuum_bot/install:/home/sukru/ros_ws_demo/install'), ('ROS_DISTRO', 'humble'), ('GTK_IM_MODULE', 'ibus'), ('LOGNAME', 'sukru'), ('_', '/usr/bin/colcon'), ('ROS_VERSION', '2'), ('XDG_SESSION_CLASS', 'user'), ('USERNAME', 'sukru'), ('TERM', 'xterm-256color'), ('GNOME_DESKTOP_SESSION_ID', 'this-is-deprecated'), ('ROS_LOCALHOST_ONLY', '0'), ('WINDOWPATH', '2'), ('PATH', '/usr/local/MATLAB/R2025b/bin:/usr/local/MATLAB/R2025b/bin:/opt/ros/humble/bin:/home/sukru/.local/bin:/usr/local/sbin:/usr/local/bin:/usr/sbin:/usr/bin:/sbin:/bin:/usr/games:/usr/local/games:/snap/bin:/snap/bin'), ('SESSION_MANAGER', 'local/msi:@/tmp/.ICE-unix/1553,unix/msi:/tmp/.ICE-unix/1553'), ('XDG_MENU_PREFIX', 'gnome-'), ('GNOME_TERMINAL_SCREEN', '/org/gnome/Terminal/screen/870060c4_645d_493b_92be_83f2511a7580'), ('XDG_RUNTIME_DIR', '/run/user/1000'), ('DISPLAY', ':0'), ('LANG', 'en_US.UTF-8'), ('XDG_CURRENT_DESKTOP', 'ubuntu:GNOME'), ('XMODIFIERS', '@im=ibus'), ('XDG_SESSION_DESKTOP', 'ubuntu'), ('XAUTHORITY', '/run/user/1000/gdm/Xauthority'), ('LS_COLORS', 'rs=0:di=01;34:ln=01;36:mh=00:pi=40;33:so=01;35:do=01;35:bd=40;33;01:cd=40;33;01:or=40;31;01:mi=00:su=37;41:sg=30;43:ca=30;41:tw=30;42:ow=34;42:st=37;44:ex=01;32:*.tar=01;31:*.tgz=01;31:*.arc=01;31:*.arj=01;31:*.taz=01;31:*.lha=01;31:*.lz4=01;31:*.lzh=01;31:*.lzma=01;31:*.tlz=01;31:*.txz=01;31:*.tzo=01;31:*.t7z=01;31:*.zip=01;31:*.z=01;31:*.dz=01;31:*.gz=01;31:*.lrz=01;31:*.lz=01;31:*.lzo=01;31:*.xz=01;31:*.zst=01;31:*.tzst=01;31:*.bz2=01;31:*.bz=01;31:*.tbz=01;31:*.tbz2=01;31:*.tz=01;31:*.deb=01;31:*.rpm=01;31:*.jar=01;31:*.war=01;31:*.ear=01;31:*.sar=01;31:*.rar=01;31:*.alz=01;31:*.ace=01;31:*.zoo=01;31:*.cpio=01;31:*.7z=01;31:*.rz=01;31:*.cab=01;31:*.wim=01;31:*.swm=01;31:*.dwm=01;31:*.esd=01;31:*.jpg=01;35:*.jpeg=01;35:*.mjpg=01;35:*.mjpeg=01;35:*.gif=01;35:*.bmp=01;35:*.pbm=01;35:*.pgm=01;35:*.ppm=01;35:*.tga=01;35:*.xbm=01;35:*.xpm=01;35:*.tif=01;35:*.tiff=01;35:*.png=01;35:*.svg=01;35:*.svgz=01;35:*.mng=01;35:*.pcx=01;35:*.mov=01;35:*.mpg=01;35:*.mpeg=01;35:*.m2v=01;35:*.mkv=01;35:*.webm=01;35:*.webp=01;35:*.ogm=01;35:*.mp4=01;35:*.m4v=01;35:*.mp4v=01;35:*.vob=01;35:*.qt=01;35:*.nuv=01;35:*.wmv=01;35:*.asf=01;35:*.rm=01;35:*.rmvb=01;35:*.flc=01;35:*.avi=01;35:*.fli=01;35:*.flv=01;35:*.gl=01;35:*.dl=01;35:*.xcf=01;35:*.xwd=01;35:*.yuv=01;35:*.cgm=01;35:*.emf=01;35:*.ogv=01;35:*.ogx=01;35:*.aac=00;36:*.au=00;36:*.flac=00;36:*.m4a=00;36:*.mid=00;36:*.midi=00;36:*.mka=00;36:*.mp3=00;36:*.mpc=00;36:*.ogg=00;36:*.ra=00;36:*.wav=00;36:*.oga=00;36:*.opus=00;36:*.spx=00;36:*.xspf=00;36:'), ('GNOME_TERMINAL_SERVICE', ':1.282'), ('SSH_AGENT_LAUNCHER', 'gnome-keyring'), ('SSH_AUTH_SOCK', '/run/user/1000/keyring/ssh'), ('AMENT_PREFIX_PATH', '/home/sukru/ika_teknofest_aventra_ws/install/ika_sensors:/home/sukru/ika_teknofest_aventra_ws/install/ika_msgs:/home/sukru/ai_autonomi_ws/install/ika_autonomi:/home/sukru/Desktop/otonom_atis/install/python_pkg:/home/sukru/dev_ws/install/my_package:/home/sukru/dev_ws/install/my_bot:/home/sukru/ros_ws_vacuum_bot/install/vacuum_teleop:/home/sukru/ros_ws_vacuum_bot/install/vacuum_sensors:/home/sukru/ros_ws_vacuum_bot/install/vacuum_navigation:/home/sukru/ros_ws_vacuum_bot/install/vacuum_msgs:/home/sukru/ros_ws_vacuum_bot/install/vacuum_mapping:/home/sukru/ros_ws_vacuum_bot/install/vacuum_description:/home/sukru/ros_ws_vacuum_bot/install/vacuum_control:/home/sukru/ros_ws_vacuum_bot/install/vacuum_bringup:/home/sukru/ros_ws_demo/install/python_pkg:/opt/ros/humble'), ('SHELL', '/bin/bash'), ('QT_ACCESSIBILITY', '1'), ('GDMSESSION', 'ubuntu'), ('LESSCLOSE', '/usr/bin/lesspipe %s %s'), ('GPG_AGENT_INFO', '/run/user/1000/gnupg/S.gpg-agent:0:1'), ('QT_IM_MODULE', 'ibus'), ('PWD', '/home/sukru/ika_teknofest_aventra_ws/build/ika_msgs'), ('LC_ALL', 'en_US.UTF-8'), ('XDG_CONFIG_DIRS', '/etc/xdg/xdg-ubuntu:/etc/xdg'), ('DBUS_STARTER_ADDRESS', 'unix:path=/run/user/1000/bus,guid=412076c97c0e1b9ba7b0c35d6a115ab3'), ('XDG_DATA_DIRS', '/usr/share/ubuntu:/usr/share/gnome:/usr/local/share/:/usr/share/:/var/lib/snapd/desktop'), ('PYTHONPATH', '/home/sukru/ika_teknofest_aventra_ws/install/ika_sensors/lib/python3.10/site-packages:/home/sukru/ai_autonomi_ws/install/ika_autonomi/lib/python3.10/site-packages:/home/sukru/Desktop/otonom_atis/build/python_pkg:/home/sukru/Desktop/otonom_atis/install/python_pkg/lib/python3.10/site-packages:/home/sukru/ros_ws_vacuum_bot/install/vacuum_teleop/lib/python3.10/site-packages:/home/sukru/ros_ws_vacuum_bot/install/vacuum_sensors/lib/python3.10/site-packages:/home/sukru/ros_ws_vacuum_bot/install/vacuum_navigation/lib/python3.10/site-packages:/home/sukru/ros_ws_vacuum_bot/install/vacuum_msgs/lib/python3.10/site-packages:/home/sukru/ros_ws_vacuum_bot/install/vacuum_mapping/lib/python3.10/site-packages:/home/sukru/ros_ws_vacuum_bot/install/vacuum_description/lib/python3.10/site-packages:/home/sukru/ros_ws_vacuum_bot/install/vacuum_control/lib/python3.10/site-packages:/home/sukru/ros_ws_vacuum_bot/install/vacuum_bringup/lib/python3.10/site-packages:/home/sukru/ros_ws_demo/install/python_pkg/lib/python3.10/site-packages:/opt/ros/humble/lib/python3.10/site-packages:/opt/ros/humble/local/lib/python3.10/dist-packages'), ('COLCON', '1'), ('VTE_VERSION', '6800'), ('CMAKE_PREFIX_PATH', '/home/sukru/ika_teknofest_aventra_ws/install/ika_msgs:/home/sukru/dev_ws/install/my_package:/home/sukru/dev_ws/install/my_bot:/home/sukru/ika_teknofest_aventra_ws/install/ika_sensors:/home/sukru/ai_autonomi_ws/install/ika_autonomi:/home/sukru/Desktop/otonom_atis/install/python_pkg:/home/sukru/ros_ws_vacuum_bot/install/vacuum_teleop:/home/sukru/ros_ws_vacuum_bot/install/vacuum_sensors:/home/sukru/ros_ws_vacuum_bot/install/vacuum_navigation:/home/sukru/ros_ws_vacuum_bot/install/vacuum_msgs:/home/sukru/ros_ws_vacuum_bot/install/vacuum_mapping:/home/sukru/ros_ws_vacuum_bot/install/vacuum_description:/home/sukru/ros_ws_vacuum_bot/install/vacuum_control:/home/sukru/ros_ws_vacuum_bot/install/vacuum_bringup:/home/sukru/ros_ws_demo/install/python_pkg:/opt/ros/humble')]), 'shell': False}
[0.042455] (ika_msgs) StdoutLine: {'line': b'-- The C compiler identification is GNU 11.4.0\n'}
[0.078837] (ika_msgs) StdoutLine: {'line': b'-- The CXX compiler identification is GNU 11.4.0\n'}
[0.083066] (ika_msgs) StdoutLine: {'line': b'-- Detecting C compiler ABI info\n'}
[0.099968] (-) TimerEvent: {}
[0.126419] (ika_msgs) StdoutLine: {'line': b'-- Detecting C compiler ABI info - done\n'}
[0.130406] (ika_msgs) StdoutLine: {'line': b'-- Check for working C compiler: /usr/bin/cc - skipped\n'}
[0.130548] (ika_msgs) StdoutLine: {'line': b'-- Detecting C compile features\n'}
[0.130767] (ika_msgs) StdoutLine: {'line': b'-- Detecting C compile features - done\n'}
[0.132427] (ika_msgs) StdoutLine: {'line': b'-- Detecting CXX compiler ABI info\n'}
[0.181023] (ika_msgs) StdoutLine: {'line': b'-- Detecting CXX compiler ABI info - done\n'}
[0.185114] (ika_msgs) StdoutLine: {'line': b'-- Check for working CXX compiler: /usr/bin/c++ - skipped\n'}
[0.185229] (ika_msgs) StdoutLine: {'line': b'-- Detecting CXX compile features\n'}
[0.185402] (ika_msgs) StdoutLine: {'line': b'-- Detecting CXX compile features - done\n'}
[0.188482] (ika_msgs) StdoutLine: {'line': b'-- Found ament_cmake: 1.3.13 (/opt/ros/humble/share/ament_cmake/cmake)\n'}
[0.200168] (-) TimerEvent: {}
[0.286487] (ika_msgs) StdoutLine: {'line': b'-- Found Python3: /usr/bin/python3 (found version "3.10.12") found components: Interpreter \n'}
[0.300255] (-) TimerEvent: {}
[0.382094] (ika_msgs) StdoutLine: {'line': b'-- Found std_msgs: 4.9.1 (/opt/ros/humble/share/std_msgs/cmake)\n'}
[0.400506] (-) TimerEvent: {}
[0.441935] (ika_msgs) StdoutLine: {'line': b'-- Found rosidl_generator_c: 3.1.8 (/opt/ros/humble/share/rosidl_generator_c/cmake)\n'}
[0.449328] (ika_msgs) StdoutLine: {'line': b'-- Found rosidl_adapter: 3.1.8 (/opt/ros/humble/share/rosidl_adapter/cmake)\n'}
[0.463066] (ika_msgs) StdoutLine: {'line': b'-- Found rosidl_generator_cpp: 3.1.8 (/opt/ros/humble/share/rosidl_generator_cpp/cmake)\n'}
[0.485259] (ika_msgs) StdoutLine: {'line': b'-- Using all available rosidl_typesupport_c: rosidl_typesupport_fastrtps_c;rosidl_typesupport_introspection_c\n'}
[0.500593] (-) TimerEvent: {}
[0.505656] (ika_msgs) StdoutLine: {'line': b'-- Using all available rosidl_typesupport_cpp: rosidl_typesupport_fastrtps_cpp;rosidl_typesupport_introspection_cpp\n'}
[0.534721] (ika_msgs) StdoutLine: {'line': b'-- Found rosidl_default_generators: 1.2.0 (/opt/ros/humble/share/rosidl_default_generators/cmake)\n'}
[0.600876] (-) TimerEvent: {}
[0.701087] (-) TimerEvent: {}
[0.760300] (ika_msgs) StdoutLine: {'line': b'-- Found ament_cmake_ros: 0.10.0 (/opt/ros/humble/share/ament_cmake_ros/cmake)\n'}
[0.801156] (-) TimerEvent: {}
[0.901343] (-) TimerEvent: {}
[0.999407] (ika_msgs) StdoutLine: {'line': b'-- Using all available rosidl_typesupport_c: rosidl_typesupport_fastrtps_c;rosidl_typesupport_introspection_c\n'}
[1.001407] (-) TimerEvent: {}
[1.088404] (ika_msgs) StdoutLine: {'line': b'-- Using all available rosidl_typesupport_cpp: rosidl_typesupport_fastrtps_cpp;rosidl_typesupport_introspection_cpp\n'}
[1.101496] (-) TimerEvent: {}
[1.104126] (ika_msgs) StdoutLine: {'line': b'-- Found PythonInterp: /usr/bin/python3 (found suitable version "3.10.12", minimum required is "3.6") \n'}
[1.107205] (ika_msgs) StdoutLine: {'line': b'-- Found python_cmake_module: 0.10.0 (/opt/ros/humble/share/python_cmake_module/cmake)\n'}
[1.127212] (ika_msgs) StdoutLine: {'line': b'-- Found PythonLibs: /usr/lib/x86_64-linux-gnu/libpython3.10.so (found suitable version "3.10.12", minimum required is "3.5") \n'}
[1.127331] (ika_msgs) StdoutLine: {'line': b'-- Using PYTHON_EXECUTABLE: /usr/bin/python3\n'}
[1.127396] (ika_msgs) StdoutLine: {'line': b'-- Using PYTHON_INCLUDE_DIRS: /usr/include/python3.10\n'}
[1.127449] (ika_msgs) StdoutLine: {'line': b'-- Using PYTHON_LIBRARIES: /usr/lib/x86_64-linux-gnu/libpython3.10.so\n'}
[1.140857] (ika_msgs) StdoutLine: {'line': b'-- Found PythonExtra: .so  \n'}
[1.183442] (ika_msgs) StdoutLine: {'line': b'-- Configuring done\n'}
[1.201574] (-) TimerEvent: {}
[1.208600] (ika_msgs) StdoutLine: {'line': b'-- Generating done\n'}
[1.215564] (ika_msgs) StdoutLine: {'line': b'-- Build files have been written to: /home/sukru/ika_teknofest_aventra_ws/build/ika_msgs\n'}
[1.221389] (ika_msgs) CommandEnded: {'returncode': 0}
[1.221874] (ika_msgs) JobProgress: {'identifier': 'ika_msgs', 'progress': 'build'}
[1.222296] (ika_msgs) Command: {'cmd': ['/usr/bin/cmake', '--build', '/home/sukru/ika_teknofest_aventra_ws/build/ika_msgs', '--', '-j12', '-l12'], 'cwd': '/home/sukru/ika_teknofest_aventra_ws/build/ika_msgs', 'env': OrderedDict([('LESSOPEN', '| /usr/bin/lesspipe %s'), ('USER', 'sukru'), ('XDG_SESSION_TYPE', 'x11'), ('SHLVL', '1'), ('LD_LIBRARY_PATH', '/usr/lib/x86_64-linux-gnu/gazebo-11/plugins:/opt/ros/humble/opt/rviz_ogre_vendor/lib:/opt/ros/humble/lib/x86_64-linux-gnu:/opt/ros/humble/lib'), ('HOME', '/home/sukru'), ('DESKTOP_SESSION', 'ubuntu'), ('ROS_PYTHON_VERSION', '3'), ('GNOME_SHELL_SESSION_MODE', 'ubuntu'), ('GTK_MODULES', 'gail:atk-bridge'), ('DBUS_STARTER_BUS_TYPE', 'session'), ('SYSTEMD_EXEC_PID', '1553'), ('DBUS_SESSION_BUS_ADDRESS', 'unix:path=/run/user/1000/bus,guid=412076c97c0e1b9ba7b0c35d6a115ab3'), ('COLORTERM', 'truecolor'), ('COLCON_PREFIX_PATH', '/home/sukru/ika_teknofest_aventra_ws/install:/home/sukru/ai_autonomi_ws/install:/home/sukru/Desktop/otonom_atis/install:/home/sukru/dev_ws/install:/home/sukru/ros_ws_vacuum_bot/install:/home/sukru/ros_ws_demo/install'), ('ROS_DISTRO', 'humble'), ('GTK_IM_MODULE', 'ibus'), ('LOGNAME', 'sukru'), ('_', '/usr/bin/colcon'), ('ROS_VERSION', '2'), ('XDG_SESSION_CLASS', 'user'), ('USERNAME', 'sukru'), ('TERM', 'xterm-256color'), ('GNOME_DESKTOP_SESSION_ID', 'this-is-deprecated'), ('ROS_LOCALHOST_ONLY', '0'), ('WINDOWPATH', '2'), ('PATH', '/usr/local/MATLAB/R2025b/bin:/usr/local/MATLAB/R2025b/bin:/opt/ros/humble/bin:/home/sukru/.local/bin:/usr/local/sbin:/usr/local/bin:/usr/sbin:/usr/bin:/sbin:/bin:/usr/games:/usr/local/games:/snap/bin:/snap/bin'), ('SESSION_MANAGER', 'local/msi:@/tmp/.ICE-unix/1553,unix/msi:/tmp/.ICE-unix/1553'), ('XDG_MENU_PREFIX', 'gnome-'), ('GNOME_TERMINAL_SCREEN', '/org/gnome/Terminal/screen/870060c4_645d_493b_92be_83f2511a7580'), ('XDG_RUNTIME_DIR', '/run/user/1000'), ('DISPLAY', ':0'), ('LANG', 'en_US.UTF-8'), ('XDG_CURRENT_DESKTOP', 'ubuntu:GNOME'), ('XMODIFIERS', '@im=ibus'), ('XDG_SESSION_DESKTOP', 'ubuntu'), ('XAUTHORITY', '/run/user/1000/gdm/Xauthority'), ('LS_COLORS', 'rs=0:di=01;34:ln=01;36:mh=00:pi=40;33:so=01;35:do=01;35:bd=40;33;01:cd=40;33;01:or=40;31;01:mi=00:su=37;41:sg=30;43:ca=30;41:tw=30;42:ow=34;42:st=37;44:ex=01;32:*.tar=01;31:*.tgz=01;31:*.arc=01;31:*.arj=01;31:*.taz=01;31:*.lha=01;31:*.lz4=01;31:*.lzh=01;31:*.lzma=01;31:*.tlz=01;31:*.txz=01;31:*.tzo=01;31:*.t7z=01;31:*.zip=01;31:*.z=01;31:*.dz=01;31:*.gz=01;31:*.lrz=01;31:*.lz=01;31:*.lzo=01;31:*.xz=01;31:*.zst=01;31:*.tzst=01;31:*.bz2=01;31:*.bz=01;31:*.tbz=01;31:*.tbz2=01;31:*.tz=01;31:*.deb=01;31:*.rpm=01;31:*.jar=01;31:*.war=01;31:*.ear=01;31:*.sar=01;31:*.rar=01;31:*.alz=01;31:*.ace=01;31:*.zoo=01;31:*.cpio=01;31:*.7z=01;31:*.rz=01;31:*.cab=01;31:*.wim=01;31:*.swm=01;31:*.dwm=01;31:*.esd=01;31:*.jpg=01;35:*.jpeg=01;35:*.mjpg=01;35:*.mjpeg=01;35:*.gif=01;35:*.bmp=01;35:*.pbm=01;35:*.pgm=01;35:*.ppm=01;35:*.tga=01;35:*.xbm=01;35:*.xpm=01;35:*.tif=01;35:*.tiff=01;35:*.png=01;35:*.svg=01;35:*.svgz=01;35:*.mng=01;35:*.pcx=01;35:*.mov=01;35:*.mpg=01;35:*.mpeg=01;35:*.m2v=01;35:*.mkv=01;35:*.webm=01;35:*.webp=01;35:*.ogm=01;35:*.mp4=01;35:*.m4v=01;35:*.mp4v=01;35:*.vob=01;35:*.qt=01;35:*.nuv=01;35:*.wmv=01;35:*.asf=01;35:*.rm=01;35:*.rmvb=01;35:*.flc=01;35:*.avi=01;35:*.fli=01;35:*.flv=01;35:*.gl=01;35:*.dl=01;35:*.xcf=01;35:*.xwd=01;35:*.yuv=01;35:*.cgm=01;35:*.emf=01;35:*.ogv=01;35:*.ogx=01;35:*.aac=00;36:*.au=00;36:*.flac=00;36:*.m4a=00;36:*.mid=00;36:*.midi=00;36:*.mka=00;36:*.mp3=00;36:*.mpc=00;36:*.ogg=00;36:*.ra=00;36:*.wav=00;36:*.oga=00;36:*.opus=00;36:*.spx=00;36:*.xspf=00;36:'), ('GNOME_TERMINAL_SERVICE', ':1.282'), ('SSH_AGENT_LAUNCHER', 'gnome-keyring'), ('SSH_AUTH_SOCK', '/run/user/1000/keyring/ssh'), ('AMENT_PREFIX_PATH', '/home/sukru/ika_teknofest_aventra_ws/install/ika_sensors:/home/sukru/ika_teknofest_aventra_ws/install/ika_msgs:/home/sukru/ai_autonomi_ws/install/ika_autonomi:/home/sukru/Desktop/otonom_atis/install/python_pkg:/home/sukru/dev_ws/install/my_package:/home/sukru/dev_ws/install/my_bot:/home/sukru/ros_ws_vacuum_bot/install/vacuum_teleop:/home/sukru/ros_ws_vacuum_bot/install/vacuum_sensors:/home/sukru/ros_ws_vacuum_bot/install/vacuum_navigation:/home/sukru/ros_ws_vacuum_bot/install/vacuum_msgs:/home/sukru/ros_ws_vacuum_bot/install/vacuum_mapping:/home/sukru/ros_ws_vacuum_bot/install/vacuum_description:/home/sukru/ros_ws_vacuum_bot/install/vacuum_control:/home/sukru/ros_ws_vacuum_bot/install/vacuum_bringup:/home/sukru/ros_ws_demo/install/python_pkg:/opt/ros/humble'), ('SHELL', '/bin/bash'), ('QT_ACCESSIBILITY', '1'), ('GDMSESSION', 'ubuntu'), ('LESSCLOSE', '/usr/bin/lesspipe %s %s'), ('GPG_AGENT_INFO', '/run/user/1000/gnupg/S.gpg-agent:0:1'), ('QT_IM_MODULE', 'ibus'), ('PWD', '/home/sukru/ika_teknofest_aventra_ws/build/ika_msgs'), ('LC_ALL', 'en_US.UTF-8'), ('XDG_CONFIG_DIRS', '/etc/xdg/xdg-ubuntu:/etc/xdg'), ('DBUS_STARTER_ADDRESS', 'unix:path=/run/user/1000/bus,guid=412076c97c0e1b9ba7b0c35d6a115ab3'), ('XDG_DATA_DIRS', '/usr/share/ubuntu:/usr/share/gnome:/usr/local/share/:/usr/share/:/var/lib/snapd/desktop'), ('PYTHONPATH', '/home/sukru/ika_teknofest_aventra_ws/install/ika_sensors/lib/python3.10/site-packages:/home/sukru/ai_autonomi_ws/install/ika_autonomi/lib/python3.10/site-packages:/home/sukru/Desktop/otonom_atis/build/python_pkg:/home/sukru/Desktop/otonom_atis/install/python_pkg/lib/python3.10/site-packages:/home/sukru/ros_ws_vacuum_bot/install/vacuum_teleop/lib/python3.10/site-packages:/home/sukru/ros_ws_vacuum_bot/install/vacuum_sensors/lib/python3.10/site-packages:/home/sukru/ros_ws_vacuum_bot/install/vacuum_navigation/lib/python3.10/site-packages:/home/sukru/ros_ws_vacuum_bot/install/vacuum_msgs/lib/python3.10/site-packages:/home/sukru/ros_ws_vacuum_bot/install/vacuum_mapping/lib/python3.10/site-packages:/home/sukru/ros_ws_vacuum_bot/install/vacuum_description/lib/python3.10/site-packages:/home/sukru/ros_ws_vacuum_bot/install/vacuum_control/lib/python3.10/site-packages:/home/sukru/ros_ws_vacuum_bot/install/vacuum_bringup/lib/python3.10/site-packages:/home/sukru/ros_ws_demo/install/python_pkg/lib/python3.10/site-packages:/opt/ros/humble/lib/python3.10/site-packages:/opt/ros/humble/local/lib/python3.10/dist-packages'), ('COLCON', '1'), ('VTE_VERSION', '6800'), ('CMAKE_PREFIX_PATH', '/home/sukru/ika_teknofest_aventra_ws/install/ika_msgs:/home/sukru/dev_ws/install/my_package:/home/sukru/dev_ws/install/my_bot:/home/sukru/ika_teknofest_aventra_ws/install/ika_sensors:/home/sukru/ai_autonomi_ws/install/ika_autonomi:/home/sukru/Desktop/otonom_atis/install/python_pkg:/home/sukru/ros_ws_vacuum_bot/install/vacuum_teleop:/home/sukru/ros_ws_vacuum_bot/install/vacuum_sensors:/home/sukru/ros_ws_vacuum_bot/install/vacuum_navigation:/home/sukru/ros_ws_vacuum_bot/install/vacuum_msgs:/home/sukru/ros_ws_vacuum_bot/install/vacuum_mapping:/home/sukru/ros_ws_vacuum_bot/install/vacuum_description:/home/sukru/ros_ws_vacuum_bot/install/vacuum_control:/home/sukru/ros_ws_vacuum_bot/install/vacuum_bringup:/home/sukru/ros_ws_demo/install/python_pkg:/opt/ros/humble')]), 'shell': False}
[1.248213] (ika_msgs) StdoutLine: {'line': b'[  1%] \x1b[34m\x1b[1mGenerating C code for ROS interfaces\x1b[0m\n'}
[1.253704] (ika_msgs) StdoutLine: {'line': b'[  3%] \x1b[34m\x1b[1mGenerating C++ code for ROS interfaces\x1b[0m\n'}
[1.258924] (ika_msgs) StdoutLine: {'line': b'[  3%] Built target ament_cmake_python_copy_ika_msgs\n'}
[1.301677] (-) TimerEvent: {}
[1.398132] (ika_msgs) StdoutLine: {'line': b'running egg_info\n'}
[1.398349] (ika_msgs) StdoutLine: {'line': b'creating ika_msgs.egg-info\n'}
[1.398436] (ika_msgs) StdoutLine: {'line': b'writing ika_msgs.egg-info/PKG-INFO\n'}
[1.398508] (ika_msgs) StdoutLine: {'line': b'writing dependency_links to ika_msgs.egg-info/dependency_links.txt\n'}
[1.398598] (ika_msgs) StdoutLine: {'line': b'writing top-level names to ika_msgs.egg-info/top_level.txt\n'}
[1.398671] (ika_msgs) StdoutLine: {'line': b"writing manifest file 'ika_msgs.egg-info/SOURCES.txt'\n"}
[1.399585] (ika_msgs) StdoutLine: {'line': b"reading manifest file 'ika_msgs.egg-info/SOURCES.txt'\n"}
[1.399810] (ika_msgs) StdoutLine: {'line': b"writing manifest file 'ika_msgs.egg-info/SOURCES.txt'\n"}
[1.401736] (-) TimerEvent: {}
[1.415452] (ika_msgs) StdoutLine: {'line': b'[  3%] Built target ament_cmake_python_build_ika_msgs_egg\n'}
[1.501821] (-) TimerEvent: {}
[1.602026] (-) TimerEvent: {}
[1.630027] (ika_msgs) StdoutLine: {'line': b'[  3%] Built target ika_msgs__cpp\n'}
[1.636144] (ika_msgs) StdoutLine: {'line': b'[  4%] \x1b[34m\x1b[1mGenerating C++ type support for eProsima Fast-RTPS\x1b[0m\n'}
[1.636409] (ika_msgs) StdoutLine: {'line': b'[  6%] \x1b[32mBuilding C object CMakeFiles/ika_msgs__rosidl_generator_c.dir/rosidl_generator_c/ika_msgs/msg/detail/environment_data__functions.c.o\x1b[0m\n'}
[1.636492] (ika_msgs) StdoutLine: {'line': b'[  7%] \x1b[34m\x1b[1mGenerating C++ type support dispatch for ROS interfaces\x1b[0m\n'}
[1.637002] (ika_msgs) StdoutLine: {'line': b'[  9%] \x1b[34m\x1b[1mGenerating C++ introspection for ROS interfaces\x1b[0m\n'}
[1.637222] (ika_msgs) StdoutLine: {'line': b'[ 11%] \x1b[32mBuilding C object CMakeFiles/ika_msgs__rosidl_generator_c.dir/rosidl_generator_c/ika_msgs/srv/detail/emergency_stop__functions.c.o\x1b[0m\n'}
[1.637573] (ika_msgs) StdoutLine: {'line': b'[ 12%] \x1b[32mBuilding C object CMakeFiles/ika_msgs__rosidl_generator_c.dir/rosidl_generator_c/ika_msgs/msg/detail/mission_state__functions.c.o\x1b[0m\n'}
[1.638315] (ika_msgs) StdoutLine: {'line': b'[ 14%] \x1b[32mBuilding C object CMakeFiles/ika_msgs__rosidl_generator_c.dir/rosidl_generator_c/ika_msgs/srv/detail/set_laser__functions.c.o\x1b[0m\n'}
[1.638435] (ika_msgs) StdoutLine: {'line': b'[ 15%] \x1b[32mBuilding C object CMakeFiles/ika_msgs__rosidl_generator_c.dir/rosidl_generator_c/ika_msgs/action/detail/aim_and_fire__functions.c.o\x1b[0m\n'}
[1.702115] (-) TimerEvent: {}
[1.777245] (ika_msgs) StdoutLine: {'line': b'[ 17%] \x1b[32m\x1b[1mLinking C shared library libika_msgs__rosidl_generator_c.so\x1b[0m\n'}
[1.802204] (-) TimerEvent: {}
[1.802690] (ika_msgs) StdoutLine: {'line': b'[ 17%] Built target ika_msgs__rosidl_generator_c\n'}
[1.808629] (ika_msgs) StdoutLine: {'line': b'[ 19%] \x1b[34m\x1b[1mGenerating C type support for eProsima Fast-RTPS\x1b[0m\n'}
[1.808745] (ika_msgs) StdoutLine: {'line': b'[ 20%] \x1b[34m\x1b[1mGenerating C introspection for ROS interfaces\x1b[0m\n'}
[1.808820] (ika_msgs) StdoutLine: {'line': b'[ 22%] \x1b[34m\x1b[1mGenerating C type support dispatch for ROS interfaces\x1b[0m\n'}
[1.873638] (ika_msgs) StdoutLine: {'line': b'[ 23%] \x1b[32mBuilding CXX object CMakeFiles/ika_msgs__rosidl_typesupport_cpp.dir/rosidl_typesupport_cpp/ika_msgs/msg/environment_data__type_support.cpp.o\x1b[0m\n'}
[1.874850] (ika_msgs) StdoutLine: {'line': b'[ 25%] \x1b[32mBuilding CXX object CMakeFiles/ika_msgs__rosidl_typesupport_cpp.dir/rosidl_typesupport_cpp/ika_msgs/msg/mission_state__type_support.cpp.o\x1b[0m\n'}
[1.875110] (ika_msgs) StdoutLine: {'line': b'[ 26%] \x1b[32mBuilding CXX object CMakeFiles/ika_msgs__rosidl_typesupport_cpp.dir/rosidl_typesupport_cpp/ika_msgs/srv/emergency_stop__type_support.cpp.o\x1b[0m\n'}
[1.875258] (ika_msgs) StdoutLine: {'line': b'[ 28%] \x1b[32mBuilding CXX object CMakeFiles/ika_msgs__rosidl_typesupport_cpp.dir/rosidl_typesupport_cpp/ika_msgs/srv/set_laser__type_support.cpp.o\x1b[0m\n'}
[1.875538] (ika_msgs) StdoutLine: {'line': b'[ 30%] \x1b[32mBuilding CXX object CMakeFiles/ika_msgs__rosidl_typesupport_cpp.dir/rosidl_typesupport_cpp/ika_msgs/action/aim_and_fire__type_support.cpp.o\x1b[0m\n'}
[1.902291] (-) TimerEvent: {}
[1.955396] (ika_msgs) StdoutLine: {'line': b'[ 31%] \x1b[32mBuilding CXX object CMakeFiles/ika_msgs__rosidl_typesupport_introspection_cpp.dir/rosidl_typesupport_introspection_cpp/ika_msgs/msg/detail/environment_data__type_support.cpp.o\x1b[0m\n'}
[1.955836] (ika_msgs) StdoutLine: {'line': b'[ 33%] \x1b[32mBuilding CXX object CMakeFiles/ika_msgs__rosidl_typesupport_introspection_cpp.dir/rosidl_typesupport_introspection_cpp/ika_msgs/srv/detail/emergency_stop__type_support.cpp.o\x1b[0m\n'}
[1.956237] (ika_msgs) StdoutLine: {'line': b'[ 34%] \x1b[32mBuilding CXX object CMakeFiles/ika_msgs__rosidl_typesupport_introspection_cpp.dir/rosidl_typesupport_introspection_cpp/ika_msgs/msg/detail/mission_state__type_support.cpp.o\x1b[0m\n'}
[2.002400] (-) TimerEvent: {}
[2.042168] (ika_msgs) StdoutLine: {'line': b'[ 36%] \x1b[32mBuilding CXX object CMakeFiles/ika_msgs__rosidl_typesupport_fastrtps_cpp.dir/rosidl_typesupport_fastrtps_cpp/ika_msgs/msg/detail/dds_fastrtps/environment_data__type_support.cpp.o\x1b[0m\n'}
[2.102492] (-) TimerEvent: {}
[2.130629] (ika_msgs) StdoutLine: {'line': b'[ 38%] \x1b[32mBuilding CXX object CMakeFiles/ika_msgs__rosidl_typesupport_c.dir/rosidl_typesupport_c/ika_msgs/msg/environment_data__type_support.cpp.o\x1b[0m\n'}
[2.147021] (ika_msgs) StdoutLine: {'line': b'[ 41%] \x1b[32mBuilding CXX object CMakeFiles/ika_msgs__rosidl_typesupport_fastrtps_cpp.dir/rosidl_typesupport_fastrtps_cpp/ika_msgs/srv/detail/dds_fastrtps/emergency_stop__type_support.cpp.o\x1b[0m\n'}
[2.147288] (ika_msgs) StdoutLine: {'line': b'[ 39%] \x1b[32mBuilding CXX object CMakeFiles/ika_msgs__rosidl_typesupport_fastrtps_cpp.dir/rosidl_typesupport_fastrtps_cpp/ika_msgs/msg/detail/dds_fastrtps/mission_state__type_support.cpp.o\x1b[0m\n'}
[2.148964] (ika_msgs) StdoutLine: {'line': b'[ 42%] \x1b[32mBuilding CXX object CMakeFiles/ika_msgs__rosidl_typesupport_c.dir/rosidl_typesupport_c/ika_msgs/msg/mission_state__type_support.cpp.o\x1b[0m\n'}
[2.156178] (ika_msgs) StdoutLine: {'line': b'[ 44%] \x1b[32mBuilding CXX object CMakeFiles/ika_msgs__rosidl_typesupport_fastrtps_cpp.dir/rosidl_typesupport_fastrtps_cpp/ika_msgs/srv/detail/dds_fastrtps/set_laser__type_support.cpp.o\x1b[0m\n'}
[2.160990] (ika_msgs) StdoutLine: {'line': b'[ 46%] \x1b[32mBuilding CXX object CMakeFiles/ika_msgs__rosidl_typesupport_c.dir/rosidl_typesupport_c/ika_msgs/srv/emergency_stop__type_support.cpp.o\x1b[0m\n'}
[2.185418] (ika_msgs) StdoutLine: {'line': b'[ 47%] \x1b[32mBuilding CXX object CMakeFiles/ika_msgs__rosidl_typesupport_c.dir/rosidl_typesupport_c/ika_msgs/srv/set_laser__type_support.cpp.o\x1b[0m\n'}
[2.187894] (ika_msgs) StdoutLine: {'line': b'[ 49%] \x1b[32mBuilding CXX object CMakeFiles/ika_msgs__rosidl_typesupport_c.dir/rosidl_typesupport_c/ika_msgs/action/aim_and_fire__type_support.cpp.o\x1b[0m\n'}
[2.202838] (-) TimerEvent: {}
[2.231566] (ika_msgs) StdoutLine: {'line': b'[ 50%] \x1b[32m\x1b[1mLinking CXX shared library libika_msgs__rosidl_typesupport_c.so\x1b[0m\n'}
[2.245928] (ika_msgs) StdoutLine: {'line': b'[ 52%] \x1b[32mBuilding C object CMakeFiles/ika_msgs__rosidl_typesupport_introspection_c.dir/rosidl_typesupport_introspection_c/ika_msgs/msg/detail/environment_data__type_support.c.o\x1b[0m\n'}
[2.246397] (ika_msgs) StdoutLine: {'line': b'[ 53%] \x1b[32mBuilding C object CMakeFiles/ika_msgs__rosidl_typesupport_introspection_c.dir/rosidl_typesupport_introspection_c/ika_msgs/msg/detail/mission_state__type_support.c.o\x1b[0m\n'}
[2.262398] (ika_msgs) StdoutLine: {'line': b'[ 55%] \x1b[32mBuilding CXX object CMakeFiles/ika_msgs__rosidl_typesupport_introspection_cpp.dir/rosidl_typesupport_introspection_cpp/ika_msgs/srv/detail/set_laser__type_support.cpp.o\x1b[0m\n'}
[2.264193] (ika_msgs) StdoutLine: {'line': b'[ 57%] \x1b[32mBuilding CXX object CMakeFiles/ika_msgs__rosidl_typesupport_introspection_cpp.dir/rosidl_typesupport_introspection_cpp/ika_msgs/action/detail/aim_and_fire__type_support.cpp.o\x1b[0m\n'}
[2.265198] (ika_msgs) StdoutLine: {'line': b'[ 58%] \x1b[32mBuilding C object CMakeFiles/ika_msgs__rosidl_typesupport_introspection_c.dir/rosidl_typesupport_introspection_c/ika_msgs/srv/detail/emergency_stop__type_support.c.o\x1b[0m\n'}
[2.269114] (ika_msgs) StdoutLine: {'line': b'[ 58%] Built target ika_msgs__rosidl_typesupport_c\n'}
[2.276287] (ika_msgs) StdoutLine: {'line': b'[ 60%] \x1b[32mBuilding C object CMakeFiles/ika_msgs__rosidl_typesupport_introspection_c.dir/rosidl_typesupport_introspection_c/ika_msgs/srv/detail/set_laser__type_support.c.o\x1b[0m\n'}
[2.279050] (ika_msgs) StdoutLine: {'line': b'[ 61%] \x1b[32mBuilding C object CMakeFiles/ika_msgs__rosidl_typesupport_introspection_c.dir/rosidl_typesupport_introspection_c/ika_msgs/action/detail/aim_and_fire__type_support.c.o\x1b[0m\n'}
[2.281605] (ika_msgs) StdoutLine: {'line': b'[ 63%] \x1b[32mBuilding CXX object CMakeFiles/ika_msgs__rosidl_typesupport_fastrtps_c.dir/rosidl_typesupport_fastrtps_c/ika_msgs/msg/detail/environment_data__type_support_c.cpp.o\x1b[0m\n'}
[2.283127] (ika_msgs) StdoutLine: {'line': b'[ 65%] \x1b[32mBuilding CXX object CMakeFiles/ika_msgs__rosidl_typesupport_fastrtps_cpp.dir/rosidl_typesupport_fastrtps_cpp/ika_msgs/action/detail/dds_fastrtps/aim_and_fire__type_support.cpp.o\x1b[0m\n'}
[2.300284] (ika_msgs) StdoutLine: {'line': b'[ 66%] \x1b[32m\x1b[1mLinking CXX shared library libika_msgs__rosidl_typesupport_cpp.so\x1b[0m\n'}
[2.302926] (-) TimerEvent: {}
[2.308572] (ika_msgs) StdoutLine: {'line': b'[ 68%] \x1b[32mBuilding CXX object CMakeFiles/ika_msgs__rosidl_typesupport_fastrtps_c.dir/rosidl_typesupport_fastrtps_c/ika_msgs/msg/detail/mission_state__type_support_c.cpp.o\x1b[0m\n'}
[2.309016] (ika_msgs) StdoutLine: {'line': b'[ 69%] \x1b[32mBuilding CXX object CMakeFiles/ika_msgs__rosidl_typesupport_fastrtps_c.dir/rosidl_typesupport_fastrtps_c/ika_msgs/srv/detail/emergency_stop__type_support_c.cpp.o\x1b[0m\n'}
[2.320640] (ika_msgs) StdoutLine: {'line': b'[ 71%] \x1b[32m\x1b[1mLinking C shared library libika_msgs__rosidl_typesupport_introspection_c.so\x1b[0m\n'}
[2.366714] (ika_msgs) StdoutLine: {'line': b'[ 71%] Built target ika_msgs__rosidl_typesupport_cpp\n'}
[2.369773] (ika_msgs) StdoutLine: {'line': b'[ 73%] \x1b[32mBuilding CXX object CMakeFiles/ika_msgs__rosidl_typesupport_fastrtps_c.dir/rosidl_typesupport_fastrtps_c/ika_msgs/srv/detail/set_laser__type_support_c.cpp.o\x1b[0m\n'}
[2.374381] (ika_msgs) StdoutLine: {'line': b'[ 74%] \x1b[32mBuilding CXX object CMakeFiles/ika_msgs__rosidl_typesupport_fastrtps_c.dir/rosidl_typesupport_fastrtps_c/ika_msgs/action/detail/aim_and_fire__type_support_c.cpp.o\x1b[0m\n'}
[2.380100] (ika_msgs) StdoutLine: {'line': b'[ 74%] Built target ika_msgs__rosidl_typesupport_introspection_c\n'}
[2.403038] (-) TimerEvent: {}
[2.503379] (-) TimerEvent: {}
[2.603678] (-) TimerEvent: {}
[2.670909] (ika_msgs) StdoutLine: {'line': b'[ 77%] \x1b[32m\x1b[1mLinking CXX shared library libika_msgs__rosidl_typesupport_fastrtps_c.so\x1b[0m\n'}
[2.671060] (ika_msgs) StdoutLine: {'line': b'[ 77%] \x1b[32m\x1b[1mLinking CXX shared library libika_msgs__rosidl_typesupport_introspection_cpp.so\x1b[0m\n'}
[2.695707] (ika_msgs) StdoutLine: {'line': b'[ 79%] \x1b[32m\x1b[1mLinking CXX shared library libika_msgs__rosidl_typesupport_fastrtps_cpp.so\x1b[0m\n'}
[2.703778] (-) TimerEvent: {}
[2.717251] (ika_msgs) StdoutLine: {'line': b'[ 79%] Built target ika_msgs__rosidl_typesupport_fastrtps_c\n'}
[2.717430] (ika_msgs) StdoutLine: {'line': b'[ 79%] Built target ika_msgs__rosidl_typesupport_introspection_cpp\n'}
[2.744650] (ika_msgs) StdoutLine: {'line': b'[ 79%] Built target ika_msgs__rosidl_typesupport_fastrtps_cpp\n'}
[2.756959] (ika_msgs) StdoutLine: {'line': b'[ 79%] Built target ika_msgs\n'}
[2.769689] (ika_msgs) StdoutLine: {'line': b'[ 80%] \x1b[34m\x1b[1mGenerating Python code for ROS interfaces\x1b[0m\n'}
[2.803853] (-) TimerEvent: {}
[2.904035] (-) TimerEvent: {}
[3.004404] (-) TimerEvent: {}
[3.104617] (-) TimerEvent: {}
[3.204997] (-) TimerEvent: {}
[3.305207] (-) TimerEvent: {}
[3.402536] (ika_msgs) StdoutLine: {'line': b'[ 80%] Built target ika_msgs__py\n'}
[3.405278] (-) TimerEvent: {}
[3.414369] (ika_msgs) StdoutLine: {'line': b'[ 84%] \x1b[32mBuilding C object CMakeFiles/ika_msgs__rosidl_generator_py.dir/rosidl_generator_py/ika_msgs/msg/_mission_state_s.c.o\x1b[0m\n'}
[3.414494] (ika_msgs) StdoutLine: {'line': b'[ 84%] \x1b[32mBuilding C object CMakeFiles/ika_msgs__rosidl_generator_py.dir/rosidl_generator_py/ika_msgs/msg/_environment_data_s.c.o\x1b[0m\n'}
[3.414552] (ika_msgs) StdoutLine: {'line': b'[ 85%] \x1b[32mBuilding C object CMakeFiles/ika_msgs__rosidl_generator_py.dir/rosidl_generator_py/ika_msgs/srv/_emergency_stop_s.c.o\x1b[0m\n'}
[3.414825] (ika_msgs) StdoutLine: {'line': b'[ 87%] \x1b[32mBuilding C object CMakeFiles/ika_msgs__rosidl_generator_py.dir/rosidl_generator_py/ika_msgs/srv/_set_laser_s.c.o\x1b[0m\n'}
[3.414904] (ika_msgs) StdoutLine: {'line': b'[ 88%] \x1b[32mBuilding C object CMakeFiles/ika_msgs__rosidl_generator_py.dir/rosidl_generator_py/ika_msgs/action/_aim_and_fire_s.c.o\x1b[0m\n'}
[3.505391] (-) TimerEvent: {}
[3.535850] (ika_msgs) StdoutLine: {'line': b'[ 90%] \x1b[32m\x1b[1mLinking C shared library rosidl_generator_py/ika_msgs/libika_msgs__rosidl_generator_py.so\x1b[0m\n'}
[3.563668] (ika_msgs) StdoutLine: {'line': b'[ 90%] Built target ika_msgs__rosidl_generator_py\n'}
[3.575214] (ika_msgs) StdoutLine: {'line': b'[ 92%] \x1b[32mBuilding C object CMakeFiles/ika_msgs__rosidl_typesupport_fastrtps_c__pyext.dir/rosidl_generator_py/ika_msgs/_ika_msgs_s.ep.rosidl_typesupport_fastrtps_c.c.o\x1b[0m\n'}
[3.575994] (ika_msgs) StdoutLine: {'line': b'[ 93%] \x1b[32mBuilding C object CMakeFiles/ika_msgs__rosidl_typesupport_introspection_c__pyext.dir/rosidl_generator_py/ika_msgs/_ika_msgs_s.ep.rosidl_typesupport_introspection_c.c.o\x1b[0m\n'}
[3.576127] (ika_msgs) StdoutLine: {'line': b'[ 95%] \x1b[32mBuilding C object CMakeFiles/ika_msgs__rosidl_typesupport_c__pyext.dir/rosidl_generator_py/ika_msgs/_ika_msgs_s.ep.rosidl_typesupport_c.c.o\x1b[0m\n'}
[3.605483] (-) TimerEvent: {}
[3.657834] (ika_msgs) StdoutLine: {'line': b'[100%] \x1b[32m\x1b[1mLinking C shared library rosidl_generator_py/ika_msgs/ika_msgs_s__rosidl_typesupport_c.cpython-310-x86_64-linux-gnu.so\x1b[0m\n'}
[3.657985] (ika_msgs) StdoutLine: {'line': b'[100%] \x1b[32m\x1b[1mLinking C shared library rosidl_generator_py/ika_msgs/ika_msgs_s__rosidl_typesupport_fastrtps_c.cpython-310-x86_64-linux-gnu.so\x1b[0m\n'}
[3.658033] (ika_msgs) StdoutLine: {'line': b'[100%] \x1b[32m\x1b[1mLinking C shared library rosidl_generator_py/ika_msgs/ika_msgs_s__rosidl_typesupport_introspection_c.cpython-310-x86_64-linux-gnu.so\x1b[0m\n'}
[3.684583] (ika_msgs) StdoutLine: {'line': b'[100%] Built target ika_msgs__rosidl_typesupport_introspection_c__pyext\n'}
[3.684735] (ika_msgs) StdoutLine: {'line': b'[100%] Built target ika_msgs__rosidl_typesupport_fastrtps_c__pyext\n'}
[3.684792] (ika_msgs) StdoutLine: {'line': b'[100%] Built target ika_msgs__rosidl_typesupport_c__pyext\n'}
[3.691833] (ika_msgs) CommandEnded: {'returncode': 0}
[3.692236] (ika_msgs) JobProgress: {'identifier': 'ika_msgs', 'progress': 'install'}
[3.697417] (ika_msgs) Command: {'cmd': ['/usr/bin/cmake', '--install', '/home/sukru/ika_teknofest_aventra_ws/build/ika_msgs'], 'cwd': '/home/sukru/ika_teknofest_aventra_ws/build/ika_msgs', 'env': OrderedDict([('LESSOPEN', '| /usr/bin/lesspipe %s'), ('USER', 'sukru'), ('XDG_SESSION_TYPE', 'x11'), ('SHLVL', '1'), ('LD_LIBRARY_PATH', '/usr/lib/x86_64-linux-gnu/gazebo-11/plugins:/opt/ros/humble/opt/rviz_ogre_vendor/lib:/opt/ros/humble/lib/x86_64-linux-gnu:/opt/ros/humble/lib'), ('HOME', '/home/sukru'), ('DESKTOP_SESSION', 'ubuntu'), ('ROS_PYTHON_VERSION', '3'), ('GNOME_SHELL_SESSION_MODE', 'ubuntu'), ('GTK_MODULES', 'gail:atk-bridge'), ('DBUS_STARTER_BUS_TYPE', 'session'), ('SYSTEMD_EXEC_PID', '1553'), ('DBUS_SESSION_BUS_ADDRESS', 'unix:path=/run/user/1000/bus,guid=412076c97c0e1b9ba7b0c35d6a115ab3'), ('COLORTERM', 'truecolor'), ('COLCON_PREFIX_PATH', '/home/sukru/ika_teknofest_aventra_ws/install:/home/sukru/ai_autonomi_ws/install:/home/sukru/Desktop/otonom_atis/install:/home/sukru/dev_ws/install:/home/sukru/ros_ws_vacuum_bot/install:/home/sukru/ros_ws_demo/install'), ('ROS_DISTRO', 'humble'), ('GTK_IM_MODULE', 'ibus'), ('LOGNAME', 'sukru'), ('_', '/usr/bin/colcon'), ('ROS_VERSION', '2'), ('XDG_SESSION_CLASS', 'user'), ('USERNAME', 'sukru'), ('TERM', 'xterm-256color'), ('GNOME_DESKTOP_SESSION_ID', 'this-is-deprecated'), ('ROS_LOCALHOST_ONLY', '0'), ('WINDOWPATH', '2'), ('PATH', '/usr/local/MATLAB/R2025b/bin:/usr/local/MATLAB/R2025b/bin:/opt/ros/humble/bin:/home/sukru/.local/bin:/usr/local/sbin:/usr/local/bin:/usr/sbin:/usr/bin:/sbin:/bin:/usr/games:/usr/local/games:/snap/bin:/snap/bin'), ('SESSION_MANAGER', 'local/msi:@/tmp/.ICE-unix/1553,unix/msi:/tmp/.ICE-unix/1553'), ('XDG_MENU_PREFIX', 'gnome-'), ('GNOME_TERMINAL_SCREEN', '/org/gnome/Terminal/screen/870060c4_645d_493b_92be_83f2511a7580'), ('XDG_RUNTIME_DIR', '/run/user/1000'), ('DISPLAY', ':0'), ('LANG', 'en_US.UTF-8'), ('XDG_CURRENT_DESKTOP', 'ubuntu:GNOME'), ('XMODIFIERS', '@im=ibus'), ('XDG_SESSION_DESKTOP', 'ubuntu'), ('XAUTHORITY', '/run/user/1000/gdm/Xauthority'), ('LS_COLORS', 'rs=0:di=01;34:ln=01;36:mh=00:pi=40;33:so=01;35:do=01;35:bd=40;33;01:cd=40;33;01:or=40;31;01:mi=00:su=37;41:sg=30;43:ca=30;41:tw=30;42:ow=34;42:st=37;44:ex=01;32:*.tar=01;31:*.tgz=01;31:*.arc=01;31:*.arj=01;31:*.taz=01;31:*.lha=01;31:*.lz4=01;31:*.lzh=01;31:*.lzma=01;31:*.tlz=01;31:*.txz=01;31:*.tzo=01;31:*.t7z=01;31:*.zip=01;31:*.z=01;31:*.dz=01;31:*.gz=01;31:*.lrz=01;31:*.lz=01;31:*.lzo=01;31:*.xz=01;31:*.zst=01;31:*.tzst=01;31:*.bz2=01;31:*.bz=01;31:*.tbz=01;31:*.tbz2=01;31:*.tz=01;31:*.deb=01;31:*.rpm=01;31:*.jar=01;31:*.war=01;31:*.ear=01;31:*.sar=01;31:*.rar=01;31:*.alz=01;31:*.ace=01;31:*.zoo=01;31:*.cpio=01;31:*.7z=01;31:*.rz=01;31:*.cab=01;31:*.wim=01;31:*.swm=01;31:*.dwm=01;31:*.esd=01;31:*.jpg=01;35:*.jpeg=01;35:*.mjpg=01;35:*.mjpeg=01;35:*.gif=01;35:*.bmp=01;35:*.pbm=01;35:*.pgm=01;35:*.ppm=01;35:*.tga=01;35:*.xbm=01;35:*.xpm=01;35:*.tif=01;35:*.tiff=01;35:*.png=01;35:*.svg=01;35:*.svgz=01;35:*.mng=01;35:*.pcx=01;35:*.mov=01;35:*.mpg=01;35:*.mpeg=01;35:*.m2v=01;35:*.mkv=01;35:*.webm=01;35:*.webp=01;35:*.ogm=01;35:*.mp4=01;35:*.m4v=01;35:*.mp4v=01;35:*.vob=01;35:*.qt=01;35:*.nuv=01;35:*.wmv=01;35:*.asf=01;35:*.rm=01;35:*.rmvb=01;35:*.flc=01;35:*.avi=01;35:*.fli=01;35:*.flv=01;35:*.gl=01;35:*.dl=01;35:*.xcf=01;35:*.xwd=01;35:*.yuv=01;35:*.cgm=01;35:*.emf=01;35:*.ogv=01;35:*.ogx=01;35:*.aac=00;36:*.au=00;36:*.flac=00;36:*.m4a=00;36:*.mid=00;36:*.midi=00;36:*.mka=00;36:*.mp3=00;36:*.mpc=00;36:*.ogg=00;36:*.ra=00;36:*.wav=00;36:*.oga=00;36:*.opus=00;36:*.spx=00;36:*.xspf=00;36:'), ('GNOME_TERMINAL_SERVICE', ':1.282'), ('SSH_AGENT_LAUNCHER', 'gnome-keyring'), ('SSH_AUTH_SOCK', '/run/user/1000/keyring/ssh'), ('AMENT_PREFIX_PATH', '/home/sukru/ika_teknofest_aventra_ws/install/ika_sensors:/home/sukru/ika_teknofest_aventra_ws/install/ika_msgs:/home/sukru/ai_autonomi_ws/install/ika_autonomi:/home/sukru/Desktop/otonom_atis/install/python_pkg:/home/sukru/dev_ws/install/my_package:/home/sukru/dev_ws/install/my_bot:/home/sukru/ros_ws_vacuum_bot/install/vacuum_teleop:/home/sukru/ros_ws_vacuum_bot/install/vacuum_sensors:/home/sukru/ros_ws_vacuum_bot/install/vacuum_navigation:/home/sukru/ros_ws_vacuum_bot/install/vacuum_msgs:/home/sukru/ros_ws_vacuum_bot/install/vacuum_mapping:/home/sukru/ros_ws_vacuum_bot/install/vacuum_description:/home/sukru/ros_ws_vacuum_bot/install/vacuum_control:/home/sukru/ros_ws_vacuum_bot/install/vacuum_bringup:/home/sukru/ros_ws_demo/install/python_pkg:/opt/ros/humble'), ('SHELL', '/bin/bash'), ('QT_ACCESSIBILITY', '1'), ('GDMSESSION', 'ubuntu'), ('LESSCLOSE', '/usr/bin/lesspipe %s %s'), ('GPG_AGENT_INFO', '/run/user/1000/gnupg/S.gpg-agent:0:1'), ('QT_IM_MODULE', 'ibus'), ('PWD', '/home/sukru/ika_teknofest_aventra_ws/build/ika_msgs'), ('LC_ALL', 'en_US.UTF-8'), ('XDG_CONFIG_DIRS', '/etc/xdg/xdg-ubuntu:/etc/xdg'), ('DBUS_STARTER_ADDRESS', 'unix:path=/run/user/1000/bus,guid=412076c97c0e1b9ba7b0c35d6a115ab3'), ('XDG_DATA_DIRS', '/usr/share/ubuntu:/usr/share/gnome:/usr/local/share/:/usr/share/:/var/lib/snapd/desktop'), ('PYTHONPATH', '/home/sukru/ika_teknofest_aventra_ws/install/ika_sensors/lib/python3.10/site-packages:/home/sukru/ai_autonomi_ws/install/ika_autonomi/lib/python3.10/site-packages:/home/sukru/Desktop/otonom_atis/build/python_pkg:/home/sukru/Desktop/otonom_atis/install/python_pkg/lib/python3.10/site-packages:/home/sukru/ros_ws_vacuum_bot/install/vacuum_teleop/lib/python3.10/site-packages:/home/sukru/ros_ws_vacuum_bot/install/vacuum_sensors/lib/python3.10/site-packages:/home/sukru/ros_ws_vacuum_bot/install/vacuum_navigation/lib/python3.10/site-packages:/home/sukru/ros_ws_vacuum_bot/install/vacuum_msgs/lib/python3.10/site-packages:/home/sukru/ros_ws_vacuum_bot/install/vacuum_mapping/lib/python3.10/site-packages:/home/sukru/ros_ws_vacuum_bot/install/vacuum_description/lib/python3.10/site-packages:/home/sukru/ros_ws_vacuum_bot/install/vacuum_control/lib/python3.10/site-packages:/home/sukru/ros_ws_vacuum_bot/install/vacuum_bringup/lib/python3.10/site-packages:/home/sukru/ros_ws_demo/install/python_pkg/lib/python3.10/site-packages:/opt/ros/humble/lib/python3.10/site-packages:/opt/ros/humble/local/lib/python3.10/dist-packages'), ('COLCON', '1'), ('VTE_VERSION', '6800'), ('CMAKE_PREFIX_PATH', '/home/sukru/ika_teknofest_aventra_ws/install/ika_msgs:/home/sukru/dev_ws/install/my_package:/home/sukru/dev_ws/install/my_bot:/home/sukru/ika_teknofest_aventra_ws/install/ika_sensors:/home/sukru/ai_autonomi_ws/install/ika_autonomi:/home/sukru/Desktop/otonom_atis/install/python_pkg:/home/sukru/ros_ws_vacuum_bot/install/vacuum_teleop:/home/sukru/ros_ws_vacuum_bot/install/vacuum_sensors:/home/sukru/ros_ws_vacuum_bot/install/vacuum_navigation:/home/sukru/ros_ws_vacuum_bot/install/vacuum_msgs:/home/sukru/ros_ws_vacuum_bot/install/vacuum_mapping:/home/sukru/ros_ws_vacuum_bot/install/vacuum_description:/home/sukru/ros_ws_vacuum_bot/install/vacuum_control:/home/sukru/ros_ws_vacuum_bot/install/vacuum_bringup:/home/sukru/ros_ws_demo/install/python_pkg:/opt/ros/humble')]), 'shell': False}
[3.701954] (ika_msgs) StdoutLine: {'line': b'-- Install configuration: ""\n'}
[3.702069] (ika_msgs) StdoutLine: {'line': b'-- Installing: /home/sukru/ika_teknofest_aventra_ws/install/ika_msgs/share/ament_index/resource_index/rosidl_interfaces/ika_msgs\n'}
[3.702173] (ika_msgs) StdoutLine: {'line': b'-- Installing: /home/sukru/ika_teknofest_aventra_ws/install/ika_msgs/include/ika_msgs/ika_msgs\n'}
[3.702236] (ika_msgs) StdoutLine: {'line': b'-- Installing: /home/sukru/ika_teknofest_aventra_ws/install/ika_msgs/include/ika_msgs/ika_msgs/srv\n'}
[3.702293] (ika_msgs) StdoutLine: {'line': b'-- Installing: /home/sukru/ika_teknofest_aventra_ws/install/ika_msgs/include/ika_msgs/ika_msgs/srv/set_laser.h\n'}
[3.702356] (ika_msgs) StdoutLine: {'line': b'-- Installing: /home/sukru/ika_teknofest_aventra_ws/install/ika_msgs/include/ika_msgs/ika_msgs/srv/detail\n'}
[3.702409] (ika_msgs) StdoutLine: {'line': b'-- Installing: /home/sukru/ika_teknofest_aventra_ws/install/ika_msgs/include/ika_msgs/ika_msgs/srv/detail/emergency_stop__functions.h\n'}
[3.702502] (ika_msgs) StdoutLine: {'line': b'-- Installing: /home/sukru/ika_teknofest_aventra_ws/install/ika_msgs/include/ika_msgs/ika_msgs/srv/detail/set_laser__struct.h\n'}
[3.702586] (ika_msgs) StdoutLine: {'line': b'-- Installing: /home/sukru/ika_teknofest_aventra_ws/install/ika_msgs/include/ika_msgs/ika_msgs/srv/detail/emergency_stop__struct.h\n'}
[3.702657] (ika_msgs) StdoutLine: {'line': b'-- Installing: /home/sukru/ika_teknofest_aventra_ws/install/ika_msgs/include/ika_msgs/ika_msgs/srv/detail/set_laser__functions.h\n'}
[3.702738] (ika_msgs) StdoutLine: {'line': b'-- Installing: /home/sukru/ika_teknofest_aventra_ws/install/ika_msgs/include/ika_msgs/ika_msgs/srv/detail/emergency_stop__type_support.h\n'}
[3.702813] (ika_msgs) StdoutLine: {'line': b'-- Installing: /home/sukru/ika_teknofest_aventra_ws/install/ika_msgs/include/ika_msgs/ika_msgs/srv/detail/emergency_stop__functions.c\n'}
[3.702930] (ika_msgs) StdoutLine: {'line': b'-- Installing: /home/sukru/ika_teknofest_aventra_ws/install/ika_msgs/include/ika_msgs/ika_msgs/srv/detail/set_laser__functions.c\n'}
[3.703163] (ika_msgs) StdoutLine: {'line': b'-- Installing: /home/sukru/ika_teknofest_aventra_ws/install/ika_msgs/include/ika_msgs/ika_msgs/srv/detail/set_laser__type_support.h\n'}
[3.703237] (ika_msgs) StdoutLine: {'line': b'-- Installing: /home/sukru/ika_teknofest_aventra_ws/install/ika_msgs/include/ika_msgs/ika_msgs/srv/emergency_stop.h\n'}
[3.703304] (ika_msgs) StdoutLine: {'line': b'-- Installing: /home/sukru/ika_teknofest_aventra_ws/install/ika_msgs/include/ika_msgs/ika_msgs/msg\n'}
[3.703357] (ika_msgs) StdoutLine: {'line': b'-- Installing: /home/sukru/ika_teknofest_aventra_ws/install/ika_msgs/include/ika_msgs/ika_msgs/msg/rosidl_generator_c__visibility_control.h\n'}
[3.703429] (ika_msgs) StdoutLine: {'line': b'-- Installing: /home/sukru/ika_teknofest_aventra_ws/install/ika_msgs/include/ika_msgs/ika_msgs/msg/environment_data.h\n'}
[3.703498] (ika_msgs) StdoutLine: {'line': b'-- Installing: /home/sukru/ika_teknofest_aventra_ws/install/ika_msgs/include/ika_msgs/ika_msgs/msg/detail\n'}
[3.703550] (ika_msgs) StdoutLine: {'line': b'-- Installing: /home/sukru/ika_teknofest_aventra_ws/install/ika_msgs/include/ika_msgs/ika_msgs/msg/detail/environment_data__type_support.h\n'}
[3.703626] (ika_msgs) StdoutLine: {'line': b'-- Installing: /home/sukru/ika_teknofest_aventra_ws/install/ika_msgs/include/ika_msgs/ika_msgs/msg/detail/mission_state__struct.h\n'}
[3.703700] (ika_msgs) StdoutLine: {'line': b'-- Installing: /home/sukru/ika_teknofest_aventra_ws/install/ika_msgs/include/ika_msgs/ika_msgs/msg/detail/mission_state__type_support.h\n'}
[3.703777] (ika_msgs) StdoutLine: {'line': b'-- Installing: /home/sukru/ika_teknofest_aventra_ws/install/ika_msgs/include/ika_msgs/ika_msgs/msg/detail/mission_state__functions.c\n'}
[3.703863] (ika_msgs) StdoutLine: {'line': b'-- Installing: /home/sukru/ika_teknofest_aventra_ws/install/ika_msgs/include/ika_msgs/ika_msgs/msg/detail/environment_data__functions.h\n'}
[3.703939] (ika_msgs) StdoutLine: {'line': b'-- Installing: /home/sukru/ika_teknofest_aventra_ws/install/ika_msgs/include/ika_msgs/ika_msgs/msg/detail/environment_data__struct.h\n'}
[3.704011] (ika_msgs) StdoutLine: {'line': b'-- Installing: /home/sukru/ika_teknofest_aventra_ws/install/ika_msgs/include/ika_msgs/ika_msgs/msg/detail/environment_data__functions.c\n'}
[3.704091] (ika_msgs) StdoutLine: {'line': b'-- Installing: /home/sukru/ika_teknofest_aventra_ws/install/ika_msgs/include/ika_msgs/ika_msgs/msg/detail/mission_state__functions.h\n'}
[3.704166] (ika_msgs) StdoutLine: {'line': b'-- Installing: /home/sukru/ika_teknofest_aventra_ws/install/ika_msgs/include/ika_msgs/ika_msgs/msg/mission_state.h\n'}
[3.704234] (ika_msgs) StdoutLine: {'line': b'-- Installing: /home/sukru/ika_teknofest_aventra_ws/install/ika_msgs/include/ika_msgs/ika_msgs/action\n'}
[3.704284] (ika_msgs) StdoutLine: {'line': b'-- Installing: /home/sukru/ika_teknofest_aventra_ws/install/ika_msgs/include/ika_msgs/ika_msgs/action/aim_and_fire.h\n'}
[3.704353] (ika_msgs) StdoutLine: {'line': b'-- Installing: /home/sukru/ika_teknofest_aventra_ws/install/ika_msgs/include/ika_msgs/ika_msgs/action/detail\n'}
[3.704403] (ika_msgs) StdoutLine: {'line': b'-- Installing: /home/sukru/ika_teknofest_aventra_ws/install/ika_msgs/include/ika_msgs/ika_msgs/action/detail/aim_and_fire__functions.h\n'}
[3.704521] (ika_msgs) StdoutLine: {'line': b'-- Installing: /home/sukru/ika_teknofest_aventra_ws/install/ika_msgs/include/ika_msgs/ika_msgs/action/detail/aim_and_fire__functions.c\n'}
[3.704659] (ika_msgs) StdoutLine: {'line': b'-- Installing: /home/sukru/ika_teknofest_aventra_ws/install/ika_msgs/include/ika_msgs/ika_msgs/action/detail/aim_and_fire__type_support.h\n'}
[3.704735] (ika_msgs) StdoutLine: {'line': b'-- Installing: /home/sukru/ika_teknofest_aventra_ws/install/ika_msgs/include/ika_msgs/ika_msgs/action/detail/aim_and_fire__struct.h\n'}
[3.704875] (ika_msgs) StdoutLine: {'line': b'-- Installing: /home/sukru/ika_teknofest_aventra_ws/install/ika_msgs/share/ika_msgs/environment/library_path.sh\n'}
[3.705020] (ika_msgs) StdoutLine: {'line': b'-- Installing: /home/sukru/ika_teknofest_aventra_ws/install/ika_msgs/share/ika_msgs/environment/library_path.dsv\n'}
[3.705142] (ika_msgs) StdoutLine: {'line': b'-- Installing: /home/sukru/ika_teknofest_aventra_ws/install/ika_msgs/lib/libika_msgs__rosidl_generator_c.so\n'}
[3.705478] (ika_msgs) StdoutLine: {'line': b'-- Set runtime path of "/home/sukru/ika_teknofest_aventra_ws/install/ika_msgs/lib/libika_msgs__rosidl_generator_c.so" to ""\n'}
[3.705515] (-) TimerEvent: {}
[3.705576] (ika_msgs) StdoutLine: {'line': b'-- Up-to-date: /home/sukru/ika_teknofest_aventra_ws/install/ika_msgs/include/ika_msgs/ika_msgs\n'}
[3.705616] (ika_msgs) StdoutLine: {'line': b'-- Up-to-date: /home/sukru/ika_teknofest_aventra_ws/install/ika_msgs/include/ika_msgs/ika_msgs/srv\n'}
[3.705643] (ika_msgs) StdoutLine: {'line': b'-- Up-to-date: /home/sukru/ika_teknofest_aventra_ws/install/ika_msgs/include/ika_msgs/ika_msgs/srv/detail\n'}
[3.705672] (ika_msgs) StdoutLine: {'line': b'-- Installing: /home/sukru/ika_teknofest_aventra_ws/install/ika_msgs/include/ika_msgs/ika_msgs/srv/detail/emergency_stop__rosidl_typesupport_fastrtps_c.h\n'}
[3.705717] (ika_msgs) StdoutLine: {'line': b'-- Installing: /home/sukru/ika_teknofest_aventra_ws/install/ika_msgs/include/ika_msgs/ika_msgs/srv/detail/set_laser__rosidl_typesupport_fastrtps_c.h\n'}
[3.705760] (ika_msgs) StdoutLine: {'line': b'-- Up-to-date: /home/sukru/ika_teknofest_aventra_ws/install/ika_msgs/include/ika_msgs/ika_msgs/msg\n'}
[3.705805] (ika_msgs) StdoutLine: {'line': b'-- Installing: /home/sukru/ika_teknofest_aventra_ws/install/ika_msgs/include/ika_msgs/ika_msgs/msg/rosidl_typesupport_fastrtps_c__visibility_control.h\n'}
[3.705844] (ika_msgs) StdoutLine: {'line': b'-- Up-to-date: /home/sukru/ika_teknofest_aventra_ws/install/ika_msgs/include/ika_msgs/ika_msgs/msg/detail\n'}
[3.705882] (ika_msgs) StdoutLine: {'line': b'-- Installing: /home/sukru/ika_teknofest_aventra_ws/install/ika_msgs/include/ika_msgs/ika_msgs/msg/detail/mission_state__rosidl_typesupport_fastrtps_c.h\n'}
[3.705938] (ika_msgs) StdoutLine: {'line': b'-- Installing: /home/sukru/ika_teknofest_aventra_ws/install/ika_msgs/include/ika_msgs/ika_msgs/msg/detail/environment_data__rosidl_typesupport_fastrtps_c.h\n'}
[3.706007] (ika_msgs) StdoutLine: {'line': b'-- Up-to-date: /home/sukru/ika_teknofest_aventra_ws/install/ika_msgs/include/ika_msgs/ika_msgs/action\n'}
[3.706045] (ika_msgs) StdoutLine: {'line': b'-- Up-to-date: /home/sukru/ika_teknofest_aventra_ws/install/ika_msgs/include/ika_msgs/ika_msgs/action/detail\n'}
[3.706090] (ika_msgs) StdoutLine: {'line': b'-- Installing: /home/sukru/ika_teknofest_aventra_ws/install/ika_msgs/include/ika_msgs/ika_msgs/action/detail/aim_and_fire__rosidl_typesupport_fastrtps_c.h\n'}
[3.706162] (ika_msgs) StdoutLine: {'line': b'-- Installing: /home/sukru/ika_teknofest_aventra_ws/install/ika_msgs/lib/libika_msgs__rosidl_typesupport_fastrtps_c.so\n'}
[3.706485] (ika_msgs) StdoutLine: {'line': b'-- Set runtime path of "/home/sukru/ika_teknofest_aventra_ws/install/ika_msgs/lib/libika_msgs__rosidl_typesupport_fastrtps_c.so" to ""\n'}
[3.706536] (ika_msgs) StdoutLine: {'line': b'-- Up-to-date: /home/sukru/ika_teknofest_aventra_ws/install/ika_msgs/include/ika_msgs/ika_msgs\n'}
[3.706585] (ika_msgs) StdoutLine: {'line': b'-- Up-to-date: /home/sukru/ika_teknofest_aventra_ws/install/ika_msgs/include/ika_msgs/ika_msgs/srv\n'}
[3.706631] (ika_msgs) StdoutLine: {'line': b'-- Installing: /home/sukru/ika_teknofest_aventra_ws/install/ika_msgs/include/ika_msgs/ika_msgs/srv/set_laser.hpp\n'}
[3.706751] (ika_msgs) StdoutLine: {'line': b'-- Installing: /home/sukru/ika_teknofest_aventra_ws/install/ika_msgs/include/ika_msgs/ika_msgs/srv/emergency_stop.hpp\n'}
[3.706819] (ika_msgs) StdoutLine: {'line': b'-- Up-to-date: /home/sukru/ika_teknofest_aventra_ws/install/ika_msgs/include/ika_msgs/ika_msgs/srv/detail\n'}
[3.706864] (ika_msgs) StdoutLine: {'line': b'-- Installing: /home/sukru/ika_teknofest_aventra_ws/install/ika_msgs/include/ika_msgs/ika_msgs/srv/detail/emergency_stop__struct.hpp\n'}
[3.706983] (ika_msgs) StdoutLine: {'line': b'-- Installing: /home/sukru/ika_teknofest_aventra_ws/install/ika_msgs/include/ika_msgs/ika_msgs/srv/detail/emergency_stop__type_support.hpp\n'}
[3.707066] (ika_msgs) StdoutLine: {'line': b'-- Installing: /home/sukru/ika_teknofest_aventra_ws/install/ika_msgs/include/ika_msgs/ika_msgs/srv/detail/emergency_stop__builder.hpp\n'}
[3.707140] (ika_msgs) StdoutLine: {'line': b'-- Installing: /home/sukru/ika_teknofest_aventra_ws/install/ika_msgs/include/ika_msgs/ika_msgs/srv/detail/set_laser__builder.hpp\n'}
[3.707213] (ika_msgs) StdoutLine: {'line': b'-- Installing: /home/sukru/ika_teknofest_aventra_ws/install/ika_msgs/include/ika_msgs/ika_msgs/srv/detail/set_laser__traits.hpp\n'}
[3.707291] (ika_msgs) StdoutLine: {'line': b'-- Installing: /home/sukru/ika_teknofest_aventra_ws/install/ika_msgs/include/ika_msgs/ika_msgs/srv/detail/emergency_stop__traits.hpp\n'}
[3.707368] (ika_msgs) StdoutLine: {'line': b'-- Installing: /home/sukru/ika_teknofest_aventra_ws/install/ika_msgs/include/ika_msgs/ika_msgs/srv/detail/set_laser__type_support.hpp\n'}
[3.707442] (ika_msgs) StdoutLine: {'line': b'-- Installing: /home/sukru/ika_teknofest_aventra_ws/install/ika_msgs/include/ika_msgs/ika_msgs/srv/detail/set_laser__struct.hpp\n'}
[3.707520] (ika_msgs) StdoutLine: {'line': b'-- Up-to-date: /home/sukru/ika_teknofest_aventra_ws/install/ika_msgs/include/ika_msgs/ika_msgs/msg\n'}
[3.707557] (ika_msgs) StdoutLine: {'line': b'-- Installing: /home/sukru/ika_teknofest_aventra_ws/install/ika_msgs/include/ika_msgs/ika_msgs/msg/mission_state.hpp\n'}
[3.707622] (ika_msgs) StdoutLine: {'line': b'-- Installing: /home/sukru/ika_teknofest_aventra_ws/install/ika_msgs/include/ika_msgs/ika_msgs/msg/environment_data.hpp\n'}
[3.707689] (ika_msgs) StdoutLine: {'line': b'-- Up-to-date: /home/sukru/ika_teknofest_aventra_ws/install/ika_msgs/include/ika_msgs/ika_msgs/msg/detail\n'}
[3.707725] (ika_msgs) StdoutLine: {'line': b'-- Installing: /home/sukru/ika_teknofest_aventra_ws/install/ika_msgs/include/ika_msgs/ika_msgs/msg/detail/environment_data__struct.hpp\n'}
[3.707796] (ika_msgs) StdoutLine: {'line': b'-- Installing: /home/sukru/ika_teknofest_aventra_ws/install/ika_msgs/include/ika_msgs/ika_msgs/msg/detail/mission_state__struct.hpp\n'}
[3.707877] (ika_msgs) StdoutLine: {'line': b'-- Installing: /home/sukru/ika_teknofest_aventra_ws/install/ika_msgs/include/ika_msgs/ika_msgs/msg/detail/mission_state__type_support.hpp\n'}
[3.707950] (ika_msgs) StdoutLine: {'line': b'-- Installing: /home/sukru/ika_teknofest_aventra_ws/install/ika_msgs/include/ika_msgs/ika_msgs/msg/detail/mission_state__builder.hpp\n'}
[3.708031] (ika_msgs) StdoutLine: {'line': b'-- Installing: /home/sukru/ika_teknofest_aventra_ws/install/ika_msgs/include/ika_msgs/ika_msgs/msg/detail/environment_data__traits.hpp\n'}
[3.708111] (ika_msgs) StdoutLine: {'line': b'-- Installing: /home/sukru/ika_teknofest_aventra_ws/install/ika_msgs/include/ika_msgs/ika_msgs/msg/detail/mission_state__traits.hpp\n'}
[3.708190] (ika_msgs) StdoutLine: {'line': b'-- Installing: /home/sukru/ika_teknofest_aventra_ws/install/ika_msgs/include/ika_msgs/ika_msgs/msg/detail/environment_data__builder.hpp\n'}
[3.708268] (ika_msgs) StdoutLine: {'line': b'-- Installing: /home/sukru/ika_teknofest_aventra_ws/install/ika_msgs/include/ika_msgs/ika_msgs/msg/detail/environment_data__type_support.hpp\n'}
[3.708342] (ika_msgs) StdoutLine: {'line': b'-- Installing: /home/sukru/ika_teknofest_aventra_ws/install/ika_msgs/include/ika_msgs/ika_msgs/msg/rosidl_generator_cpp__visibility_control.hpp\n'}
[3.708411] (ika_msgs) StdoutLine: {'line': b'-- Up-to-date: /home/sukru/ika_teknofest_aventra_ws/install/ika_msgs/include/ika_msgs/ika_msgs/action\n'}
[3.708441] (ika_msgs) StdoutLine: {'line': b'-- Installing: /home/sukru/ika_teknofest_aventra_ws/install/ika_msgs/include/ika_msgs/ika_msgs/action/aim_and_fire.hpp\n'}
[3.708505] (ika_msgs) StdoutLine: {'line': b'-- Up-to-date: /home/sukru/ika_teknofest_aventra_ws/install/ika_msgs/include/ika_msgs/ika_msgs/action/detail\n'}
[3.708536] (ika_msgs) StdoutLine: {'line': b'-- Installing: /home/sukru/ika_teknofest_aventra_ws/install/ika_msgs/include/ika_msgs/ika_msgs/action/detail/aim_and_fire__type_support.hpp\n'}
[3.708610] (ika_msgs) StdoutLine: {'line': b'-- Installing: /home/sukru/ika_teknofest_aventra_ws/install/ika_msgs/include/ika_msgs/ika_msgs/action/detail/aim_and_fire__traits.hpp\n'}
[3.708708] (ika_msgs) StdoutLine: {'line': b'-- Installing: /home/sukru/ika_teknofest_aventra_ws/install/ika_msgs/include/ika_msgs/ika_msgs/action/detail/aim_and_fire__struct.hpp\n'}
[3.708816] (ika_msgs) StdoutLine: {'line': b'-- Installing: /home/sukru/ika_teknofest_aventra_ws/install/ika_msgs/include/ika_msgs/ika_msgs/action/detail/aim_and_fire__builder.hpp\n'}
[3.708960] (ika_msgs) StdoutLine: {'line': b'-- Up-to-date: /home/sukru/ika_teknofest_aventra_ws/install/ika_msgs/include/ika_msgs/ika_msgs\n'}
[3.708996] (ika_msgs) StdoutLine: {'line': b'-- Up-to-date: /home/sukru/ika_teknofest_aventra_ws/install/ika_msgs/include/ika_msgs/ika_msgs/srv\n'}
[3.709034] (ika_msgs) StdoutLine: {'line': b'-- Up-to-date: /home/sukru/ika_teknofest_aventra_ws/install/ika_msgs/include/ika_msgs/ika_msgs/srv/detail\n'}
[3.709067] (ika_msgs) StdoutLine: {'line': b'-- Installing: /home/sukru/ika_teknofest_aventra_ws/install/ika_msgs/include/ika_msgs/ika_msgs/srv/detail/emergency_stop__rosidl_typesupport_fastrtps_cpp.hpp\n'}
[3.709132] (ika_msgs) StdoutLine: {'line': b'-- Installing: /home/sukru/ika_teknofest_aventra_ws/install/ika_msgs/include/ika_msgs/ika_msgs/srv/detail/dds_fastrtps\n'}
[3.709190] (ika_msgs) StdoutLine: {'line': b'-- Installing: /home/sukru/ika_teknofest_aventra_ws/install/ika_msgs/include/ika_msgs/ika_msgs/srv/detail/set_laser__rosidl_typesupport_fastrtps_cpp.hpp\n'}
[3.709267] (ika_msgs) StdoutLine: {'line': b'-- Up-to-date: /home/sukru/ika_teknofest_aventra_ws/install/ika_msgs/include/ika_msgs/ika_msgs/msg\n'}
[3.709299] (ika_msgs) StdoutLine: {'line': b'-- Up-to-date: /home/sukru/ika_teknofest_aventra_ws/install/ika_msgs/include/ika_msgs/ika_msgs/msg/detail\n'}
[3.709335] (ika_msgs) StdoutLine: {'line': b'-- Installing: /home/sukru/ika_teknofest_aventra_ws/install/ika_msgs/include/ika_msgs/ika_msgs/msg/detail/mission_state__rosidl_typesupport_fastrtps_cpp.hpp\n'}
[3.709388] (ika_msgs) StdoutLine: {'line': b'-- Installing: /home/sukru/ika_teknofest_aventra_ws/install/ika_msgs/include/ika_msgs/ika_msgs/msg/detail/dds_fastrtps\n'}
[3.709444] (ika_msgs) StdoutLine: {'line': b'-- Installing: /home/sukru/ika_teknofest_aventra_ws/install/ika_msgs/include/ika_msgs/ika_msgs/msg/detail/environment_data__rosidl_typesupport_fastrtps_cpp.hpp\n'}
[3.709522] (ika_msgs) StdoutLine: {'line': b'-- Installing: /home/sukru/ika_teknofest_aventra_ws/install/ika_msgs/include/ika_msgs/ika_msgs/msg/rosidl_typesupport_fastrtps_cpp__visibility_control.h\n'}
[3.709590] (ika_msgs) StdoutLine: {'line': b'-- Up-to-date: /home/sukru/ika_teknofest_aventra_ws/install/ika_msgs/include/ika_msgs/ika_msgs/action\n'}
[3.709621] (ika_msgs) StdoutLine: {'line': b'-- Up-to-date: /home/sukru/ika_teknofest_aventra_ws/install/ika_msgs/include/ika_msgs/ika_msgs/action/detail\n'}
[3.709652] (ika_msgs) StdoutLine: {'line': b'-- Installing: /home/sukru/ika_teknofest_aventra_ws/install/ika_msgs/include/ika_msgs/ika_msgs/action/detail/aim_and_fire__rosidl_typesupport_fastrtps_cpp.hpp\n'}
[3.709724] (ika_msgs) StdoutLine: {'line': b'-- Installing: /home/sukru/ika_teknofest_aventra_ws/install/ika_msgs/include/ika_msgs/ika_msgs/action/detail/dds_fastrtps\n'}
[3.709801] (ika_msgs) StdoutLine: {'line': b'-- Installing: /home/sukru/ika_teknofest_aventra_ws/install/ika_msgs/lib/libika_msgs__rosidl_typesupport_fastrtps_cpp.so\n'}
[3.710146] (ika_msgs) StdoutLine: {'line': b'-- Set runtime path of "/home/sukru/ika_teknofest_aventra_ws/install/ika_msgs/lib/libika_msgs__rosidl_typesupport_fastrtps_cpp.so" to ""\n'}
[3.710178] (ika_msgs) StdoutLine: {'line': b'-- Up-to-date: /home/sukru/ika_teknofest_aventra_ws/install/ika_msgs/include/ika_msgs/ika_msgs\n'}
[3.710214] (ika_msgs) StdoutLine: {'line': b'-- Up-to-date: /home/sukru/ika_teknofest_aventra_ws/install/ika_msgs/include/ika_msgs/ika_msgs/srv\n'}
[3.710252] (ika_msgs) StdoutLine: {'line': b'-- Up-to-date: /home/sukru/ika_teknofest_aventra_ws/install/ika_msgs/include/ika_msgs/ika_msgs/srv/detail\n'}
[3.710287] (ika_msgs) StdoutLine: {'line': b'-- Installing: /home/sukru/ika_teknofest_aventra_ws/install/ika_msgs/include/ika_msgs/ika_msgs/srv/detail/set_laser__type_support.c\n'}
[3.710342] (ika_msgs) StdoutLine: {'line': b'-- Installing: /home/sukru/ika_teknofest_aventra_ws/install/ika_msgs/include/ika_msgs/ika_msgs/srv/detail/set_laser__rosidl_typesupport_introspection_c.h\n'}
[3.710416] (ika_msgs) StdoutLine: {'line': b'-- Installing: /home/sukru/ika_teknofest_aventra_ws/install/ika_msgs/include/ika_msgs/ika_msgs/srv/detail/emergency_stop__rosidl_typesupport_introspection_c.h\n'}
[3.710490] (ika_msgs) StdoutLine: {'line': b'-- Installing: /home/sukru/ika_teknofest_aventra_ws/install/ika_msgs/include/ika_msgs/ika_msgs/srv/detail/emergency_stop__type_support.c\n'}
[3.710582] (ika_msgs) StdoutLine: {'line': b'-- Up-to-date: /home/sukru/ika_teknofest_aventra_ws/install/ika_msgs/include/ika_msgs/ika_msgs/msg\n'}
[3.710618] (ika_msgs) StdoutLine: {'line': b'-- Installing: /home/sukru/ika_teknofest_aventra_ws/install/ika_msgs/include/ika_msgs/ika_msgs/msg/rosidl_typesupport_introspection_c__visibility_control.h\n'}
[3.710678] (ika_msgs) StdoutLine: {'line': b'-- Up-to-date: /home/sukru/ika_teknofest_aventra_ws/install/ika_msgs/include/ika_msgs/ika_msgs/msg/detail\n'}
[3.710715] (ika_msgs) StdoutLine: {'line': b'-- Installing: /home/sukru/ika_teknofest_aventra_ws/install/ika_msgs/include/ika_msgs/ika_msgs/msg/detail/mission_state__rosidl_typesupport_introspection_c.h\n'}
[3.710782] (ika_msgs) StdoutLine: {'line': b'-- Installing: /home/sukru/ika_teknofest_aventra_ws/install/ika_msgs/include/ika_msgs/ika_msgs/msg/detail/environment_data__type_support.c\n'}
[3.710864] (ika_msgs) StdoutLine: {'line': b'-- Installing: /home/sukru/ika_teknofest_aventra_ws/install/ika_msgs/include/ika_msgs/ika_msgs/msg/detail/environment_data__rosidl_typesupport_introspection_c.h\n'}
[3.710990] (ika_msgs) StdoutLine: {'line': b'-- Installing: /home/sukru/ika_teknofest_aventra_ws/install/ika_msgs/include/ika_msgs/ika_msgs/msg/detail/mission_state__type_support.c\n'}
[3.711074] (ika_msgs) StdoutLine: {'line': b'-- Up-to-date: /home/sukru/ika_teknofest_aventra_ws/install/ika_msgs/include/ika_msgs/ika_msgs/action\n'}
[3.711112] (ika_msgs) StdoutLine: {'line': b'-- Up-to-date: /home/sukru/ika_teknofest_aventra_ws/install/ika_msgs/include/ika_msgs/ika_msgs/action/detail\n'}
[3.711150] (ika_msgs) StdoutLine: {'line': b'-- Installing: /home/sukru/ika_teknofest_aventra_ws/install/ika_msgs/include/ika_msgs/ika_msgs/action/detail/aim_and_fire__type_support.c\n'}
[3.711256] (ika_msgs) StdoutLine: {'line': b'-- Installing: /home/sukru/ika_teknofest_aventra_ws/install/ika_msgs/include/ika_msgs/ika_msgs/action/detail/aim_and_fire__rosidl_typesupport_introspection_c.h\n'}
[3.711366] (ika_msgs) StdoutLine: {'line': b'-- Installing: /home/sukru/ika_teknofest_aventra_ws/install/ika_msgs/lib/libika_msgs__rosidl_typesupport_introspection_c.so\n'}
[3.711651] (ika_msgs) StdoutLine: {'line': b'-- Set runtime path of "/home/sukru/ika_teknofest_aventra_ws/install/ika_msgs/lib/libika_msgs__rosidl_typesupport_introspection_c.so" to ""\n'}
[3.711689] (ika_msgs) StdoutLine: {'line': b'-- Installing: /home/sukru/ika_teknofest_aventra_ws/install/ika_msgs/lib/libika_msgs__rosidl_typesupport_c.so\n'}
[3.711951] (ika_msgs) StdoutLine: {'line': b'-- Set runtime path of "/home/sukru/ika_teknofest_aventra_ws/install/ika_msgs/lib/libika_msgs__rosidl_typesupport_c.so" to ""\n'}
[3.711985] (ika_msgs) StdoutLine: {'line': b'-- Up-to-date: /home/sukru/ika_teknofest_aventra_ws/install/ika_msgs/include/ika_msgs/ika_msgs\n'}
[3.712028] (ika_msgs) StdoutLine: {'line': b'-- Up-to-date: /home/sukru/ika_teknofest_aventra_ws/install/ika_msgs/include/ika_msgs/ika_msgs/srv\n'}
[3.712063] (ika_msgs) StdoutLine: {'line': b'-- Up-to-date: /home/sukru/ika_teknofest_aventra_ws/install/ika_msgs/include/ika_msgs/ika_msgs/srv/detail\n'}
[3.712087] (ika_msgs) StdoutLine: {'line': b'-- Installing: /home/sukru/ika_teknofest_aventra_ws/install/ika_msgs/include/ika_msgs/ika_msgs/srv/detail/set_laser__rosidl_typesupport_introspection_cpp.hpp\n'}
[3.712132] (ika_msgs) StdoutLine: {'line': b'-- Installing: /home/sukru/ika_teknofest_aventra_ws/install/ika_msgs/include/ika_msgs/ika_msgs/srv/detail/emergency_stop__rosidl_typesupport_introspection_cpp.hpp\n'}
[3.712204] (ika_msgs) StdoutLine: {'line': b'-- Installing: /home/sukru/ika_teknofest_aventra_ws/install/ika_msgs/include/ika_msgs/ika_msgs/srv/detail/set_laser__type_support.cpp\n'}
[3.712291] (ika_msgs) StdoutLine: {'line': b'-- Installing: /home/sukru/ika_teknofest_aventra_ws/install/ika_msgs/include/ika_msgs/ika_msgs/srv/detail/emergency_stop__type_support.cpp\n'}
[3.712375] (ika_msgs) StdoutLine: {'line': b'-- Up-to-date: /home/sukru/ika_teknofest_aventra_ws/install/ika_msgs/include/ika_msgs/ika_msgs/msg\n'}
[3.712407] (ika_msgs) StdoutLine: {'line': b'-- Up-to-date: /home/sukru/ika_teknofest_aventra_ws/install/ika_msgs/include/ika_msgs/ika_msgs/msg/detail\n'}
[3.712438] (ika_msgs) StdoutLine: {'line': b'-- Installing: /home/sukru/ika_teknofest_aventra_ws/install/ika_msgs/include/ika_msgs/ika_msgs/msg/detail/mission_state__type_support.cpp\n'}
[3.712509] (ika_msgs) StdoutLine: {'line': b'-- Installing: /home/sukru/ika_teknofest_aventra_ws/install/ika_msgs/include/ika_msgs/ika_msgs/msg/detail/environment_data__type_support.cpp\n'}
[3.712594] (ika_msgs) StdoutLine: {'line': b'-- Installing: /home/sukru/ika_teknofest_aventra_ws/install/ika_msgs/include/ika_msgs/ika_msgs/msg/detail/mission_state__rosidl_typesupport_introspection_cpp.hpp\n'}
[3.712670] (ika_msgs) StdoutLine: {'line': b'-- Installing: /home/sukru/ika_teknofest_aventra_ws/install/ika_msgs/include/ika_msgs/ika_msgs/msg/detail/environment_data__rosidl_typesupport_introspection_cpp.hpp\n'}
[3.712739] (ika_msgs) StdoutLine: {'line': b'-- Up-to-date: /home/sukru/ika_teknofest_aventra_ws/install/ika_msgs/include/ika_msgs/ika_msgs/action\n'}
[3.712771] (ika_msgs) StdoutLine: {'line': b'-- Up-to-date: /home/sukru/ika_teknofest_aventra_ws/install/ika_msgs/include/ika_msgs/ika_msgs/action/detail\n'}
[3.712804] (ika_msgs) StdoutLine: {'line': b'-- Installing: /home/sukru/ika_teknofest_aventra_ws/install/ika_msgs/include/ika_msgs/ika_msgs/action/detail/aim_and_fire__type_support.cpp\n'}
[3.712956] (ika_msgs) StdoutLine: {'line': b'-- Installing: /home/sukru/ika_teknofest_aventra_ws/install/ika_msgs/include/ika_msgs/ika_msgs/action/detail/aim_and_fire__rosidl_typesupport_introspection_cpp.hpp\n'}
[3.713079] (ika_msgs) StdoutLine: {'line': b'-- Installing: /home/sukru/ika_teknofest_aventra_ws/install/ika_msgs/lib/libika_msgs__rosidl_typesupport_introspection_cpp.so\n'}
[3.713420] (ika_msgs) StdoutLine: {'line': b'-- Set runtime path of "/home/sukru/ika_teknofest_aventra_ws/install/ika_msgs/lib/libika_msgs__rosidl_typesupport_introspection_cpp.so" to ""\n'}
[3.713488] (ika_msgs) StdoutLine: {'line': b'-- Installing: /home/sukru/ika_teknofest_aventra_ws/install/ika_msgs/lib/libika_msgs__rosidl_typesupport_cpp.so\n'}
[3.713719] (ika_msgs) StdoutLine: {'line': b'-- Set runtime path of "/home/sukru/ika_teknofest_aventra_ws/install/ika_msgs/lib/libika_msgs__rosidl_typesupport_cpp.so" to ""\n'}
[3.713761] (ika_msgs) StdoutLine: {'line': b'-- Installing: /home/sukru/ika_teknofest_aventra_ws/install/ika_msgs/share/ika_msgs/environment/pythonpath.sh\n'}
[3.713836] (ika_msgs) StdoutLine: {'line': b'-- Installing: /home/sukru/ika_teknofest_aventra_ws/install/ika_msgs/share/ika_msgs/environment/pythonpath.dsv\n'}
[3.713917] (ika_msgs) StdoutLine: {'line': b'-- Installing: /home/sukru/ika_teknofest_aventra_ws/install/ika_msgs/local/lib/python3.10/dist-packages/ika_msgs-0.0.1-py3.10.egg-info\n'}
[3.714027] (ika_msgs) StdoutLine: {'line': b'-- Installing: /home/sukru/ika_teknofest_aventra_ws/install/ika_msgs/local/lib/python3.10/dist-packages/ika_msgs-0.0.1-py3.10.egg-info/PKG-INFO\n'}
[3.714103] (ika_msgs) StdoutLine: {'line': b'-- Installing: /home/sukru/ika_teknofest_aventra_ws/install/ika_msgs/local/lib/python3.10/dist-packages/ika_msgs-0.0.1-py3.10.egg-info/dependency_links.txt\n'}
[3.714175] (ika_msgs) StdoutLine: {'line': b'-- Installing: /home/sukru/ika_teknofest_aventra_ws/install/ika_msgs/local/lib/python3.10/dist-packages/ika_msgs-0.0.1-py3.10.egg-info/top_level.txt\n'}
[3.714246] (ika_msgs) StdoutLine: {'line': b'-- Installing: /home/sukru/ika_teknofest_aventra_ws/install/ika_msgs/local/lib/python3.10/dist-packages/ika_msgs-0.0.1-py3.10.egg-info/SOURCES.txt\n'}
[3.714333] (ika_msgs) StdoutLine: {'line': b'-- Installing: /home/sukru/ika_teknofest_aventra_ws/install/ika_msgs/local/lib/python3.10/dist-packages/ika_msgs\n'}
[3.714387] (ika_msgs) StdoutLine: {'line': b'-- Installing: /home/sukru/ika_teknofest_aventra_ws/install/ika_msgs/local/lib/python3.10/dist-packages/ika_msgs/__init__.py\n'}
[3.714456] (ika_msgs) StdoutLine: {'line': b'-- Installing: /home/sukru/ika_teknofest_aventra_ws/install/ika_msgs/local/lib/python3.10/dist-packages/ika_msgs/libika_msgs__rosidl_generator_py.so\n'}
[3.714661] (ika_msgs) StdoutLine: {'line': b'-- Installing: /home/sukru/ika_teknofest_aventra_ws/install/ika_msgs/local/lib/python3.10/dist-packages/ika_msgs/_ika_msgs_s.ep.rosidl_typesupport_fastrtps_c.c\n'}
[3.714761] (ika_msgs) StdoutLine: {'line': b'-- Installing: /home/sukru/ika_teknofest_aventra_ws/install/ika_msgs/local/lib/python3.10/dist-packages/ika_msgs/_ika_msgs_s.ep.rosidl_typesupport_c.c\n'}
[3.714948] (ika_msgs) StdoutLine: {'line': b'-- Installing: /home/sukru/ika_teknofest_aventra_ws/install/ika_msgs/local/lib/python3.10/dist-packages/ika_msgs/ika_msgs_s__rosidl_typesupport_c.cpython-310-x86_64-linux-gnu.so\n'}
[3.715085] (ika_msgs) StdoutLine: {'line': b'-- Installing: /home/sukru/ika_teknofest_aventra_ws/install/ika_msgs/local/lib/python3.10/dist-packages/ika_msgs/srv\n'}
[3.715147] (ika_msgs) StdoutLine: {'line': b'-- Installing: /home/sukru/ika_teknofest_aventra_ws/install/ika_msgs/local/lib/python3.10/dist-packages/ika_msgs/srv/_emergency_stop.py\n'}
[3.715234] (ika_msgs) StdoutLine: {'line': b'-- Installing: /home/sukru/ika_teknofest_aventra_ws/install/ika_msgs/local/lib/python3.10/dist-packages/ika_msgs/srv/__init__.py\n'}
[3.715308] (ika_msgs) StdoutLine: {'line': b'-- Installing: /home/sukru/ika_teknofest_aventra_ws/install/ika_msgs/local/lib/python3.10/dist-packages/ika_msgs/srv/_set_laser.py\n'}
[3.715391] (ika_msgs) StdoutLine: {'line': b'-- Installing: /home/sukru/ika_teknofest_aventra_ws/install/ika_msgs/local/lib/python3.10/dist-packages/ika_msgs/srv/_emergency_stop_s.c\n'}
[3.715466] (ika_msgs) StdoutLine: {'line': b'-- Installing: /home/sukru/ika_teknofest_aventra_ws/install/ika_msgs/local/lib/python3.10/dist-packages/ika_msgs/srv/_set_laser_s.c\n'}
[3.715544] (ika_msgs) StdoutLine: {'line': b'-- Installing: /home/sukru/ika_teknofest_aventra_ws/install/ika_msgs/local/lib/python3.10/dist-packages/ika_msgs/msg\n'}
[3.715596] (ika_msgs) StdoutLine: {'line': b'-- Installing: /home/sukru/ika_teknofest_aventra_ws/install/ika_msgs/local/lib/python3.10/dist-packages/ika_msgs/msg/__init__.py\n'}
[3.715672] (ika_msgs) StdoutLine: {'line': b'-- Installing: /home/sukru/ika_teknofest_aventra_ws/install/ika_msgs/local/lib/python3.10/dist-packages/ika_msgs/msg/_environment_data.py\n'}
[3.715755] (ika_msgs) StdoutLine: {'line': b'-- Installing: /home/sukru/ika_teknofest_aventra_ws/install/ika_msgs/local/lib/python3.10/dist-packages/ika_msgs/msg/_mission_state.py\n'}
[3.715840] (ika_msgs) StdoutLine: {'line': b'-- Installing: /home/sukru/ika_teknofest_aventra_ws/install/ika_msgs/local/lib/python3.10/dist-packages/ika_msgs/msg/_environment_data_s.c\n'}
[3.715920] (ika_msgs) StdoutLine: {'line': b'-- Installing: /home/sukru/ika_teknofest_aventra_ws/install/ika_msgs/local/lib/python3.10/dist-packages/ika_msgs/msg/_mission_state_s.c\n'}
[3.716008] (ika_msgs) StdoutLine: {'line': b'-- Installing: /home/sukru/ika_teknofest_aventra_ws/install/ika_msgs/local/lib/python3.10/dist-packages/ika_msgs/ika_msgs_s__rosidl_typesupport_fastrtps_c.cpython-310-x86_64-linux-gnu.so\n'}
[3.716126] (ika_msgs) StdoutLine: {'line': b'-- Installing: /home/sukru/ika_teknofest_aventra_ws/install/ika_msgs/local/lib/python3.10/dist-packages/ika_msgs/action\n'}
[3.716177] (ika_msgs) StdoutLine: {'line': b'-- Installing: /home/sukru/ika_teknofest_aventra_ws/install/ika_msgs/local/lib/python3.10/dist-packages/ika_msgs/action/__init__.py\n'}
[3.716252] (ika_msgs) StdoutLine: {'line': b'-- Installing: /home/sukru/ika_teknofest_aventra_ws/install/ika_msgs/local/lib/python3.10/dist-packages/ika_msgs/action/_aim_and_fire_s.c\n'}
[3.716364] (ika_msgs) StdoutLine: {'line': b'-- Installing: /home/sukru/ika_teknofest_aventra_ws/install/ika_msgs/local/lib/python3.10/dist-packages/ika_msgs/action/_aim_and_fire.py\n'}
[3.716491] (ika_msgs) StdoutLine: {'line': b'-- Installing: /home/sukru/ika_teknofest_aventra_ws/install/ika_msgs/local/lib/python3.10/dist-packages/ika_msgs/ika_msgs_s__rosidl_typesupport_introspection_c.cpython-310-x86_64-linux-gnu.so\n'}
[3.716615] (ika_msgs) StdoutLine: {'line': b'-- Installing: /home/sukru/ika_teknofest_aventra_ws/install/ika_msgs/local/lib/python3.10/dist-packages/ika_msgs/_ika_msgs_s.ep.rosidl_typesupport_introspection_c.c\n'}
[3.745989] (ika_msgs) StdoutLine: {'line': b"Listing '/home/sukru/ika_teknofest_aventra_ws/install/ika_msgs/local/lib/python3.10/dist-packages/ika_msgs'...\n"}
[3.746081] (ika_msgs) StdoutLine: {'line': b"Compiling '/home/sukru/ika_teknofest_aventra_ws/install/ika_msgs/local/lib/python3.10/dist-packages/ika_msgs/__init__.py'...\n"}
[3.746133] (ika_msgs) StdoutLine: {'line': b"Listing '/home/sukru/ika_teknofest_aventra_ws/install/ika_msgs/local/lib/python3.10/dist-packages/ika_msgs/action'...\n"}
[3.746175] (ika_msgs) StdoutLine: {'line': b"Compiling '/home/sukru/ika_teknofest_aventra_ws/install/ika_msgs/local/lib/python3.10/dist-packages/ika_msgs/action/__init__.py'...\n"}
[3.746215] (ika_msgs) StdoutLine: {'line': b"Compiling '/home/sukru/ika_teknofest_aventra_ws/install/ika_msgs/local/lib/python3.10/dist-packages/ika_msgs/action/_aim_and_fire.py'...\n"}
[3.746254] (ika_msgs) StdoutLine: {'line': b"Listing '/home/sukru/ika_teknofest_aventra_ws/install/ika_msgs/local/lib/python3.10/dist-packages/ika_msgs/msg'...\n"}
[3.746292] (ika_msgs) StdoutLine: {'line': b"Compiling '/home/sukru/ika_teknofest_aventra_ws/install/ika_msgs/local/lib/python3.10/dist-packages/ika_msgs/msg/__init__.py'...\n"}
[3.746330] (ika_msgs) StdoutLine: {'line': b"Compiling '/home/sukru/ika_teknofest_aventra_ws/install/ika_msgs/local/lib/python3.10/dist-packages/ika_msgs/msg/_environment_data.py'...\n"}
[3.746369] (ika_msgs) StdoutLine: {'line': b"Compiling '/home/sukru/ika_teknofest_aventra_ws/install/ika_msgs/local/lib/python3.10/dist-packages/ika_msgs/msg/_mission_state.py'...\n"}
[3.746407] (ika_msgs) StdoutLine: {'line': b"Listing '/home/sukru/ika_teknofest_aventra_ws/install/ika_msgs/local/lib/python3.10/dist-packages/ika_msgs/srv'...\n"}
[3.746444] (ika_msgs) StdoutLine: {'line': b"Compiling '/home/sukru/ika_teknofest_aventra_ws/install/ika_msgs/local/lib/python3.10/dist-packages/ika_msgs/srv/__init__.py'...\n"}
[3.746480] (ika_msgs) StdoutLine: {'line': b"Compiling '/home/sukru/ika_teknofest_aventra_ws/install/ika_msgs/local/lib/python3.10/dist-packages/ika_msgs/srv/_emergency_stop.py'...\n"}
[3.746528] (ika_msgs) StdoutLine: {'line': b"Compiling '/home/sukru/ika_teknofest_aventra_ws/install/ika_msgs/local/lib/python3.10/dist-packages/ika_msgs/srv/_set_laser.py'...\n"}
[3.748525] (ika_msgs) StdoutLine: {'line': b'-- Installing: /home/sukru/ika_teknofest_aventra_ws/install/ika_msgs/local/lib/python3.10/dist-packages/ika_msgs/ika_msgs_s__rosidl_typesupport_fastrtps_c.cpython-310-x86_64-linux-gnu.so\n'}
[3.748824] (ika_msgs) StdoutLine: {'line': b'-- Set runtime path of "/home/sukru/ika_teknofest_aventra_ws/install/ika_msgs/local/lib/python3.10/dist-packages/ika_msgs/ika_msgs_s__rosidl_typesupport_fastrtps_c.cpython-310-x86_64-linux-gnu.so" to ""\n'}
[3.748981] (ika_msgs) StdoutLine: {'line': b'-- Installing: /home/sukru/ika_teknofest_aventra_ws/install/ika_msgs/local/lib/python3.10/dist-packages/ika_msgs/ika_msgs_s__rosidl_typesupport_introspection_c.cpython-310-x86_64-linux-gnu.so\n'}
[3.749392] (ika_msgs) StdoutLine: {'line': b'-- Set runtime path of "/home/sukru/ika_teknofest_aventra_ws/install/ika_msgs/local/lib/python3.10/dist-packages/ika_msgs/ika_msgs_s__rosidl_typesupport_introspection_c.cpython-310-x86_64-linux-gnu.so" to ""\n'}
[3.749572] (ika_msgs) StdoutLine: {'line': b'-- Installing: /home/sukru/ika_teknofest_aventra_ws/install/ika_msgs/local/lib/python3.10/dist-packages/ika_msgs/ika_msgs_s__rosidl_typesupport_c.cpython-310-x86_64-linux-gnu.so\n'}
[3.749930] (ika_msgs) StdoutLine: {'line': b'-- Set runtime path of "/home/sukru/ika_teknofest_aventra_ws/install/ika_msgs/local/lib/python3.10/dist-packages/ika_msgs/ika_msgs_s__rosidl_typesupport_c.cpython-310-x86_64-linux-gnu.so" to ""\n'}
[3.749983] (ika_msgs) StdoutLine: {'line': b'-- Installing: /home/sukru/ika_teknofest_aventra_ws/install/ika_msgs/lib/libika_msgs__rosidl_generator_py.so\n'}
[3.750294] (ika_msgs) StdoutLine: {'line': b'-- Set runtime path of "/home/sukru/ika_teknofest_aventra_ws/install/ika_msgs/lib/libika_msgs__rosidl_generator_py.so" to ""\n'}
[3.750346] (ika_msgs) StdoutLine: {'line': b'-- Installing: /home/sukru/ika_teknofest_aventra_ws/install/ika_msgs/share/ika_msgs/msg/EnvironmentData.idl\n'}
[3.750452] (ika_msgs) StdoutLine: {'line': b'-- Installing: /home/sukru/ika_teknofest_aventra_ws/install/ika_msgs/share/ika_msgs/msg/MissionState.idl\n'}
[3.750554] (ika_msgs) StdoutLine: {'line': b'-- Installing: /home/sukru/ika_teknofest_aventra_ws/install/ika_msgs/share/ika_msgs/srv/EmergencyStop.idl\n'}
[3.750653] (ika_msgs) StdoutLine: {'line': b'-- Installing: /home/sukru/ika_teknofest_aventra_ws/install/ika_msgs/share/ika_msgs/srv/SetLaser.idl\n'}
[3.750767] (ika_msgs) StdoutLine: {'line': b'-- Installing: /home/sukru/ika_teknofest_aventra_ws/install/ika_msgs/share/ika_msgs/action/AimAndFire.idl\n'}
[3.750857] (ika_msgs) StdoutLine: {'line': b'-- Installing: /home/sukru/ika_teknofest_aventra_ws/install/ika_msgs/share/ika_msgs/msg/EnvironmentData.msg\n'}
[3.750947] (ika_msgs) StdoutLine: {'line': b'-- Installing: /home/sukru/ika_teknofest_aventra_ws/install/ika_msgs/share/ika_msgs/msg/MissionState.msg\n'}
[3.751036] (ika_msgs) StdoutLine: {'line': b'-- Installing: /home/sukru/ika_teknofest_aventra_ws/install/ika_msgs/share/ika_msgs/srv/EmergencyStop.srv\n'}
[3.751187] (ika_msgs) StdoutLine: {'line': b'-- Installing: /home/sukru/ika_teknofest_aventra_ws/install/ika_msgs/share/ika_msgs/srv/EmergencyStop_Request.msg\n'}
[3.751279] (ika_msgs) StdoutLine: {'line': b'-- Installing: /home/sukru/ika_teknofest_aventra_ws/install/ika_msgs/share/ika_msgs/srv/EmergencyStop_Response.msg\n'}
[3.751371] (ika_msgs) StdoutLine: {'line': b'-- Installing: /home/sukru/ika_teknofest_aventra_ws/install/ika_msgs/share/ika_msgs/srv/SetLaser.srv\n'}
[3.751461] (ika_msgs) StdoutLine: {'line': b'-- Installing: /home/sukru/ika_teknofest_aventra_ws/install/ika_msgs/share/ika_msgs/srv/SetLaser_Request.msg\n'}
[3.751548] (ika_msgs) StdoutLine: {'line': b'-- Installing: /home/sukru/ika_teknofest_aventra_ws/install/ika_msgs/share/ika_msgs/srv/SetLaser_Response.msg\n'}
[3.751637] (ika_msgs) StdoutLine: {'line': b'-- Installing: /home/sukru/ika_teknofest_aventra_ws/install/ika_msgs/share/ika_msgs/action/AimAndFire.action\n'}
[3.751759] (ika_msgs) StdoutLine: {'line': b'-- Installing: /home/sukru/ika_teknofest_aventra_ws/install/ika_msgs/share/ament_index/resource_index/package_run_dependencies/ika_msgs\n'}
[3.751880] (ika_msgs) StdoutLine: {'line': b'-- Installing: /home/sukru/ika_teknofest_aventra_ws/install/ika_msgs/share/ament_index/resource_index/parent_prefix_path/ika_msgs\n'}
[3.751973] (ika_msgs) StdoutLine: {'line': b'-- Installing: /home/sukru/ika_teknofest_aventra_ws/install/ika_msgs/share/ika_msgs/environment/ament_prefix_path.sh\n'}
[3.752063] (ika_msgs) StdoutLine: {'line': b'-- Installing: /home/sukru/ika_teknofest_aventra_ws/install/ika_msgs/share/ika_msgs/environment/ament_prefix_path.dsv\n'}
[3.752153] (ika_msgs) StdoutLine: {'line': b'-- Installing: /home/sukru/ika_teknofest_aventra_ws/install/ika_msgs/share/ika_msgs/environment/path.sh\n'}
[3.752243] (ika_msgs) StdoutLine: {'line': b'-- Installing: /home/sukru/ika_teknofest_aventra_ws/install/ika_msgs/share/ika_msgs/environment/path.dsv\n'}
[3.752329] (ika_msgs) StdoutLine: {'line': b'-- Installing: /home/sukru/ika_teknofest_aventra_ws/install/ika_msgs/share/ika_msgs/local_setup.bash\n'}
[3.752417] (ika_msgs) StdoutLine: {'line': b'-- Installing: /home/sukru/ika_teknofest_aventra_ws/install/ika_msgs/share/ika_msgs/local_setup.sh\n'}
[3.752508] (ika_msgs) StdoutLine: {'line': b'-- Installing: /home/sukru/ika_teknofest_aventra_ws/install/ika_msgs/share/ika_msgs/local_setup.zsh\n'}
[3.752601] (ika_msgs) StdoutLine: {'line': b'-- Installing: /home/sukru/ika_teknofest_aventra_ws/install/ika_msgs/share/ika_msgs/local_setup.dsv\n'}
[3.752710] (ika_msgs) StdoutLine: {'line': b'-- Installing: /home/sukru/ika_teknofest_aventra_ws/install/ika_msgs/share/ika_msgs/package.dsv\n'}
[3.752825] (ika_msgs) StdoutLine: {'line': b'-- Installing: /home/sukru/ika_teknofest_aventra_ws/install/ika_msgs/share/ament_index/resource_index/packages/ika_msgs\n'}
[3.752951] (ika_msgs) StdoutLine: {'line': b'-- Installing: /home/sukru/ika_teknofest_aventra_ws/install/ika_msgs/share/ika_msgs/cmake/export_ika_msgs__rosidl_generator_cExport.cmake\n'}
[3.753052] (ika_msgs) StdoutLine: {'line': b'-- Installing: /home/sukru/ika_teknofest_aventra_ws/install/ika_msgs/share/ika_msgs/cmake/export_ika_msgs__rosidl_generator_cExport-noconfig.cmake\n'}
[3.753211] (ika_msgs) StdoutLine: {'line': b'-- Installing: /home/sukru/ika_teknofest_aventra_ws/install/ika_msgs/share/ika_msgs/cmake/export_ika_msgs__rosidl_typesupport_fastrtps_cExport.cmake\n'}
[3.753312] (ika_msgs) StdoutLine: {'line': b'-- Installing: /home/sukru/ika_teknofest_aventra_ws/install/ika_msgs/share/ika_msgs/cmake/export_ika_msgs__rosidl_typesupport_fastrtps_cExport-noconfig.cmake\n'}
[3.753411] (ika_msgs) StdoutLine: {'line': b'-- Installing: /home/sukru/ika_teknofest_aventra_ws/install/ika_msgs/share/ika_msgs/cmake/export_ika_msgs__rosidl_generator_cppExport.cmake\n'}
[3.753508] (ika_msgs) StdoutLine: {'line': b'-- Installing: /home/sukru/ika_teknofest_aventra_ws/install/ika_msgs/share/ika_msgs/cmake/export_ika_msgs__rosidl_typesupport_fastrtps_cppExport.cmake\n'}
[3.753605] (ika_msgs) StdoutLine: {'line': b'-- Installing: /home/sukru/ika_teknofest_aventra_ws/install/ika_msgs/share/ika_msgs/cmake/export_ika_msgs__rosidl_typesupport_fastrtps_cppExport-noconfig.cmake\n'}
[3.753706] (ika_msgs) StdoutLine: {'line': b'-- Installing: /home/sukru/ika_teknofest_aventra_ws/install/ika_msgs/share/ika_msgs/cmake/ika_msgs__rosidl_typesupport_introspection_cExport.cmake\n'}
[3.753800] (ika_msgs) StdoutLine: {'line': b'-- Installing: /home/sukru/ika_teknofest_aventra_ws/install/ika_msgs/share/ika_msgs/cmake/ika_msgs__rosidl_typesupport_introspection_cExport-noconfig.cmake\n'}
[3.753901] (ika_msgs) StdoutLine: {'line': b'-- Installing: /home/sukru/ika_teknofest_aventra_ws/install/ika_msgs/share/ika_msgs/cmake/ika_msgs__rosidl_typesupport_cExport.cmake\n'}
[3.754001] (ika_msgs) StdoutLine: {'line': b'-- Installing: /home/sukru/ika_teknofest_aventra_ws/install/ika_msgs/share/ika_msgs/cmake/ika_msgs__rosidl_typesupport_cExport-noconfig.cmake\n'}
[3.754099] (ika_msgs) StdoutLine: {'line': b'-- Installing: /home/sukru/ika_teknofest_aventra_ws/install/ika_msgs/share/ika_msgs/cmake/ika_msgs__rosidl_typesupport_introspection_cppExport.cmake\n'}
[3.754192] (ika_msgs) StdoutLine: {'line': b'-- Installing: /home/sukru/ika_teknofest_aventra_ws/install/ika_msgs/share/ika_msgs/cmake/ika_msgs__rosidl_typesupport_introspection_cppExport-noconfig.cmake\n'}
[3.754285] (ika_msgs) StdoutLine: {'line': b'-- Installing: /home/sukru/ika_teknofest_aventra_ws/install/ika_msgs/share/ika_msgs/cmake/ika_msgs__rosidl_typesupport_cppExport.cmake\n'}
[3.754377] (ika_msgs) StdoutLine: {'line': b'-- Installing: /home/sukru/ika_teknofest_aventra_ws/install/ika_msgs/share/ika_msgs/cmake/ika_msgs__rosidl_typesupport_cppExport-noconfig.cmake\n'}
[3.754470] (ika_msgs) StdoutLine: {'line': b'-- Installing: /home/sukru/ika_teknofest_aventra_ws/install/ika_msgs/share/ika_msgs/cmake/export_ika_msgs__rosidl_generator_pyExport.cmake\n'}
[3.754568] (ika_msgs) StdoutLine: {'line': b'-- Installing: /home/sukru/ika_teknofest_aventra_ws/install/ika_msgs/share/ika_msgs/cmake/export_ika_msgs__rosidl_generator_pyExport-noconfig.cmake\n'}
[3.754790] (ika_msgs) StdoutLine: {'line': b'-- Installing: /home/sukru/ika_teknofest_aventra_ws/install/ika_msgs/share/ika_msgs/cmake/rosidl_cmake-extras.cmake\n'}
[3.754876] (ika_msgs) StdoutLine: {'line': b'-- Installing: /home/sukru/ika_teknofest_aventra_ws/install/ika_msgs/share/ika_msgs/cmake/ament_cmake_export_dependencies-extras.cmake\n'}
[3.754969] (ika_msgs) StdoutLine: {'line': b'-- Installing: /home/sukru/ika_teknofest_aventra_ws/install/ika_msgs/share/ika_msgs/cmake/ament_cmake_export_include_directories-extras.cmake\n'}
[3.755059] (ika_msgs) StdoutLine: {'line': b'-- Installing: /home/sukru/ika_teknofest_aventra_ws/install/ika_msgs/share/ika_msgs/cmake/ament_cmake_export_libraries-extras.cmake\n'}
[3.755202] (ika_msgs) StdoutLine: {'line': b'-- Installing: /home/sukru/ika_teknofest_aventra_ws/install/ika_msgs/share/ika_msgs/cmake/ament_cmake_export_targets-extras.cmake\n'}
[3.755296] (ika_msgs) StdoutLine: {'line': b'-- Installing: /home/sukru/ika_teknofest_aventra_ws/install/ika_msgs/share/ika_msgs/cmake/rosidl_cmake_export_typesupport_targets-extras.cmake\n'}
[3.755384] (ika_msgs) StdoutLine: {'line': b'-- Installing: /home/sukru/ika_teknofest_aventra_ws/install/ika_msgs/share/ika_msgs/cmake/rosidl_cmake_export_typesupport_libraries-extras.cmake\n'}
[3.755470] (ika_msgs) StdoutLine: {'line': b'-- Installing: /home/sukru/ika_teknofest_aventra_ws/install/ika_msgs/share/ika_msgs/cmake/ika_msgsConfig.cmake\n'}
[3.755544] (ika_msgs) StdoutLine: {'line': b'-- Installing: /home/sukru/ika_teknofest_aventra_ws/install/ika_msgs/share/ika_msgs/cmake/ika_msgsConfig-version.cmake\n'}
[3.755628] (ika_msgs) StdoutLine: {'line': b'-- Installing: /home/sukru/ika_teknofest_aventra_ws/install/ika_msgs/share/ika_msgs/package.xml\n'}
[3.757114] (ika_msgs) CommandEnded: {'returncode': 0}
[3.771793] (ika_msgs) JobEnded: {'identifier': 'ika_msgs', 'rc': 0}
[3.772600] (ika_sensors) JobStarted: {'identifier': 'ika_sensors'}
[3.805613] (-) TimerEvent: {}
[3.906022] (-) TimerEvent: {}
[4.006266] (-) TimerEvent: {}
[4.106576] (-) TimerEvent: {}
[4.147707] (ika_sensors) Command: {'cmd': ['/usr/bin/python3', '-W', 'ignore:setup.py install is deprecated', '-W', 'ignore:easy_install command is deprecated', 'setup.py', 'egg_info', '--egg-base', '../../build/ika_sensors', 'build', '--build-base', '/home/sukru/ika_teknofest_aventra_ws/build/ika_sensors/build', 'install', '--record', '/home/sukru/ika_teknofest_aventra_ws/build/ika_sensors/install.log', '--single-version-externally-managed', 'install_data'], 'cwd': '/home/sukru/ika_teknofest_aventra_ws/src/ika_sensors', 'env': {'LESSOPEN': '| /usr/bin/lesspipe %s', 'USER': 'sukru', 'XDG_SESSION_TYPE': 'x11', 'SHLVL': '1', 'LD_LIBRARY_PATH': '/home/sukru/ika_teknofest_aventra_ws/install/ika_msgs/lib:/usr/lib/x86_64-linux-gnu/gazebo-11/plugins:/opt/ros/humble/opt/rviz_ogre_vendor/lib:/opt/ros/humble/lib/x86_64-linux-gnu:/opt/ros/humble/lib', 'HOME': '/home/sukru', 'DESKTOP_SESSION': 'ubuntu', 'ROS_PYTHON_VERSION': '3', 'GNOME_SHELL_SESSION_MODE': 'ubuntu', 'GTK_MODULES': 'gail:atk-bridge', 'DBUS_STARTER_BUS_TYPE': 'session', 'SYSTEMD_EXEC_PID': '1553', 'DBUS_SESSION_BUS_ADDRESS': 'unix:path=/run/user/1000/bus,guid=412076c97c0e1b9ba7b0c35d6a115ab3', 'COLORTERM': 'truecolor', 'COLCON_PREFIX_PATH': '/home/sukru/ika_teknofest_aventra_ws/install:/home/sukru/ai_autonomi_ws/install:/home/sukru/Desktop/otonom_atis/install:/home/sukru/dev_ws/install:/home/sukru/ros_ws_vacuum_bot/install:/home/sukru/ros_ws_demo/install', 'ROS_DISTRO': 'humble', 'GTK_IM_MODULE': 'ibus', 'LOGNAME': 'sukru', '_': '/usr/bin/colcon', 'ROS_VERSION': '2', 'XDG_SESSION_CLASS': 'user', 'USERNAME': 'sukru', 'TERM': 'xterm-256color', 'GNOME_DESKTOP_SESSION_ID': 'this-is-deprecated', 'ROS_LOCALHOST_ONLY': '0', 'WINDOWPATH': '2', 'PATH': '/usr/local/MATLAB/R2025b/bin:/usr/local/MATLAB/R2025b/bin:/opt/ros/humble/bin:/home/sukru/.local/bin:/usr/local/sbin:/usr/local/bin:/usr/sbin:/usr/bin:/sbin:/bin:/usr/games:/usr/local/games:/snap/bin:/snap/bin', 'SESSION_MANAGER': 'local/msi:@/tmp/.ICE-unix/1553,unix/msi:/tmp/.ICE-unix/1553', 'XDG_MENU_PREFIX': 'gnome-', 'GNOME_TERMINAL_SCREEN': '/org/gnome/Terminal/screen/870060c4_645d_493b_92be_83f2511a7580', 'XDG_RUNTIME_DIR': '/run/user/1000', 'DISPLAY': ':0', 'LANG': 'en_US.UTF-8', 'XDG_CURRENT_DESKTOP': 'ubuntu:GNOME', 'XMODIFIERS': '@im=ibus', 'XDG_SESSION_DESKTOP': 'ubuntu', 'XAUTHORITY': '/run/user/1000/gdm/Xauthority', 'LS_COLORS': 'rs=0:di=01;34:ln=01;36:mh=00:pi=40;33:so=01;35:do=01;35:bd=40;33;01:cd=40;33;01:or=40;31;01:mi=00:su=37;41:sg=30;43:ca=30;41:tw=30;42:ow=34;42:st=37;44:ex=01;32:*.tar=01;31:*.tgz=01;31:*.arc=01;31:*.arj=01;31:*.taz=01;31:*.lha=01;31:*.lz4=01;31:*.lzh=01;31:*.lzma=01;31:*.tlz=01;31:*.txz=01;31:*.tzo=01;31:*.t7z=01;31:*.zip=01;31:*.z=01;31:*.dz=01;31:*.gz=01;31:*.lrz=01;31:*.lz=01;31:*.lzo=01;31:*.xz=01;31:*.zst=01;31:*.tzst=01;31:*.bz2=01;31:*.bz=01;31:*.tbz=01;31:*.tbz2=01;31:*.tz=01;31:*.deb=01;31:*.rpm=01;31:*.jar=01;31:*.war=01;31:*.ear=01;31:*.sar=01;31:*.rar=01;31:*.alz=01;31:*.ace=01;31:*.zoo=01;31:*.cpio=01;31:*.7z=01;31:*.rz=01;31:*.cab=01;31:*.wim=01;31:*.swm=01;31:*.dwm=01;31:*.esd=01;31:*.jpg=01;35:*.jpeg=01;35:*.mjpg=01;35:*.mjpeg=01;35:*.gif=01;35:*.bmp=01;35:*.pbm=01;35:*.pgm=01;35:*.ppm=01;35:*.tga=01;35:*.xbm=01;35:*.xpm=01;35:*.tif=01;35:*.tiff=01;35:*.png=01;35:*.svg=01;35:*.svgz=01;35:*.mng=01;35:*.pcx=01;35:*.mov=01;35:*.mpg=01;35:*.mpeg=01;35:*.m2v=01;35:*.mkv=01;35:*.webm=01;35:*.webp=01;35:*.ogm=01;35:*.mp4=01;35:*.m4v=01;35:*.mp4v=01;35:*.vob=01;35:*.qt=01;35:*.nuv=01;35:*.wmv=01;35:*.asf=01;35:*.rm=01;35:*.rmvb=01;35:*.flc=01;35:*.avi=01;35:*.fli=01;35:*.flv=01;35:*.gl=01;35:*.dl=01;35:*.xcf=01;35:*.xwd=01;35:*.yuv=01;35:*.cgm=01;35:*.emf=01;35:*.ogv=01;35:*.ogx=01;35:*.aac=00;36:*.au=00;36:*.flac=00;36:*.m4a=00;36:*.mid=00;36:*.midi=00;36:*.mka=00;36:*.mp3=00;36:*.mpc=00;36:*.ogg=00;36:*.ra=00;36:*.wav=00;36:*.oga=00;36:*.opus=00;36:*.spx=00;36:*.xspf=00;36:', 'GNOME_TERMINAL_SERVICE': ':1.282', 'SSH_AGENT_LAUNCHER': 'gnome-keyring', 'SSH_AUTH_SOCK': '/run/user/1000/keyring/ssh', 'AMENT_PREFIX_PATH': '/home/sukru/ika_teknofest_aventra_ws/install/ika_sensors:/home/sukru/ika_teknofest_aventra_ws/install/ika_msgs:/home/sukru/ai_autonomi_ws/install/ika_autonomi:/home/sukru/Desktop/otonom_atis/install/python_pkg:/home/sukru/dev_ws/install/my_package:/home/sukru/dev_ws/install/my_bot:/home/sukru/ros_ws_vacuum_bot/install/vacuum_teleop:/home/sukru/ros_ws_vacuum_bot/install/vacuum_sensors:/home/sukru/ros_ws_vacuum_bot/install/vacuum_navigation:/home/sukru/ros_ws_vacuum_bot/install/vacuum_msgs:/home/sukru/ros_ws_vacuum_bot/install/vacuum_mapping:/home/sukru/ros_ws_vacuum_bot/install/vacuum_description:/home/sukru/ros_ws_vacuum_bot/install/vacuum_control:/home/sukru/ros_ws_vacuum_bot/install/vacuum_bringup:/home/sukru/ros_ws_demo/install/python_pkg:/opt/ros/humble', 'SHELL': '/bin/bash', 'QT_ACCESSIBILITY': '1', 'GDMSESSION': 'ubuntu', 'LESSCLOSE': '/usr/bin/lesspipe %s %s', 'GPG_AGENT_INFO': '/run/user/1000/gnupg/S.gpg-agent:0:1', 'QT_IM_MODULE': 'ibus', 'PWD': '/home/sukru/ika_teknofest_aventra_ws/build/ika_sensors', 'LC_ALL': 'en_US.UTF-8', 'XDG_CONFIG_DIRS': '/etc/xdg/xdg-ubuntu:/etc/xdg', 'DBUS_STARTER_ADDRESS': 'unix:path=/run/user/1000/bus,guid=412076c97c0e1b9ba7b0c35d6a115ab3', 'XDG_DATA_DIRS': '/usr/share/ubuntu:/usr/share/gnome:/usr/local/share/:/usr/share/:/var/lib/snapd/desktop', 'PYTHONPATH': '/home/sukru/ika_teknofest_aventra_ws/build/ika_sensors/prefix_override:/usr/lib/python3/dist-packages/colcon_core/task/python/colcon_distutils_commands:/home/sukru/ika_teknofest_aventra_ws/install/ika_sensors/lib/python3.10/site-packages:/home/sukru/ika_teknofest_aventra_ws/install/ika_msgs/local/lib/python3.10/dist-packages:/home/sukru/ika_teknofest_aventra_ws/install/ika_sensors/lib/python3.10/site-packages:/home/sukru/ai_autonomi_ws/install/ika_autonomi/lib/python3.10/site-packages:/home/sukru/Desktop/otonom_atis/build/python_pkg:/home/sukru/Desktop/otonom_atis/install/python_pkg/lib/python3.10/site-packages:/home/sukru/ros_ws_vacuum_bot/install/vacuum_teleop/lib/python3.10/site-packages:/home/sukru/ros_ws_vacuum_bot/install/vacuum_sensors/lib/python3.10/site-packages:/home/sukru/ros_ws_vacuum_bot/install/vacuum_navigation/lib/python3.10/site-packages:/home/sukru/ros_ws_vacuum_bot/install/vacuum_msgs/lib/python3.10/site-packages:/home/sukru/ros_ws_vacuum_bot/install/vacuum_mapping/lib/python3.10/site-packages:/home/sukru/ros_ws_vacuum_bot/install/vacuum_description/lib/python3.10/site-packages:/home/sukru/ros_ws_vacuum_bot/install/vacuum_control/lib/python3.10/site-packages:/home/sukru/ros_ws_vacuum_bot/install/vacuum_bringup/lib/python3.10/site-packages:/home/sukru/ros_ws_demo/install/python_pkg/lib/python3.10/site-packages:/opt/ros/humble/lib/python3.10/site-packages:/opt/ros/humble/local/lib/python3.10/dist-packages', 'COLCON': '1', 'VTE_VERSION': '6800', 'CMAKE_PREFIX_PATH': '/home/sukru/ika_teknofest_aventra_ws/install/ika_msgs:/home/sukru/dev_ws/install/my_package:/home/sukru/dev_ws/install/my_bot'}, 'shell': False}
[4.206774] (-) TimerEvent: {}
[4.280892] (ika_sensors) StdoutLine: {'line': b'running egg_info\n'}
[4.281081] (ika_sensors) StdoutLine: {'line': b'creating ../../build/ika_sensors/ika_sensors.egg-info\n'}
[4.281190] (ika_sensors) StdoutLine: {'line': b'writing ../../build/ika_sensors/ika_sensors.egg-info/PKG-INFO\n'}
[4.281288] (ika_sensors) StdoutLine: {'line': b'writing dependency_links to ../../build/ika_sensors/ika_sensors.egg-info/dependency_links.txt\n'}
[4.281340] (ika_sensors) StdoutLine: {'line': b'writing entry points to ../../build/ika_sensors/ika_sensors.egg-info/entry_points.txt\n'}
[4.281401] (ika_sensors) StdoutLine: {'line': b'writing requirements to ../../build/ika_sensors/ika_sensors.egg-info/requires.txt\n'}
[4.281447] (ika_sensors) StdoutLine: {'line': b'writing top-level names to ../../build/ika_sensors/ika_sensors.egg-info/top_level.txt\n'}
[4.281491] (ika_sensors) StdoutLine: {'line': b"writing manifest file '../../build/ika_sensors/ika_sensors.egg-info/SOURCES.txt'\n"}
[4.282125] (ika_sensors) StdoutLine: {'line': b"reading manifest file '../../build/ika_sensors/ika_sensors.egg-info/SOURCES.txt'\n"}
[4.282489] (ika_sensors) StdoutLine: {'line': b"writing manifest file '../../build/ika_sensors/ika_sensors.egg-info/SOURCES.txt'\n"}
[4.282582] (ika_sensors) StdoutLine: {'line': b'running build\n'}
[4.282639] (ika_sensors) StdoutLine: {'line': b'running build_py\n'}
[4.282722] (ika_sensors) StdoutLine: {'line': b'creating /home/sukru/ika_teknofest_aventra_ws/build/ika_sensors/build\n'}
[4.282766] (ika_sensors) StdoutLine: {'line': b'creating /home/sukru/ika_teknofest_aventra_ws/build/ika_sensors/build/lib\n'}
[4.282833] (ika_sensors) StdoutLine: {'line': b'creating /home/sukru/ika_teknofest_aventra_ws/build/ika_sensors/build/lib/ika_sensors\n'}
[4.282890] (ika_sensors) StdoutLine: {'line': b'copying ika_sensors/__init__.py -> /home/sukru/ika_teknofest_aventra_ws/build/ika_sensors/build/lib/ika_sensors\n'}
[4.282933] (ika_sensors) StdoutLine: {'line': b'copying ika_sensors/laser_range_node.py -> /home/sukru/ika_teknofest_aventra_ws/build/ika_sensors/build/lib/ika_sensors\n'}
[4.283064] (ika_sensors) StdoutLine: {'line': b'copying ika_sensors/pressure_altitude_node.py -> /home/sukru/ika_teknofest_aventra_ws/build/ika_sensors/build/lib/ika_sensors\n'}
[4.283126] (ika_sensors) StdoutLine: {'line': b'copying ika_sensors/temp_humidity_node.py -> /home/sukru/ika_teknofest_aventra_ws/build/ika_sensors/build/lib/ika_sensors\n'}
[4.283227] (ika_sensors) StdoutLine: {'line': b'running install\n'}
[4.283362] (ika_sensors) StdoutLine: {'line': b'running install_lib\n'}
[4.283679] (ika_sensors) StdoutLine: {'line': b'creating /home/sukru/ika_teknofest_aventra_ws/install/ika_sensors/lib/python3.10/site-packages/ika_sensors\n'}
[4.283741] (ika_sensors) StdoutLine: {'line': b'copying /home/sukru/ika_teknofest_aventra_ws/build/ika_sensors/build/lib/ika_sensors/__init__.py -> /home/sukru/ika_teknofest_aventra_ws/install/ika_sensors/lib/python3.10/site-packages/ika_sensors\n'}
[4.283802] (ika_sensors) StdoutLine: {'line': b'copying /home/sukru/ika_teknofest_aventra_ws/build/ika_sensors/build/lib/ika_sensors/laser_range_node.py -> /home/sukru/ika_teknofest_aventra_ws/install/ika_sensors/lib/python3.10/site-packages/ika_sensors\n'}
[4.283880] (ika_sensors) StdoutLine: {'line': b'copying /home/sukru/ika_teknofest_aventra_ws/build/ika_sensors/build/lib/ika_sensors/pressure_altitude_node.py -> /home/sukru/ika_teknofest_aventra_ws/install/ika_sensors/lib/python3.10/site-packages/ika_sensors\n'}
[4.283940] (ika_sensors) StdoutLine: {'line': b'copying /home/sukru/ika_teknofest_aventra_ws/build/ika_sensors/build/lib/ika_sensors/temp_humidity_node.py -> /home/sukru/ika_teknofest_aventra_ws/install/ika_sensors/lib/python3.10/site-packages/ika_sensors\n'}
[4.284195] (ika_sensors) StdoutLine: {'line': b'byte-compiling /home/sukru/ika_teknofest_aventra_ws/install/ika_sensors/lib/python3.10/site-packages/ika_sensors/__init__.py to __init__.cpython-310.pyc\n'}
[4.284317] (ika_sensors) StdoutLine: {'line': b'byte-compiling /home/sukru/ika_teknofest_aventra_ws/install/ika_sensors/lib/python3.10/site-packages/ika_sensors/laser_range_node.py to laser_range_node.cpython-310.pyc\n'}
[4.284702] (ika_sensors) StdoutLine: {'line': b'byte-compiling /home/sukru/ika_teknofest_aventra_ws/install/ika_sensors/lib/python3.10/site-packages/ika_sensors/pressure_altitude_node.py to pressure_altitude_node.cpython-310.pyc\n'}
[4.285049] (ika_sensors) StdoutLine: {'line': b'byte-compiling /home/sukru/ika_teknofest_aventra_ws/install/ika_sensors/lib/python3.10/site-packages/ika_sensors/temp_humidity_node.py to temp_humidity_node.cpython-310.pyc\n'}
[4.285313] (ika_sensors) StdoutLine: {'line': b'running install_data\n'}
[4.285372] (ika_sensors) StdoutLine: {'line': b'creating /home/sukru/ika_teknofest_aventra_ws/install/ika_sensors/share/ament_index\n'}
[4.285451] (ika_sensors) StdoutLine: {'line': b'creating /home/sukru/ika_teknofest_aventra_ws/install/ika_sensors/share/ament_index/resource_index\n'}
[4.285512] (ika_sensors) StdoutLine: {'line': b'creating /home/sukru/ika_teknofest_aventra_ws/install/ika_sensors/share/ament_index/resource_index/packages\n'}
[4.285569] (ika_sensors) StdoutLine: {'line': b'copying resource/ika_sensors -> /home/sukru/ika_teknofest_aventra_ws/install/ika_sensors/share/ament_index/resource_index/packages\n'}
[4.285627] (ika_sensors) StdoutLine: {'line': b'copying package.xml -> /home/sukru/ika_teknofest_aventra_ws/install/ika_sensors/share/ika_sensors\n'}
[4.285696] (ika_sensors) StdoutLine: {'line': b'creating /home/sukru/ika_teknofest_aventra_ws/install/ika_sensors/share/ika_sensors/launch\n'}
[4.285750] (ika_sensors) StdoutLine: {'line': b'copying launch/imu.launch.py -> /home/sukru/ika_teknofest_aventra_ws/install/ika_sensors/share/ika_sensors/launch\n'}
[4.285808] (ika_sensors) StdoutLine: {'line': b'copying launch/lidar.launch.py -> /home/sukru/ika_teknofest_aventra_ws/install/ika_sensors/share/ika_sensors/launch\n'}
[4.285865] (ika_sensors) StdoutLine: {'line': b'copying launch/environmental.launch.py -> /home/sukru/ika_teknofest_aventra_ws/install/ika_sensors/share/ika_sensors/launch\n'}
[4.285908] (ika_sensors) StdoutLine: {'line': b'copying launch/cameras.launch.py -> /home/sukru/ika_teknofest_aventra_ws/install/ika_sensors/share/ika_sensors/launch\n'}
[4.285962] (ika_sensors) StdoutLine: {'line': b'copying launch/gps.launch.py -> /home/sukru/ika_teknofest_aventra_ws/install/ika_sensors/share/ika_sensors/launch\n'}
[4.286004] (ika_sensors) StdoutLine: {'line': b'running install_egg_info\n'}
[4.286731] (ika_sensors) StdoutLine: {'line': b'Copying ../../build/ika_sensors/ika_sensors.egg-info to /home/sukru/ika_teknofest_aventra_ws/install/ika_sensors/lib/python3.10/site-packages/ika_sensors-0.0.1-py3.10.egg-info\n'}
[4.287197] (ika_sensors) StdoutLine: {'line': b'running install_scripts\n'}
[4.297900] (ika_sensors) StdoutLine: {'line': b'Installing laser_range_node script to /home/sukru/ika_teknofest_aventra_ws/install/ika_sensors/lib/ika_sensors\n'}
[4.297981] (ika_sensors) StdoutLine: {'line': b'Installing pressure_altitude_node script to /home/sukru/ika_teknofest_aventra_ws/install/ika_sensors/lib/ika_sensors\n'}
[4.298049] (ika_sensors) StdoutLine: {'line': b'Installing temp_humidity_node script to /home/sukru/ika_teknofest_aventra_ws/install/ika_sensors/lib/ika_sensors\n'}
[4.298186] (ika_sensors) StdoutLine: {'line': b"writing list of installed files to '/home/sukru/ika_teknofest_aventra_ws/build/ika_sensors/install.log'\n"}
[4.306832] (-) TimerEvent: {}
[4.309578] (ika_sensors) CommandEnded: {'returncode': 0}
[4.314578] (ika_sensors) JobEnded: {'identifier': 'ika_sensors', 'rc': 0}
[4.315022] (-) EventReactorShutdown: {}
