[0.057s] DEBUG:colcon:Command line arguments: ['/usr/bin/colcon', 'build', '--packages-select', 'ika_description', 'ika_control', 'ika_gazebo', 'ika_bringup']
[0.057s] DEBUG:colcon:Parsed command line arguments: Namespace(log_base=None, log_level=None, verb_name='build', build_base='build', install_base='install', merge_install=False, symlink_install=False, test_result_base=None, continue_on_error=False, executor='parallel', parallel_workers=12, event_handlers=None, ignore_user_meta=False, metas=['./colcon.meta'], base_paths=['.'], packages_ignore=None, packages_ignore_regex=None, paths=None, packages_up_to=None, packages_up_to_regex=None, packages_above=None, packages_above_and_dependencies=None, packages_above_depth=None, packages_select_by_dep=None, packages_skip_by_dep=None, packages_skip_up_to=None, packages_select_build_failed=False, packages_skip_build_finished=False, packages_select_test_failures=False, packages_skip_test_passed=False, packages_select=['ika_description', 'ika_control', 'ika_gazebo', 'ika_bringup'], packages_skip=None, packages_select_regex=None, packages_skip_regex=None, packages_start=None, packages_end=None, allow_overriding=[], cmake_args=None, cmake_target=None, cmake_target_skip_unavailable=False, cmake_clean_cache=False, cmake_clean_first=False, cmake_force_configure=False, ament_cmake_args=None, catkin_cmake_args=None, catkin_skip_building_tests=False, mixin_files=None, mixin=None, verb_parser=<colcon_mixin.mixin.mixin_argument.MixinArgumentDecorator object at 0x7f025ab339d0>, verb_extension=<colcon_core.verb.build.BuildVerb object at 0x7f025ab33520>, main=<bound method BuildVerb.main of <colcon_core.verb.build.BuildVerb object at 0x7f025ab33520>>, mixin_verb=('build',))
[0.152s] Level 1:colcon.colcon_core.package_discovery:discover_packages(colcon_meta) check parameters
[0.152s] Level 1:colcon.colcon_core.package_discovery:discover_packages(recursive) check parameters
[0.152s] Level 1:colcon.colcon_core.package_discovery:discover_packages(ignore) check parameters
[0.152s] Level 1:colcon.colcon_core.package_discovery:discover_packages(path) check parameters
[0.152s] Level 1:colcon.colcon_core.package_discovery:discover_packages(colcon_meta) discover
[0.152s] Level 1:colcon.colcon_core.package_discovery:discover_packages(recursive) discover
[0.152s] INFO:colcon.colcon_core.package_discovery:Crawling recursively for packages in '/home/sukru/ika_teknofest_aventra_ws'
[0.152s] Level 1:colcon.colcon_core.package_identification:_identify(.) by extensions ['ignore', 'ignore_ament_install']
[0.152s] Level 1:colcon.colcon_core.package_identification:_identify(.) by extension 'ignore'
[0.152s] Level 1:colcon.colcon_core.package_identification:_identify(.) by extension 'ignore_ament_install'
[0.152s] Level 1:colcon.colcon_core.package_identification:_identify(.) by extensions ['colcon_pkg']
[0.152s] Level 1:colcon.colcon_core.package_identification:_identify(.) by extension 'colcon_pkg'
[0.153s] Level 1:colcon.colcon_core.package_identification:_identify(.) by extensions ['colcon_meta']
[0.153s] Level 1:colcon.colcon_core.package_identification:_identify(.) by extension 'colcon_meta'
[0.153s] Level 1:colcon.colcon_core.package_identification:_identify(.) by extensions ['ros']
[0.153s] Level 1:colcon.colcon_core.package_identification:_identify(.) by extension 'ros'
[0.159s] Level 1:colcon.colcon_core.package_identification:_identify(.) by extensions ['cmake', 'python']
[0.159s] Level 1:colcon.colcon_core.package_identification:_identify(.) by extension 'cmake'
[0.159s] Level 1:colcon.colcon_core.package_identification:_identify(.) by extension 'python'
[0.159s] Level 1:colcon.colcon_core.package_identification:_identify(.) by extensions ['python_setup_py']
[0.159s] Level 1:colcon.colcon_core.package_identification:_identify(.) by extension 'python_setup_py'
[0.159s] Level 1:colcon.colcon_core.package_identification:_identify(build) by extensions ['ignore', 'ignore_ament_install']
[0.159s] Level 1:colcon.colcon_core.package_identification:_identify(build) by extension 'ignore'
[0.159s] Level 1:colcon.colcon_core.package_identification:_identify(build) ignored
[0.159s] Level 1:colcon.colcon_core.package_identification:_identify(install) by extensions ['ignore', 'ignore_ament_install']
[0.159s] Level 1:colcon.colcon_core.package_identification:_identify(install) by extension 'ignore'
[0.159s] Level 1:colcon.colcon_core.package_identification:_identify(install) ignored
[0.159s] Level 1:colcon.colcon_core.package_identification:_identify(log) by extensions ['ignore', 'ignore_ament_install']
[0.159s] Level 1:colcon.colcon_core.package_identification:_identify(log) by extension 'ignore'
[0.159s] Level 1:colcon.colcon_core.package_identification:_identify(log) ignored
[0.159s] Level 1:colcon.colcon_core.package_identification:_identify(src) by extensions ['ignore', 'ignore_ament_install']
[0.159s] Level 1:colcon.colcon_core.package_identification:_identify(src) by extension 'ignore'
[0.159s] Level 1:colcon.colcon_core.package_identification:_identify(src) by extension 'ignore_ament_install'
[0.159s] Level 1:colcon.colcon_core.package_identification:_identify(src) by extensions ['colcon_pkg']
[0.159s] Level 1:colcon.colcon_core.package_identification:_identify(src) by extension 'colcon_pkg'
[0.159s] Level 1:colcon.colcon_core.package_identification:_identify(src) by extensions ['colcon_meta']
[0.159s] Level 1:colcon.colcon_core.package_identification:_identify(src) by extension 'colcon_meta'
[0.159s] Level 1:colcon.colcon_core.package_identification:_identify(src) by extensions ['ros']
[0.159s] Level 1:colcon.colcon_core.package_identification:_identify(src) by extension 'ros'
[0.159s] Level 1:colcon.colcon_core.package_identification:_identify(src) by extensions ['cmake', 'python']
[0.159s] Level 1:colcon.colcon_core.package_identification:_identify(src) by extension 'cmake'
[0.159s] Level 1:colcon.colcon_core.package_identification:_identify(src) by extension 'python'
[0.159s] Level 1:colcon.colcon_core.package_identification:_identify(src) by extensions ['python_setup_py']
[0.159s] Level 1:colcon.colcon_core.package_identification:_identify(src) by extension 'python_setup_py'
[0.160s] Level 1:colcon.colcon_core.package_identification:_identify(src/ika_behaviors) by extensions ['ignore', 'ignore_ament_install']
[0.160s] Level 1:colcon.colcon_core.package_identification:_identify(src/ika_behaviors) by extension 'ignore'
[0.160s] Level 1:colcon.colcon_core.package_identification:_identify(src/ika_behaviors) by extension 'ignore_ament_install'
[0.160s] Level 1:colcon.colcon_core.package_identification:_identify(src/ika_behaviors) by extensions ['colcon_pkg']
[0.160s] Level 1:colcon.colcon_core.package_identification:_identify(src/ika_behaviors) by extension 'colcon_pkg'
[0.160s] Level 1:colcon.colcon_core.package_identification:_identify(src/ika_behaviors) by extensions ['colcon_meta']
[0.160s] Level 1:colcon.colcon_core.package_identification:_identify(src/ika_behaviors) by extension 'colcon_meta'
[0.160s] Level 1:colcon.colcon_core.package_identification:_identify(src/ika_behaviors) by extensions ['ros']
[0.160s] Level 1:colcon.colcon_core.package_identification:_identify(src/ika_behaviors) by extension 'ros'
[0.166s] DEBUG:colcon.colcon_core.package_identification:Package 'src/ika_behaviors' with type 'ros.ament_python' and name 'ika_behaviors'
[0.166s] Level 1:colcon.colcon_core.package_identification:_identify(src/ika_bringup) by extensions ['ignore', 'ignore_ament_install']
[0.166s] Level 1:colcon.colcon_core.package_identification:_identify(src/ika_bringup) by extension 'ignore'
[0.166s] Level 1:colcon.colcon_core.package_identification:_identify(src/ika_bringup) by extension 'ignore_ament_install'
[0.166s] Level 1:colcon.colcon_core.package_identification:_identify(src/ika_bringup) by extensions ['colcon_pkg']
[0.166s] Level 1:colcon.colcon_core.package_identification:_identify(src/ika_bringup) by extension 'colcon_pkg'
[0.166s] Level 1:colcon.colcon_core.package_identification:_identify(src/ika_bringup) by extensions ['colcon_meta']
[0.166s] Level 1:colcon.colcon_core.package_identification:_identify(src/ika_bringup) by extension 'colcon_meta'
[0.166s] Level 1:colcon.colcon_core.package_identification:_identify(src/ika_bringup) by extensions ['ros']
[0.166s] Level 1:colcon.colcon_core.package_identification:_identify(src/ika_bringup) by extension 'ros'
[0.166s] DEBUG:colcon.colcon_core.package_identification:Package 'src/ika_bringup' with type 'ros.ament_cmake' and name 'ika_bringup'
[0.166s] Level 1:colcon.colcon_core.package_identification:_identify(src/ika_control) by extensions ['ignore', 'ignore_ament_install']
[0.167s] Level 1:colcon.colcon_core.package_identification:_identify(src/ika_control) by extension 'ignore'
[0.167s] Level 1:colcon.colcon_core.package_identification:_identify(src/ika_control) by extension 'ignore_ament_install'
[0.167s] Level 1:colcon.colcon_core.package_identification:_identify(src/ika_control) by extensions ['colcon_pkg']
[0.167s] Level 1:colcon.colcon_core.package_identification:_identify(src/ika_control) by extension 'colcon_pkg'
[0.167s] Level 1:colcon.colcon_core.package_identification:_identify(src/ika_control) by extensions ['colcon_meta']
[0.167s] Level 1:colcon.colcon_core.package_identification:_identify(src/ika_control) by extension 'colcon_meta'
[0.167s] Level 1:colcon.colcon_core.package_identification:_identify(src/ika_control) by extensions ['ros']
[0.167s] Level 1:colcon.colcon_core.package_identification:_identify(src/ika_control) by extension 'ros'
[0.167s] DEBUG:colcon.colcon_core.package_identification:Package 'src/ika_control' with type 'ros.ament_python' and name 'ika_control'
[0.167s] Level 1:colcon.colcon_core.package_identification:_identify(src/ika_data_logger) by extensions ['ignore', 'ignore_ament_install']
[0.167s] Level 1:colcon.colcon_core.package_identification:_identify(src/ika_data_logger) by extension 'ignore'
[0.167s] Level 1:colcon.colcon_core.package_identification:_identify(src/ika_data_logger) by extension 'ignore_ament_install'
[0.167s] Level 1:colcon.colcon_core.package_identification:_identify(src/ika_data_logger) by extensions ['colcon_pkg']
[0.167s] Level 1:colcon.colcon_core.package_identification:_identify(src/ika_data_logger) by extension 'colcon_pkg'
[0.167s] Level 1:colcon.colcon_core.package_identification:_identify(src/ika_data_logger) by extensions ['colcon_meta']
[0.167s] Level 1:colcon.colcon_core.package_identification:_identify(src/ika_data_logger) by extension 'colcon_meta'
[0.167s] Level 1:colcon.colcon_core.package_identification:_identify(src/ika_data_logger) by extensions ['ros']
[0.167s] Level 1:colcon.colcon_core.package_identification:_identify(src/ika_data_logger) by extension 'ros'
[0.167s] DEBUG:colcon.colcon_core.package_identification:Package 'src/ika_data_logger' with type 'ros.ament_python' and name 'ika_data_logger'
[0.167s] Level 1:colcon.colcon_core.package_identification:_identify(src/ika_description) by extensions ['ignore', 'ignore_ament_install']
[0.168s] Level 1:colcon.colcon_core.package_identification:_identify(src/ika_description) by extension 'ignore'
[0.168s] Level 1:colcon.colcon_core.package_identification:_identify(src/ika_description) by extension 'ignore_ament_install'
[0.168s] Level 1:colcon.colcon_core.package_identification:_identify(src/ika_description) by extensions ['colcon_pkg']
[0.168s] Level 1:colcon.colcon_core.package_identification:_identify(src/ika_description) by extension 'colcon_pkg'
[0.168s] Level 1:colcon.colcon_core.package_identification:_identify(src/ika_description) by extensions ['colcon_meta']
[0.168s] Level 1:colcon.colcon_core.package_identification:_identify(src/ika_description) by extension 'colcon_meta'
[0.168s] Level 1:colcon.colcon_core.package_identification:_identify(src/ika_description) by extensions ['ros']
[0.168s] Level 1:colcon.colcon_core.package_identification:_identify(src/ika_description) by extension 'ros'
[0.168s] DEBUG:colcon.colcon_core.package_identification:Package 'src/ika_description' with type 'ros.ament_cmake' and name 'ika_description'
[0.168s] Level 1:colcon.colcon_core.package_identification:_identify(src/ika_gazebo) by extensions ['ignore', 'ignore_ament_install']
[0.168s] Level 1:colcon.colcon_core.package_identification:_identify(src/ika_gazebo) by extension 'ignore'
[0.168s] Level 1:colcon.colcon_core.package_identification:_identify(src/ika_gazebo) by extension 'ignore_ament_install'
[0.168s] Level 1:colcon.colcon_core.package_identification:_identify(src/ika_gazebo) by extensions ['colcon_pkg']
[0.168s] Level 1:colcon.colcon_core.package_identification:_identify(src/ika_gazebo) by extension 'colcon_pkg'
[0.168s] Level 1:colcon.colcon_core.package_identification:_identify(src/ika_gazebo) by extensions ['colcon_meta']
[0.168s] Level 1:colcon.colcon_core.package_identification:_identify(src/ika_gazebo) by extension 'colcon_meta'
[0.168s] Level 1:colcon.colcon_core.package_identification:_identify(src/ika_gazebo) by extensions ['ros']
[0.168s] Level 1:colcon.colcon_core.package_identification:_identify(src/ika_gazebo) by extension 'ros'
[0.169s] DEBUG:colcon.colcon_core.package_identification:Package 'src/ika_gazebo' with type 'ros.ament_cmake' and name 'ika_gazebo'
[0.169s] Level 1:colcon.colcon_core.package_identification:_identify(src/ika_hardware) by extensions ['ignore', 'ignore_ament_install']
[0.169s] Level 1:colcon.colcon_core.package_identification:_identify(src/ika_hardware) by extension 'ignore'
[0.169s] Level 1:colcon.colcon_core.package_identification:_identify(src/ika_hardware) by extension 'ignore_ament_install'
[0.169s] Level 1:colcon.colcon_core.package_identification:_identify(src/ika_hardware) by extensions ['colcon_pkg']
[0.169s] Level 1:colcon.colcon_core.package_identification:_identify(src/ika_hardware) by extension 'colcon_pkg'
[0.169s] Level 1:colcon.colcon_core.package_identification:_identify(src/ika_hardware) by extensions ['colcon_meta']
[0.169s] Level 1:colcon.colcon_core.package_identification:_identify(src/ika_hardware) by extension 'colcon_meta'
[0.169s] Level 1:colcon.colcon_core.package_identification:_identify(src/ika_hardware) by extensions ['ros']
[0.169s] Level 1:colcon.colcon_core.package_identification:_identify(src/ika_hardware) by extension 'ros'
[0.169s] DEBUG:colcon.colcon_core.package_identification:Package 'src/ika_hardware' with type 'ros.ament_python' and name 'ika_hardware'
[0.169s] Level 1:colcon.colcon_core.package_identification:_identify(src/ika_localization) by extensions ['ignore', 'ignore_ament_install']
[0.169s] Level 1:colcon.colcon_core.package_identification:_identify(src/ika_localization) by extension 'ignore'
[0.169s] Level 1:colcon.colcon_core.package_identification:_identify(src/ika_localization) by extension 'ignore_ament_install'
[0.169s] Level 1:colcon.colcon_core.package_identification:_identify(src/ika_localization) by extensions ['colcon_pkg']
[0.169s] Level 1:colcon.colcon_core.package_identification:_identify(src/ika_localization) by extension 'colcon_pkg'
[0.169s] Level 1:colcon.colcon_core.package_identification:_identify(src/ika_localization) by extensions ['colcon_meta']
[0.169s] Level 1:colcon.colcon_core.package_identification:_identify(src/ika_localization) by extension 'colcon_meta'
[0.169s] Level 1:colcon.colcon_core.package_identification:_identify(src/ika_localization) by extensions ['ros']
[0.169s] Level 1:colcon.colcon_core.package_identification:_identify(src/ika_localization) by extension 'ros'
[0.169s] DEBUG:colcon.colcon_core.package_identification:Package 'src/ika_localization' with type 'ros.ament_python' and name 'ika_localization'
[0.170s] Level 1:colcon.colcon_core.package_identification:_identify(src/ika_mission_manager) by extensions ['ignore', 'ignore_ament_install']
[0.170s] Level 1:colcon.colcon_core.package_identification:_identify(src/ika_mission_manager) by extension 'ignore'
[0.170s] Level 1:colcon.colcon_core.package_identification:_identify(src/ika_mission_manager) by extension 'ignore_ament_install'
[0.170s] Level 1:colcon.colcon_core.package_identification:_identify(src/ika_mission_manager) by extensions ['colcon_pkg']
[0.170s] Level 1:colcon.colcon_core.package_identification:_identify(src/ika_mission_manager) by extension 'colcon_pkg'
[0.170s] Level 1:colcon.colcon_core.package_identification:_identify(src/ika_mission_manager) by extensions ['colcon_meta']
[0.170s] Level 1:colcon.colcon_core.package_identification:_identify(src/ika_mission_manager) by extension 'colcon_meta'
[0.170s] Level 1:colcon.colcon_core.package_identification:_identify(src/ika_mission_manager) by extensions ['ros']
[0.170s] Level 1:colcon.colcon_core.package_identification:_identify(src/ika_mission_manager) by extension 'ros'
[0.170s] DEBUG:colcon.colcon_core.package_identification:Package 'src/ika_mission_manager' with type 'ros.ament_python' and name 'ika_mission_manager'
[0.170s] Level 1:colcon.colcon_core.package_identification:_identify(src/ika_msgs) by extensions ['ignore', 'ignore_ament_install']
[0.170s] Level 1:colcon.colcon_core.package_identification:_identify(src/ika_msgs) by extension 'ignore'
[0.170s] Level 1:colcon.colcon_core.package_identification:_identify(src/ika_msgs) by extension 'ignore_ament_install'
[0.170s] Level 1:colcon.colcon_core.package_identification:_identify(src/ika_msgs) by extensions ['colcon_pkg']
[0.170s] Level 1:colcon.colcon_core.package_identification:_identify(src/ika_msgs) by extension 'colcon_pkg'
[0.170s] Level 1:colcon.colcon_core.package_identification:_identify(src/ika_msgs) by extensions ['colcon_meta']
[0.170s] Level 1:colcon.colcon_core.package_identification:_identify(src/ika_msgs) by extension 'colcon_meta'
[0.170s] Level 1:colcon.colcon_core.package_identification:_identify(src/ika_msgs) by extensions ['ros']
[0.170s] Level 1:colcon.colcon_core.package_identification:_identify(src/ika_msgs) by extension 'ros'
[0.170s] DEBUG:colcon.colcon_core.package_identification:Package 'src/ika_msgs' with type 'ros.ament_cmake' and name 'ika_msgs'
[0.170s] Level 1:colcon.colcon_core.package_identification:_identify(src/ika_navigation) by extensions ['ignore', 'ignore_ament_install']
[0.170s] Level 1:colcon.colcon_core.package_identification:_identify(src/ika_navigation) by extension 'ignore'
[0.171s] Level 1:colcon.colcon_core.package_identification:_identify(src/ika_navigation) by extension 'ignore_ament_install'
[0.171s] Level 1:colcon.colcon_core.package_identification:_identify(src/ika_navigation) by extensions ['colcon_pkg']
[0.171s] Level 1:colcon.colcon_core.package_identification:_identify(src/ika_navigation) by extension 'colcon_pkg'
[0.171s] Level 1:colcon.colcon_core.package_identification:_identify(src/ika_navigation) by extensions ['colcon_meta']
[0.171s] Level 1:colcon.colcon_core.package_identification:_identify(src/ika_navigation) by extension 'colcon_meta'
[0.171s] Level 1:colcon.colcon_core.package_identification:_identify(src/ika_navigation) by extensions ['ros']
[0.171s] Level 1:colcon.colcon_core.package_identification:_identify(src/ika_navigation) by extension 'ros'
[0.171s] DEBUG:colcon.colcon_core.package_identification:Package 'src/ika_navigation' with type 'ros.ament_python' and name 'ika_navigation'
[0.171s] Level 1:colcon.colcon_core.package_identification:_identify(src/ika_perception) by extensions ['ignore', 'ignore_ament_install']
[0.171s] Level 1:colcon.colcon_core.package_identification:_identify(src/ika_perception) by extension 'ignore'
[0.171s] Level 1:colcon.colcon_core.package_identification:_identify(src/ika_perception) by extension 'ignore_ament_install'
[0.171s] Level 1:colcon.colcon_core.package_identification:_identify(src/ika_perception) by extensions ['colcon_pkg']
[0.171s] Level 1:colcon.colcon_core.package_identification:_identify(src/ika_perception) by extension 'colcon_pkg'
[0.171s] Level 1:colcon.colcon_core.package_identification:_identify(src/ika_perception) by extensions ['colcon_meta']
[0.171s] Level 1:colcon.colcon_core.package_identification:_identify(src/ika_perception) by extension 'colcon_meta'
[0.171s] Level 1:colcon.colcon_core.package_identification:_identify(src/ika_perception) by extensions ['ros']
[0.171s] Level 1:colcon.colcon_core.package_identification:_identify(src/ika_perception) by extension 'ros'
[0.171s] DEBUG:colcon.colcon_core.package_identification:Package 'src/ika_perception' with type 'ros.ament_python' and name 'ika_perception'
[0.171s] Level 1:colcon.colcon_core.package_identification:_identify(src/ika_sensors) by extensions ['ignore', 'ignore_ament_install']
[0.171s] Level 1:colcon.colcon_core.package_identification:_identify(src/ika_sensors) by extension 'ignore'
[0.171s] Level 1:colcon.colcon_core.package_identification:_identify(src/ika_sensors) by extension 'ignore_ament_install'
[0.171s] Level 1:colcon.colcon_core.package_identification:_identify(src/ika_sensors) by extensions ['colcon_pkg']
[0.171s] Level 1:colcon.colcon_core.package_identification:_identify(src/ika_sensors) by extension 'colcon_pkg'
[0.171s] Level 1:colcon.colcon_core.package_identification:_identify(src/ika_sensors) by extensions ['colcon_meta']
[0.171s] Level 1:colcon.colcon_core.package_identification:_identify(src/ika_sensors) by extension 'colcon_meta'
[0.171s] Level 1:colcon.colcon_core.package_identification:_identify(src/ika_sensors) by extensions ['ros']
[0.171s] Level 1:colcon.colcon_core.package_identification:_identify(src/ika_sensors) by extension 'ros'
[0.172s] DEBUG:colcon.colcon_core.package_identification:Package 'src/ika_sensors' with type 'ros.ament_python' and name 'ika_sensors'
[0.172s] Level 1:colcon.colcon_core.package_identification:_identify(src/ika_targeting) by extensions ['ignore', 'ignore_ament_install']
[0.172s] Level 1:colcon.colcon_core.package_identification:_identify(src/ika_targeting) by extension 'ignore'
[0.172s] Level 1:colcon.colcon_core.package_identification:_identify(src/ika_targeting) by extension 'ignore_ament_install'
[0.172s] Level 1:colcon.colcon_core.package_identification:_identify(src/ika_targeting) by extensions ['colcon_pkg']
[0.172s] Level 1:colcon.colcon_core.package_identification:_identify(src/ika_targeting) by extension 'colcon_pkg'
[0.172s] Level 1:colcon.colcon_core.package_identification:_identify(src/ika_targeting) by extensions ['colcon_meta']
[0.172s] Level 1:colcon.colcon_core.package_identification:_identify(src/ika_targeting) by extension 'colcon_meta'
[0.172s] Level 1:colcon.colcon_core.package_identification:_identify(src/ika_targeting) by extensions ['ros']
[0.172s] Level 1:colcon.colcon_core.package_identification:_identify(src/ika_targeting) by extension 'ros'
[0.172s] DEBUG:colcon.colcon_core.package_identification:Package 'src/ika_targeting' with type 'ros.ament_python' and name 'ika_targeting'
[0.172s] Level 1:colcon.colcon_core.package_identification:_identify(src/ika_ui_bridge) by extensions ['ignore', 'ignore_ament_install']
[0.172s] Level 1:colcon.colcon_core.package_identification:_identify(src/ika_ui_bridge) by extension 'ignore'
[0.172s] Level 1:colcon.colcon_core.package_identification:_identify(src/ika_ui_bridge) by extension 'ignore_ament_install'
[0.172s] Level 1:colcon.colcon_core.package_identification:_identify(src/ika_ui_bridge) by extensions ['colcon_pkg']
[0.172s] Level 1:colcon.colcon_core.package_identification:_identify(src/ika_ui_bridge) by extension 'colcon_pkg'
[0.172s] Level 1:colcon.colcon_core.package_identification:_identify(src/ika_ui_bridge) by extensions ['colcon_meta']
[0.172s] Level 1:colcon.colcon_core.package_identification:_identify(src/ika_ui_bridge) by extension 'colcon_meta'
[0.172s] Level 1:colcon.colcon_core.package_identification:_identify(src/ika_ui_bridge) by extensions ['ros']
[0.172s] Level 1:colcon.colcon_core.package_identification:_identify(src/ika_ui_bridge) by extension 'ros'
[0.173s] DEBUG:colcon.colcon_core.package_identification:Package 'src/ika_ui_bridge' with type 'ros.ament_python' and name 'ika_ui_bridge'
[0.173s] Level 1:colcon.colcon_core.package_discovery:discover_packages(recursive) using defaults
[0.173s] Level 1:colcon.colcon_core.package_discovery:discover_packages(ignore) discover
[0.173s] Level 1:colcon.colcon_core.package_discovery:discover_packages(ignore) using defaults
[0.173s] Level 1:colcon.colcon_core.package_discovery:discover_packages(path) discover
[0.173s] Level 1:colcon.colcon_core.package_discovery:discover_packages(path) using defaults
[0.184s] INFO:colcon.colcon_core.package_selection:Skipping not selected package 'ika_behaviors' in 'src/ika_behaviors'
[0.184s] INFO:colcon.colcon_core.package_selection:Skipping not selected package 'ika_data_logger' in 'src/ika_data_logger'
[0.184s] INFO:colcon.colcon_core.package_selection:Skipping not selected package 'ika_hardware' in 'src/ika_hardware'
[0.184s] INFO:colcon.colcon_core.package_selection:Skipping not selected package 'ika_localization' in 'src/ika_localization'
[0.184s] INFO:colcon.colcon_core.package_selection:Skipping not selected package 'ika_mission_manager' in 'src/ika_mission_manager'
[0.184s] INFO:colcon.colcon_core.package_selection:Skipping not selected package 'ika_msgs' in 'src/ika_msgs'
[0.184s] INFO:colcon.colcon_core.package_selection:Skipping not selected package 'ika_navigation' in 'src/ika_navigation'
[0.184s] INFO:colcon.colcon_core.package_selection:Skipping not selected package 'ika_perception' in 'src/ika_perception'
[0.184s] INFO:colcon.colcon_core.package_selection:Skipping not selected package 'ika_targeting' in 'src/ika_targeting'
[0.184s] INFO:colcon.colcon_core.package_selection:Skipping not selected package 'ika_ui_bridge' in 'src/ika_ui_bridge'
[0.184s] INFO:colcon.colcon_core.package_selection:Skipping not selected package 'ika_sensors' in 'src/ika_sensors'
[0.184s] Level 1:colcon.colcon_core.package_discovery:discover_packages(prefix_path) check parameters
[0.184s] Level 1:colcon.colcon_core.package_discovery:discover_packages(prefix_path) discover
[0.185s] DEBUG:colcon.colcon_installed_package_information.package_discovery:Found 1 installed packages in /home/sukru/ika_teknofest_aventra_ws/install
[0.185s] DEBUG:colcon.colcon_installed_package_information.package_discovery:Found 1 installed packages in /home/sukru/ai_autonomi_ws/install
[0.185s] DEBUG:colcon.colcon_installed_package_information.package_discovery:Found 1 installed packages in /home/sukru/Desktop/otonom_atis/install
[0.186s] DEBUG:colcon.colcon_installed_package_information.package_discovery:Found 2 installed packages in /home/sukru/dev_ws/install
[0.186s] DEBUG:colcon.colcon_installed_package_information.package_discovery:Found 8 installed packages in /home/sukru/ros_ws_vacuum_bot/install
[0.186s] DEBUG:colcon.colcon_installed_package_information.package_discovery:Found 1 installed packages in /home/sukru/ros_ws_demo/install
[0.187s] DEBUG:colcon.colcon_installed_package_information.package_discovery:Found 372 installed packages in /opt/ros/humble
[0.188s] Level 1:colcon.colcon_core.package_discovery:discover_packages(prefix_path) using defaults
[0.211s] Level 5:colcon.colcon_core.verb:set package 'ika_control' build argument 'cmake_args' from command line to 'None'
[0.211s] Level 5:colcon.colcon_core.verb:set package 'ika_control' build argument 'cmake_target' from command line to 'None'
[0.211s] Level 5:colcon.colcon_core.verb:set package 'ika_control' build argument 'cmake_target_skip_unavailable' from command line to 'False'
[0.211s] Level 5:colcon.colcon_core.verb:set package 'ika_control' build argument 'cmake_clean_cache' from command line to 'False'
[0.211s] Level 5:colcon.colcon_core.verb:set package 'ika_control' build argument 'cmake_clean_first' from command line to 'False'
[0.211s] Level 5:colcon.colcon_core.verb:set package 'ika_control' build argument 'cmake_force_configure' from command line to 'False'
[0.211s] Level 5:colcon.colcon_core.verb:set package 'ika_control' build argument 'ament_cmake_args' from command line to 'None'
[0.211s] Level 5:colcon.colcon_core.verb:set package 'ika_control' build argument 'catkin_cmake_args' from command line to 'None'
[0.211s] Level 5:colcon.colcon_core.verb:set package 'ika_control' build argument 'catkin_skip_building_tests' from command line to 'False'
[0.211s] DEBUG:colcon.colcon_core.verb:Building package 'ika_control' with the following arguments: {'ament_cmake_args': None, 'build_base': '/home/sukru/ika_teknofest_aventra_ws/build/ika_control', 'catkin_cmake_args': None, 'catkin_skip_building_tests': False, 'cmake_args': None, 'cmake_clean_cache': False, 'cmake_clean_first': False, 'cmake_force_configure': False, 'cmake_target': None, 'cmake_target_skip_unavailable': False, 'install_base': '/home/sukru/ika_teknofest_aventra_ws/install/ika_control', 'merge_install': False, 'path': '/home/sukru/ika_teknofest_aventra_ws/src/ika_control', 'symlink_install': False, 'test_result_base': None}
[0.212s] Level 5:colcon.colcon_core.verb:set package 'ika_description' build argument 'cmake_args' from command line to 'None'
[0.212s] Level 5:colcon.colcon_core.verb:set package 'ika_description' build argument 'cmake_target' from command line to 'None'
[0.212s] Level 5:colcon.colcon_core.verb:set package 'ika_description' build argument 'cmake_target_skip_unavailable' from command line to 'False'
[0.212s] Level 5:colcon.colcon_core.verb:set package 'ika_description' build argument 'cmake_clean_cache' from command line to 'False'
[0.212s] Level 5:colcon.colcon_core.verb:set package 'ika_description' build argument 'cmake_clean_first' from command line to 'False'
[0.212s] Level 5:colcon.colcon_core.verb:set package 'ika_description' build argument 'cmake_force_configure' from command line to 'False'
[0.212s] Level 5:colcon.colcon_core.verb:set package 'ika_description' build argument 'ament_cmake_args' from command line to 'None'
[0.212s] Level 5:colcon.colcon_core.verb:set package 'ika_description' build argument 'catkin_cmake_args' from command line to 'None'
[0.212s] Level 5:colcon.colcon_core.verb:set package 'ika_description' build argument 'catkin_skip_building_tests' from command line to 'False'
[0.212s] DEBUG:colcon.colcon_core.verb:Building package 'ika_description' with the following arguments: {'ament_cmake_args': None, 'build_base': '/home/sukru/ika_teknofest_aventra_ws/build/ika_description', 'catkin_cmake_args': None, 'catkin_skip_building_tests': False, 'cmake_args': None, 'cmake_clean_cache': False, 'cmake_clean_first': False, 'cmake_force_configure': False, 'cmake_target': None, 'cmake_target_skip_unavailable': False, 'install_base': '/home/sukru/ika_teknofest_aventra_ws/install/ika_description', 'merge_install': False, 'path': '/home/sukru/ika_teknofest_aventra_ws/src/ika_description', 'symlink_install': False, 'test_result_base': None}
[0.212s] Level 5:colcon.colcon_core.verb:set package 'ika_gazebo' build argument 'cmake_args' from command line to 'None'
[0.212s] Level 5:colcon.colcon_core.verb:set package 'ika_gazebo' build argument 'cmake_target' from command line to 'None'
[0.212s] Level 5:colcon.colcon_core.verb:set package 'ika_gazebo' build argument 'cmake_target_skip_unavailable' from command line to 'False'
[0.212s] Level 5:colcon.colcon_core.verb:set package 'ika_gazebo' build argument 'cmake_clean_cache' from command line to 'False'
[0.212s] Level 5:colcon.colcon_core.verb:set package 'ika_gazebo' build argument 'cmake_clean_first' from command line to 'False'
[0.212s] Level 5:colcon.colcon_core.verb:set package 'ika_gazebo' build argument 'cmake_force_configure' from command line to 'False'
[0.212s] Level 5:colcon.colcon_core.verb:set package 'ika_gazebo' build argument 'ament_cmake_args' from command line to 'None'
[0.212s] Level 5:colcon.colcon_core.verb:set package 'ika_gazebo' build argument 'catkin_cmake_args' from command line to 'None'
[0.212s] Level 5:colcon.colcon_core.verb:set package 'ika_gazebo' build argument 'catkin_skip_building_tests' from command line to 'False'
[0.212s] DEBUG:colcon.colcon_core.verb:Building package 'ika_gazebo' with the following arguments: {'ament_cmake_args': None, 'build_base': '/home/sukru/ika_teknofest_aventra_ws/build/ika_gazebo', 'catkin_cmake_args': None, 'catkin_skip_building_tests': False, 'cmake_args': None, 'cmake_clean_cache': False, 'cmake_clean_first': False, 'cmake_force_configure': False, 'cmake_target': None, 'cmake_target_skip_unavailable': False, 'install_base': '/home/sukru/ika_teknofest_aventra_ws/install/ika_gazebo', 'merge_install': False, 'path': '/home/sukru/ika_teknofest_aventra_ws/src/ika_gazebo', 'symlink_install': False, 'test_result_base': None}
[0.212s] Level 5:colcon.colcon_core.verb:set package 'ika_bringup' build argument 'cmake_args' from command line to 'None'
[0.212s] Level 5:colcon.colcon_core.verb:set package 'ika_bringup' build argument 'cmake_target' from command line to 'None'
[0.212s] Level 5:colcon.colcon_core.verb:set package 'ika_bringup' build argument 'cmake_target_skip_unavailable' from command line to 'False'
[0.212s] Level 5:colcon.colcon_core.verb:set package 'ika_bringup' build argument 'cmake_clean_cache' from command line to 'False'
[0.212s] Level 5:colcon.colcon_core.verb:set package 'ika_bringup' build argument 'cmake_clean_first' from command line to 'False'
[0.212s] Level 5:colcon.colcon_core.verb:set package 'ika_bringup' build argument 'cmake_force_configure' from command line to 'False'
[0.212s] Level 5:colcon.colcon_core.verb:set package 'ika_bringup' build argument 'ament_cmake_args' from command line to 'None'
[0.212s] Level 5:colcon.colcon_core.verb:set package 'ika_bringup' build argument 'catkin_cmake_args' from command line to 'None'
[0.212s] Level 5:colcon.colcon_core.verb:set package 'ika_bringup' build argument 'catkin_skip_building_tests' from command line to 'False'
[0.212s] DEBUG:colcon.colcon_core.verb:Building package 'ika_bringup' with the following arguments: {'ament_cmake_args': None, 'build_base': '/home/sukru/ika_teknofest_aventra_ws/build/ika_bringup', 'catkin_cmake_args': None, 'catkin_skip_building_tests': False, 'cmake_args': None, 'cmake_clean_cache': False, 'cmake_clean_first': False, 'cmake_force_configure': False, 'cmake_target': None, 'cmake_target_skip_unavailable': False, 'install_base': '/home/sukru/ika_teknofest_aventra_ws/install/ika_bringup', 'merge_install': False, 'path': '/home/sukru/ika_teknofest_aventra_ws/src/ika_bringup', 'symlink_install': False, 'test_result_base': None}
[0.212s] INFO:colcon.colcon_core.executor:Executing jobs using 'parallel' executor
[0.213s] DEBUG:colcon.colcon_parallel_executor.executor.parallel:run_until_complete
[0.213s] INFO:colcon.colcon_ros.task.ament_python.build:Building ROS package in '/home/sukru/ika_teknofest_aventra_ws/src/ika_control' with build type 'ament_python'
[0.213s] Level 1:colcon.colcon_core.shell:create_environment_hook('ika_control', 'ament_prefix_path')
[0.214s] INFO:colcon.colcon_core.plugin_system:Skipping extension 'colcon_core.shell.bat': Not used on non-Windows systems
[0.214s] INFO:colcon.colcon_core.shell:Creating environment hook '/home/sukru/ika_teknofest_aventra_ws/install/ika_control/share/ika_control/hook/ament_prefix_path.ps1'
[0.215s] INFO:colcon.colcon_core.shell:Creating environment descriptor '/home/sukru/ika_teknofest_aventra_ws/install/ika_control/share/ika_control/hook/ament_prefix_path.dsv'
[0.215s] INFO:colcon.colcon_core.shell:Creating environment hook '/home/sukru/ika_teknofest_aventra_ws/install/ika_control/share/ika_control/hook/ament_prefix_path.sh'
[0.215s] INFO:colcon.colcon_core.shell:Skip shell extension 'powershell' for command environment: Not usable outside of PowerShell
[0.215s] DEBUG:colcon.colcon_core.shell:Skip shell extension 'dsv' for command environment
[0.370s] INFO:colcon.colcon_core.task.python.build:Building Python package in '/home/sukru/ika_teknofest_aventra_ws/src/ika_control'
[0.370s] INFO:colcon.colcon_core.shell:Skip shell extension 'powershell' for command environment: Not usable outside of PowerShell
[0.370s] DEBUG:colcon.colcon_core.shell:Skip shell extension 'dsv' for command environment
[0.586s] DEBUG:colcon.colcon_core.event_handler.log_command:Invoking command in '/home/sukru/ika_teknofest_aventra_ws/src/ika_control': PYTHONPATH=/home/sukru/ika_teknofest_aventra_ws/build/ika_control/prefix_override:/usr/lib/python3/dist-packages/colcon_core/task/python/colcon_distutils_commands:/home/sukru/ika_teknofest_aventra_ws/install/ika_control/lib/python3.10/site-packages:${PYTHONPATH} /usr/bin/python3 -W ignore:setup.py install is deprecated -W ignore:easy_install command is deprecated setup.py egg_info --egg-base ../../build/ika_control build --build-base /home/sukru/ika_teknofest_aventra_ws/build/ika_control/build install --record /home/sukru/ika_teknofest_aventra_ws/build/ika_control/install.log --single-version-externally-managed install_data
[0.761s] DEBUG:colcon.colcon_core.event_handler.log_command:Invoked command in '/home/sukru/ika_teknofest_aventra_ws/src/ika_control' returned '0': PYTHONPATH=/home/sukru/ika_teknofest_aventra_ws/build/ika_control/prefix_override:/usr/lib/python3/dist-packages/colcon_core/task/python/colcon_distutils_commands:/home/sukru/ika_teknofest_aventra_ws/install/ika_control/lib/python3.10/site-packages:${PYTHONPATH} /usr/bin/python3 -W ignore:setup.py install is deprecated -W ignore:easy_install command is deprecated setup.py egg_info --egg-base ../../build/ika_control build --build-base /home/sukru/ika_teknofest_aventra_ws/build/ika_control/build install --record /home/sukru/ika_teknofest_aventra_ws/build/ika_control/install.log --single-version-externally-managed install_data
[0.763s] Level 1:colcon.colcon_core.environment:checking '/home/sukru/ika_teknofest_aventra_ws/install/ika_control' for CMake module files
[0.764s] Level 1:colcon.colcon_core.environment:checking '/home/sukru/ika_teknofest_aventra_ws/install/ika_control' for CMake config files
[0.764s] Level 1:colcon.colcon_core.environment:checking '/home/sukru/ika_teknofest_aventra_ws/install/ika_control/lib'
[0.765s] Level 1:colcon.colcon_core.environment:checking '/home/sukru/ika_teknofest_aventra_ws/install/ika_control/bin'
[0.765s] Level 1:colcon.colcon_core.environment:checking '/home/sukru/ika_teknofest_aventra_ws/install/ika_control/lib/pkgconfig/ika_control.pc'
[0.765s] Level 1:colcon.colcon_core.environment:checking '/home/sukru/ika_teknofest_aventra_ws/install/ika_control/lib/python3.10/site-packages'
[0.765s] Level 1:colcon.colcon_core.shell:create_environment_hook('ika_control', 'pythonpath')
[0.765s] INFO:colcon.colcon_core.shell:Creating environment hook '/home/sukru/ika_teknofest_aventra_ws/install/ika_control/share/ika_control/hook/pythonpath.ps1'
[0.766s] INFO:colcon.colcon_core.shell:Creating environment descriptor '/home/sukru/ika_teknofest_aventra_ws/install/ika_control/share/ika_control/hook/pythonpath.dsv'
[0.766s] INFO:colcon.colcon_core.shell:Creating environment hook '/home/sukru/ika_teknofest_aventra_ws/install/ika_control/share/ika_control/hook/pythonpath.sh'
[0.767s] Level 1:colcon.colcon_core.environment:checking '/home/sukru/ika_teknofest_aventra_ws/install/ika_control/bin'
[0.767s] Level 1:colcon.colcon_core.environment:create_environment_scripts_only(ika_control)
[0.767s] INFO:colcon.colcon_core.shell:Creating package script '/home/sukru/ika_teknofest_aventra_ws/install/ika_control/share/ika_control/package.ps1'
[0.767s] INFO:colcon.colcon_core.shell:Creating package descriptor '/home/sukru/ika_teknofest_aventra_ws/install/ika_control/share/ika_control/package.dsv'
[0.768s] INFO:colcon.colcon_core.shell:Creating package script '/home/sukru/ika_teknofest_aventra_ws/install/ika_control/share/ika_control/package.sh'
[0.768s] INFO:colcon.colcon_core.shell:Creating package script '/home/sukru/ika_teknofest_aventra_ws/install/ika_control/share/ika_control/package.bash'
[0.769s] INFO:colcon.colcon_core.shell:Creating package script '/home/sukru/ika_teknofest_aventra_ws/install/ika_control/share/ika_control/package.zsh'
[0.770s] Level 1:colcon.colcon_core.environment:create_file_with_runtime_dependencies(/home/sukru/ika_teknofest_aventra_ws/install/ika_control/share/colcon-core/packages/ika_control)
[0.770s] INFO:colcon.colcon_ros.task.ament_cmake.build:Building ROS package in '/home/sukru/ika_teknofest_aventra_ws/src/ika_description' with build type 'ament_cmake'
[0.770s] INFO:colcon.colcon_cmake.task.cmake.build:Building CMake package in '/home/sukru/ika_teknofest_aventra_ws/src/ika_description'
[0.770s] INFO:colcon.colcon_core.shell:Skip shell extension 'powershell' for command environment: Not usable outside of PowerShell
[0.770s] DEBUG:colcon.colcon_core.shell:Skip shell extension 'dsv' for command environment
[0.779s] DEBUG:colcon.colcon_core.event_handler.log_command:Invoking command in '/home/sukru/ika_teknofest_aventra_ws/build/ika_description': AMENT_PREFIX_PATH=/home/sukru/ika_teknofest_aventra_ws/install/ika_control:${AMENT_PREFIX_PATH} CMAKE_PREFIX_PATH=/opt/ros/humble PYTHONPATH=/home/sukru/ika_teknofest_aventra_ws/install/ika_control/lib/python3.10/site-packages:/home/sukru/ika_teknofest_aventra_ws/install/ika_ui_bridge/lib/python3.10/site-packages:/home/sukru/ika_teknofest_aventra_ws/install/ika_targeting/lib/python3.10/site-packages:/home/sukru/ika_teknofest_aventra_ws/install/ika_perception/lib/python3.10/site-packages:/home/sukru/ika_teknofest_aventra_ws/install/ika_navigation/lib/python3.10/site-packages:/home/sukru/ika_teknofest_aventra_ws/install/ika_mission_manager/lib/python3.10/site-packages:/home/sukru/ika_teknofest_aventra_ws/install/ika_localization/lib/python3.10/site-packages:/home/sukru/ika_teknofest_aventra_ws/install/ika_hardware/lib/python3.10/site-packages:/home/sukru/ika_teknofest_aventra_ws/install/ika_data_logger/lib/python3.10/site-packages:/home/sukru/ika_teknofest_aventra_ws/install/ika_behaviors/lib/python3.10/site-packages:/home/sukru/ika_teknofest_aventra_ws/install/ika_sensors/lib/python3.10/site-packages:/home/sukru/ika_teknofest_aventra_ws/install/ika_msgs/local/lib/python3.10/dist-packages:/home/sukru/ai_autonomi_ws/install/ika_autonomi/lib/python3.10/site-packages:/home/sukru/Desktop/otonom_atis/build/python_pkg:/home/sukru/Desktop/otonom_atis/install/python_pkg/lib/python3.10/site-packages:/home/sukru/ros_ws_vacuum_bot/install/vacuum_teleop/lib/python3.10/site-packages:/home/sukru/ros_ws_vacuum_bot/install/vacuum_sensors/lib/python3.10/site-packages:/home/sukru/ros_ws_vacuum_bot/install/vacuum_navigation/lib/python3.10/site-packages:/home/sukru/ros_ws_vacuum_bot/install/vacuum_msgs/lib/python3.10/site-packages:/home/sukru/ros_ws_vacuum_bot/install/vacuum_mapping/lib/python3.10/site-packages:/home/sukru/ros_ws_vacuum_bot/install/vacuum_description/lib/python3.10/site-packages:/home/sukru/ros_ws_vacuum_bot/install/vacuum_control/lib/python3.10/site-packages:/home/sukru/ros_ws_vacuum_bot/install/vacuum_bringup/lib/python3.10/site-packages:/home/sukru/ros_ws_demo/install/python_pkg/lib/python3.10/site-packages:/opt/ros/humble/lib/python3.10/site-packages:/opt/ros/humble/local/lib/python3.10/dist-packages /usr/bin/cmake /home/sukru/ika_teknofest_aventra_ws/src/ika_description -DCMAKE_INSTALL_PREFIX=/home/sukru/ika_teknofest_aventra_ws/install/ika_description
[1.189s] DEBUG:colcon.colcon_core.event_handler.log_command:Invoked command in '/home/sukru/ika_teknofest_aventra_ws/build/ika_description' returned '0': AMENT_PREFIX_PATH=/home/sukru/ika_teknofest_aventra_ws/install/ika_control:${AMENT_PREFIX_PATH} CMAKE_PREFIX_PATH=/opt/ros/humble PYTHONPATH=/home/sukru/ika_teknofest_aventra_ws/install/ika_control/lib/python3.10/site-packages:/home/sukru/ika_teknofest_aventra_ws/install/ika_ui_bridge/lib/python3.10/site-packages:/home/sukru/ika_teknofest_aventra_ws/install/ika_targeting/lib/python3.10/site-packages:/home/sukru/ika_teknofest_aventra_ws/install/ika_perception/lib/python3.10/site-packages:/home/sukru/ika_teknofest_aventra_ws/install/ika_navigation/lib/python3.10/site-packages:/home/sukru/ika_teknofest_aventra_ws/install/ika_mission_manager/lib/python3.10/site-packages:/home/sukru/ika_teknofest_aventra_ws/install/ika_localization/lib/python3.10/site-packages:/home/sukru/ika_teknofest_aventra_ws/install/ika_hardware/lib/python3.10/site-packages:/home/sukru/ika_teknofest_aventra_ws/install/ika_data_logger/lib/python3.10/site-packages:/home/sukru/ika_teknofest_aventra_ws/install/ika_behaviors/lib/python3.10/site-packages:/home/sukru/ika_teknofest_aventra_ws/install/ika_sensors/lib/python3.10/site-packages:/home/sukru/ika_teknofest_aventra_ws/install/ika_msgs/local/lib/python3.10/dist-packages:/home/sukru/ai_autonomi_ws/install/ika_autonomi/lib/python3.10/site-packages:/home/sukru/Desktop/otonom_atis/build/python_pkg:/home/sukru/Desktop/otonom_atis/install/python_pkg/lib/python3.10/site-packages:/home/sukru/ros_ws_vacuum_bot/install/vacuum_teleop/lib/python3.10/site-packages:/home/sukru/ros_ws_vacuum_bot/install/vacuum_sensors/lib/python3.10/site-packages:/home/sukru/ros_ws_vacuum_bot/install/vacuum_navigation/lib/python3.10/site-packages:/home/sukru/ros_ws_vacuum_bot/install/vacuum_msgs/lib/python3.10/site-packages:/home/sukru/ros_ws_vacuum_bot/install/vacuum_mapping/lib/python3.10/site-packages:/home/sukru/ros_ws_vacuum_bot/install/vacuum_description/lib/python3.10/site-packages:/home/sukru/ros_ws_vacuum_bot/install/vacuum_control/lib/python3.10/site-packages:/home/sukru/ros_ws_vacuum_bot/install/vacuum_bringup/lib/python3.10/site-packages:/home/sukru/ros_ws_demo/install/python_pkg/lib/python3.10/site-packages:/opt/ros/humble/lib/python3.10/site-packages:/opt/ros/humble/local/lib/python3.10/dist-packages /usr/bin/cmake /home/sukru/ika_teknofest_aventra_ws/src/ika_description -DCMAKE_INSTALL_PREFIX=/home/sukru/ika_teknofest_aventra_ws/install/ika_description
[1.191s] DEBUG:colcon.colcon_core.event_handler.log_command:Invoking command in '/home/sukru/ika_teknofest_aventra_ws/build/ika_description': AMENT_PREFIX_PATH=/home/sukru/ika_teknofest_aventra_ws/install/ika_control:${AMENT_PREFIX_PATH} CMAKE_PREFIX_PATH=/opt/ros/humble PYTHONPATH=/home/sukru/ika_teknofest_aventra_ws/install/ika_control/lib/python3.10/site-packages:/home/sukru/ika_teknofest_aventra_ws/install/ika_ui_bridge/lib/python3.10/site-packages:/home/sukru/ika_teknofest_aventra_ws/install/ika_targeting/lib/python3.10/site-packages:/home/sukru/ika_teknofest_aventra_ws/install/ika_perception/lib/python3.10/site-packages:/home/sukru/ika_teknofest_aventra_ws/install/ika_navigation/lib/python3.10/site-packages:/home/sukru/ika_teknofest_aventra_ws/install/ika_mission_manager/lib/python3.10/site-packages:/home/sukru/ika_teknofest_aventra_ws/install/ika_localization/lib/python3.10/site-packages:/home/sukru/ika_teknofest_aventra_ws/install/ika_hardware/lib/python3.10/site-packages:/home/sukru/ika_teknofest_aventra_ws/install/ika_data_logger/lib/python3.10/site-packages:/home/sukru/ika_teknofest_aventra_ws/install/ika_behaviors/lib/python3.10/site-packages:/home/sukru/ika_teknofest_aventra_ws/install/ika_sensors/lib/python3.10/site-packages:/home/sukru/ika_teknofest_aventra_ws/install/ika_msgs/local/lib/python3.10/dist-packages:/home/sukru/ai_autonomi_ws/install/ika_autonomi/lib/python3.10/site-packages:/home/sukru/Desktop/otonom_atis/build/python_pkg:/home/sukru/Desktop/otonom_atis/install/python_pkg/lib/python3.10/site-packages:/home/sukru/ros_ws_vacuum_bot/install/vacuum_teleop/lib/python3.10/site-packages:/home/sukru/ros_ws_vacuum_bot/install/vacuum_sensors/lib/python3.10/site-packages:/home/sukru/ros_ws_vacuum_bot/install/vacuum_navigation/lib/python3.10/site-packages:/home/sukru/ros_ws_vacuum_bot/install/vacuum_msgs/lib/python3.10/site-packages:/home/sukru/ros_ws_vacuum_bot/install/vacuum_mapping/lib/python3.10/site-packages:/home/sukru/ros_ws_vacuum_bot/install/vacuum_description/lib/python3.10/site-packages:/home/sukru/ros_ws_vacuum_bot/install/vacuum_control/lib/python3.10/site-packages:/home/sukru/ros_ws_vacuum_bot/install/vacuum_bringup/lib/python3.10/site-packages:/home/sukru/ros_ws_demo/install/python_pkg/lib/python3.10/site-packages:/opt/ros/humble/lib/python3.10/site-packages:/opt/ros/humble/local/lib/python3.10/dist-packages /usr/bin/cmake --build /home/sukru/ika_teknofest_aventra_ws/build/ika_description -- -j12 -l12
[1.215s] DEBUG:colcon.colcon_core.event_handler.log_command:Invoked command in '/home/sukru/ika_teknofest_aventra_ws/build/ika_description' returned '0': AMENT_PREFIX_PATH=/home/sukru/ika_teknofest_aventra_ws/install/ika_control:${AMENT_PREFIX_PATH} CMAKE_PREFIX_PATH=/opt/ros/humble PYTHONPATH=/home/sukru/ika_teknofest_aventra_ws/install/ika_control/lib/python3.10/site-packages:/home/sukru/ika_teknofest_aventra_ws/install/ika_ui_bridge/lib/python3.10/site-packages:/home/sukru/ika_teknofest_aventra_ws/install/ika_targeting/lib/python3.10/site-packages:/home/sukru/ika_teknofest_aventra_ws/install/ika_perception/lib/python3.10/site-packages:/home/sukru/ika_teknofest_aventra_ws/install/ika_navigation/lib/python3.10/site-packages:/home/sukru/ika_teknofest_aventra_ws/install/ika_mission_manager/lib/python3.10/site-packages:/home/sukru/ika_teknofest_aventra_ws/install/ika_localization/lib/python3.10/site-packages:/home/sukru/ika_teknofest_aventra_ws/install/ika_hardware/lib/python3.10/site-packages:/home/sukru/ika_teknofest_aventra_ws/install/ika_data_logger/lib/python3.10/site-packages:/home/sukru/ika_teknofest_aventra_ws/install/ika_behaviors/lib/python3.10/site-packages:/home/sukru/ika_teknofest_aventra_ws/install/ika_sensors/lib/python3.10/site-packages:/home/sukru/ika_teknofest_aventra_ws/install/ika_msgs/local/lib/python3.10/dist-packages:/home/sukru/ai_autonomi_ws/install/ika_autonomi/lib/python3.10/site-packages:/home/sukru/Desktop/otonom_atis/build/python_pkg:/home/sukru/Desktop/otonom_atis/install/python_pkg/lib/python3.10/site-packages:/home/sukru/ros_ws_vacuum_bot/install/vacuum_teleop/lib/python3.10/site-packages:/home/sukru/ros_ws_vacuum_bot/install/vacuum_sensors/lib/python3.10/site-packages:/home/sukru/ros_ws_vacuum_bot/install/vacuum_navigation/lib/python3.10/site-packages:/home/sukru/ros_ws_vacuum_bot/install/vacuum_msgs/lib/python3.10/site-packages:/home/sukru/ros_ws_vacuum_bot/install/vacuum_mapping/lib/python3.10/site-packages:/home/sukru/ros_ws_vacuum_bot/install/vacuum_description/lib/python3.10/site-packages:/home/sukru/ros_ws_vacuum_bot/install/vacuum_control/lib/python3.10/site-packages:/home/sukru/ros_ws_vacuum_bot/install/vacuum_bringup/lib/python3.10/site-packages:/home/sukru/ros_ws_demo/install/python_pkg/lib/python3.10/site-packages:/opt/ros/humble/lib/python3.10/site-packages:/opt/ros/humble/local/lib/python3.10/dist-packages /usr/bin/cmake --build /home/sukru/ika_teknofest_aventra_ws/build/ika_description -- -j12 -l12
[1.220s] DEBUG:colcon.colcon_core.event_handler.log_command:Invoking command in '/home/sukru/ika_teknofest_aventra_ws/build/ika_description': AMENT_PREFIX_PATH=/home/sukru/ika_teknofest_aventra_ws/install/ika_control:${AMENT_PREFIX_PATH} CMAKE_PREFIX_PATH=/opt/ros/humble PYTHONPATH=/home/sukru/ika_teknofest_aventra_ws/install/ika_control/lib/python3.10/site-packages:/home/sukru/ika_teknofest_aventra_ws/install/ika_ui_bridge/lib/python3.10/site-packages:/home/sukru/ika_teknofest_aventra_ws/install/ika_targeting/lib/python3.10/site-packages:/home/sukru/ika_teknofest_aventra_ws/install/ika_perception/lib/python3.10/site-packages:/home/sukru/ika_teknofest_aventra_ws/install/ika_navigation/lib/python3.10/site-packages:/home/sukru/ika_teknofest_aventra_ws/install/ika_mission_manager/lib/python3.10/site-packages:/home/sukru/ika_teknofest_aventra_ws/install/ika_localization/lib/python3.10/site-packages:/home/sukru/ika_teknofest_aventra_ws/install/ika_hardware/lib/python3.10/site-packages:/home/sukru/ika_teknofest_aventra_ws/install/ika_data_logger/lib/python3.10/site-packages:/home/sukru/ika_teknofest_aventra_ws/install/ika_behaviors/lib/python3.10/site-packages:/home/sukru/ika_teknofest_aventra_ws/install/ika_sensors/lib/python3.10/site-packages:/home/sukru/ika_teknofest_aventra_ws/install/ika_msgs/local/lib/python3.10/dist-packages:/home/sukru/ai_autonomi_ws/install/ika_autonomi/lib/python3.10/site-packages:/home/sukru/Desktop/otonom_atis/build/python_pkg:/home/sukru/Desktop/otonom_atis/install/python_pkg/lib/python3.10/site-packages:/home/sukru/ros_ws_vacuum_bot/install/vacuum_teleop/lib/python3.10/site-packages:/home/sukru/ros_ws_vacuum_bot/install/vacuum_sensors/lib/python3.10/site-packages:/home/sukru/ros_ws_vacuum_bot/install/vacuum_navigation/lib/python3.10/site-packages:/home/sukru/ros_ws_vacuum_bot/install/vacuum_msgs/lib/python3.10/site-packages:/home/sukru/ros_ws_vacuum_bot/install/vacuum_mapping/lib/python3.10/site-packages:/home/sukru/ros_ws_vacuum_bot/install/vacuum_description/lib/python3.10/site-packages:/home/sukru/ros_ws_vacuum_bot/install/vacuum_control/lib/python3.10/site-packages:/home/sukru/ros_ws_vacuum_bot/install/vacuum_bringup/lib/python3.10/site-packages:/home/sukru/ros_ws_demo/install/python_pkg/lib/python3.10/site-packages:/opt/ros/humble/lib/python3.10/site-packages:/opt/ros/humble/local/lib/python3.10/dist-packages /usr/bin/cmake --install /home/sukru/ika_teknofest_aventra_ws/build/ika_description
[1.228s] Level 1:colcon.colcon_core.environment:create_environment_scripts_only(ika_description)
[1.229s] Level 1:colcon.colcon_core.environment:checking '/home/sukru/ika_teknofest_aventra_ws/install/ika_description' for CMake module files
[1.229s] DEBUG:colcon.colcon_core.event_handler.log_command:Invoked command in '/home/sukru/ika_teknofest_aventra_ws/build/ika_description' returned '0': AMENT_PREFIX_PATH=/home/sukru/ika_teknofest_aventra_ws/install/ika_control:${AMENT_PREFIX_PATH} CMAKE_PREFIX_PATH=/opt/ros/humble PYTHONPATH=/home/sukru/ika_teknofest_aventra_ws/install/ika_control/lib/python3.10/site-packages:/home/sukru/ika_teknofest_aventra_ws/install/ika_ui_bridge/lib/python3.10/site-packages:/home/sukru/ika_teknofest_aventra_ws/install/ika_targeting/lib/python3.10/site-packages:/home/sukru/ika_teknofest_aventra_ws/install/ika_perception/lib/python3.10/site-packages:/home/sukru/ika_teknofest_aventra_ws/install/ika_navigation/lib/python3.10/site-packages:/home/sukru/ika_teknofest_aventra_ws/install/ika_mission_manager/lib/python3.10/site-packages:/home/sukru/ika_teknofest_aventra_ws/install/ika_localization/lib/python3.10/site-packages:/home/sukru/ika_teknofest_aventra_ws/install/ika_hardware/lib/python3.10/site-packages:/home/sukru/ika_teknofest_aventra_ws/install/ika_data_logger/lib/python3.10/site-packages:/home/sukru/ika_teknofest_aventra_ws/install/ika_behaviors/lib/python3.10/site-packages:/home/sukru/ika_teknofest_aventra_ws/install/ika_sensors/lib/python3.10/site-packages:/home/sukru/ika_teknofest_aventra_ws/install/ika_msgs/local/lib/python3.10/dist-packages:/home/sukru/ai_autonomi_ws/install/ika_autonomi/lib/python3.10/site-packages:/home/sukru/Desktop/otonom_atis/build/python_pkg:/home/sukru/Desktop/otonom_atis/install/python_pkg/lib/python3.10/site-packages:/home/sukru/ros_ws_vacuum_bot/install/vacuum_teleop/lib/python3.10/site-packages:/home/sukru/ros_ws_vacuum_bot/install/vacuum_sensors/lib/python3.10/site-packages:/home/sukru/ros_ws_vacuum_bot/install/vacuum_navigation/lib/python3.10/site-packages:/home/sukru/ros_ws_vacuum_bot/install/vacuum_msgs/lib/python3.10/site-packages:/home/sukru/ros_ws_vacuum_bot/install/vacuum_mapping/lib/python3.10/site-packages:/home/sukru/ros_ws_vacuum_bot/install/vacuum_description/lib/python3.10/site-packages:/home/sukru/ros_ws_vacuum_bot/install/vacuum_control/lib/python3.10/site-packages:/home/sukru/ros_ws_vacuum_bot/install/vacuum_bringup/lib/python3.10/site-packages:/home/sukru/ros_ws_demo/install/python_pkg/lib/python3.10/site-packages:/opt/ros/humble/lib/python3.10/site-packages:/opt/ros/humble/local/lib/python3.10/dist-packages /usr/bin/cmake --install /home/sukru/ika_teknofest_aventra_ws/build/ika_description
[1.229s] Level 1:colcon.colcon_core.environment:checking '/home/sukru/ika_teknofest_aventra_ws/install/ika_description' for CMake config files
[1.229s] Level 1:colcon.colcon_core.shell:create_environment_hook('ika_description', 'cmake_prefix_path')
[1.229s] INFO:colcon.colcon_core.shell:Creating environment hook '/home/sukru/ika_teknofest_aventra_ws/install/ika_description/share/ika_description/hook/cmake_prefix_path.ps1'
[1.230s] INFO:colcon.colcon_core.shell:Creating environment descriptor '/home/sukru/ika_teknofest_aventra_ws/install/ika_description/share/ika_description/hook/cmake_prefix_path.dsv'
[1.230s] INFO:colcon.colcon_core.shell:Creating environment hook '/home/sukru/ika_teknofest_aventra_ws/install/ika_description/share/ika_description/hook/cmake_prefix_path.sh'
[1.230s] Level 1:colcon.colcon_core.environment:checking '/home/sukru/ika_teknofest_aventra_ws/install/ika_description/bin'
[1.230s] Level 1:colcon.colcon_core.environment:checking '/home/sukru/ika_teknofest_aventra_ws/install/ika_description/lib/pkgconfig/ika_description.pc'
[1.230s] Level 1:colcon.colcon_core.environment:checking '/home/sukru/ika_teknofest_aventra_ws/install/ika_description/lib/python3.10/site-packages'
[1.230s] Level 1:colcon.colcon_core.environment:checking '/home/sukru/ika_teknofest_aventra_ws/install/ika_description/bin'
[1.230s] INFO:colcon.colcon_core.shell:Creating package script '/home/sukru/ika_teknofest_aventra_ws/install/ika_description/share/ika_description/package.ps1'
[1.231s] INFO:colcon.colcon_core.shell:Creating package descriptor '/home/sukru/ika_teknofest_aventra_ws/install/ika_description/share/ika_description/package.dsv'
[1.231s] INFO:colcon.colcon_core.shell:Creating package script '/home/sukru/ika_teknofest_aventra_ws/install/ika_description/share/ika_description/package.sh'
[1.231s] INFO:colcon.colcon_core.shell:Creating package script '/home/sukru/ika_teknofest_aventra_ws/install/ika_description/share/ika_description/package.bash'
[1.231s] INFO:colcon.colcon_core.shell:Creating package script '/home/sukru/ika_teknofest_aventra_ws/install/ika_description/share/ika_description/package.zsh'
[1.231s] Level 1:colcon.colcon_core.environment:create_file_with_runtime_dependencies(/home/sukru/ika_teknofest_aventra_ws/install/ika_description/share/colcon-core/packages/ika_description)
[1.232s] Level 1:colcon.colcon_core.environment:create_environment_scripts_only(ika_description)
[1.232s] Level 1:colcon.colcon_core.environment:checking '/home/sukru/ika_teknofest_aventra_ws/install/ika_description' for CMake module files
[1.232s] Level 1:colcon.colcon_core.environment:checking '/home/sukru/ika_teknofest_aventra_ws/install/ika_description' for CMake config files
[1.232s] Level 1:colcon.colcon_core.shell:create_environment_hook('ika_description', 'cmake_prefix_path')
[1.232s] INFO:colcon.colcon_core.shell:Creating environment hook '/home/sukru/ika_teknofest_aventra_ws/install/ika_description/share/ika_description/hook/cmake_prefix_path.ps1'
[1.232s] INFO:colcon.colcon_core.shell:Creating environment descriptor '/home/sukru/ika_teknofest_aventra_ws/install/ika_description/share/ika_description/hook/cmake_prefix_path.dsv'
[1.232s] INFO:colcon.colcon_core.shell:Creating environment hook '/home/sukru/ika_teknofest_aventra_ws/install/ika_description/share/ika_description/hook/cmake_prefix_path.sh'
[1.233s] Level 1:colcon.colcon_core.environment:checking '/home/sukru/ika_teknofest_aventra_ws/install/ika_description/bin'
[1.233s] Level 1:colcon.colcon_core.environment:checking '/home/sukru/ika_teknofest_aventra_ws/install/ika_description/lib/pkgconfig/ika_description.pc'
[1.233s] Level 1:colcon.colcon_core.environment:checking '/home/sukru/ika_teknofest_aventra_ws/install/ika_description/lib/python3.10/site-packages'
[1.233s] Level 1:colcon.colcon_core.environment:checking '/home/sukru/ika_teknofest_aventra_ws/install/ika_description/bin'
[1.233s] INFO:colcon.colcon_core.shell:Creating package script '/home/sukru/ika_teknofest_aventra_ws/install/ika_description/share/ika_description/package.ps1'
[1.234s] INFO:colcon.colcon_core.shell:Creating package descriptor '/home/sukru/ika_teknofest_aventra_ws/install/ika_description/share/ika_description/package.dsv'
[1.234s] INFO:colcon.colcon_core.shell:Creating package script '/home/sukru/ika_teknofest_aventra_ws/install/ika_description/share/ika_description/package.sh'
[1.234s] INFO:colcon.colcon_core.shell:Creating package script '/home/sukru/ika_teknofest_aventra_ws/install/ika_description/share/ika_description/package.bash'
[1.234s] INFO:colcon.colcon_core.shell:Creating package script '/home/sukru/ika_teknofest_aventra_ws/install/ika_description/share/ika_description/package.zsh'
[1.234s] Level 1:colcon.colcon_core.environment:create_file_with_runtime_dependencies(/home/sukru/ika_teknofest_aventra_ws/install/ika_description/share/colcon-core/packages/ika_description)
[1.235s] INFO:colcon.colcon_ros.task.ament_cmake.build:Building ROS package in '/home/sukru/ika_teknofest_aventra_ws/src/ika_gazebo' with build type 'ament_cmake'
[1.235s] INFO:colcon.colcon_cmake.task.cmake.build:Building CMake package in '/home/sukru/ika_teknofest_aventra_ws/src/ika_gazebo'
[1.235s] INFO:colcon.colcon_core.shell:Skip shell extension 'powershell' for command environment: Not usable outside of PowerShell
[1.235s] DEBUG:colcon.colcon_core.shell:Skip shell extension 'dsv' for command environment
[1.241s] DEBUG:colcon.colcon_core.event_handler.log_command:Invoking command in '/home/sukru/ika_teknofest_aventra_ws/build/ika_gazebo': AMENT_PREFIX_PATH=/home/sukru/ika_teknofest_aventra_ws/install/ika_description:/home/sukru/ika_teknofest_aventra_ws/install/ika_control:${AMENT_PREFIX_PATH} CMAKE_PREFIX_PATH=/home/sukru/ika_teknofest_aventra_ws/install/ika_description:/opt/ros/humble PYTHONPATH=/home/sukru/ika_teknofest_aventra_ws/install/ika_control/lib/python3.10/site-packages:/home/sukru/ika_teknofest_aventra_ws/install/ika_ui_bridge/lib/python3.10/site-packages:/home/sukru/ika_teknofest_aventra_ws/install/ika_targeting/lib/python3.10/site-packages:/home/sukru/ika_teknofest_aventra_ws/install/ika_perception/lib/python3.10/site-packages:/home/sukru/ika_teknofest_aventra_ws/install/ika_navigation/lib/python3.10/site-packages:/home/sukru/ika_teknofest_aventra_ws/install/ika_mission_manager/lib/python3.10/site-packages:/home/sukru/ika_teknofest_aventra_ws/install/ika_localization/lib/python3.10/site-packages:/home/sukru/ika_teknofest_aventra_ws/install/ika_hardware/lib/python3.10/site-packages:/home/sukru/ika_teknofest_aventra_ws/install/ika_data_logger/lib/python3.10/site-packages:/home/sukru/ika_teknofest_aventra_ws/install/ika_behaviors/lib/python3.10/site-packages:/home/sukru/ika_teknofest_aventra_ws/install/ika_sensors/lib/python3.10/site-packages:/home/sukru/ika_teknofest_aventra_ws/install/ika_msgs/local/lib/python3.10/dist-packages:/home/sukru/ai_autonomi_ws/install/ika_autonomi/lib/python3.10/site-packages:/home/sukru/Desktop/otonom_atis/build/python_pkg:/home/sukru/Desktop/otonom_atis/install/python_pkg/lib/python3.10/site-packages:/home/sukru/ros_ws_vacuum_bot/install/vacuum_teleop/lib/python3.10/site-packages:/home/sukru/ros_ws_vacuum_bot/install/vacuum_sensors/lib/python3.10/site-packages:/home/sukru/ros_ws_vacuum_bot/install/vacuum_navigation/lib/python3.10/site-packages:/home/sukru/ros_ws_vacuum_bot/install/vacuum_msgs/lib/python3.10/site-packages:/home/sukru/ros_ws_vacuum_bot/install/vacuum_mapping/lib/python3.10/site-packages:/home/sukru/ros_ws_vacuum_bot/install/vacuum_description/lib/python3.10/site-packages:/home/sukru/ros_ws_vacuum_bot/install/vacuum_control/lib/python3.10/site-packages:/home/sukru/ros_ws_vacuum_bot/install/vacuum_bringup/lib/python3.10/site-packages:/home/sukru/ros_ws_demo/install/python_pkg/lib/python3.10/site-packages:/opt/ros/humble/lib/python3.10/site-packages:/opt/ros/humble/local/lib/python3.10/dist-packages /usr/bin/cmake /home/sukru/ika_teknofest_aventra_ws/src/ika_gazebo -DCMAKE_INSTALL_PREFIX=/home/sukru/ika_teknofest_aventra_ws/install/ika_gazebo
[2.573s] DEBUG:colcon.colcon_core.event_handler.log_command:Invoked command in '/home/sukru/ika_teknofest_aventra_ws/build/ika_gazebo' returned '0': AMENT_PREFIX_PATH=/home/sukru/ika_teknofest_aventra_ws/install/ika_description:/home/sukru/ika_teknofest_aventra_ws/install/ika_control:${AMENT_PREFIX_PATH} CMAKE_PREFIX_PATH=/home/sukru/ika_teknofest_aventra_ws/install/ika_description:/opt/ros/humble PYTHONPATH=/home/sukru/ika_teknofest_aventra_ws/install/ika_control/lib/python3.10/site-packages:/home/sukru/ika_teknofest_aventra_ws/install/ika_ui_bridge/lib/python3.10/site-packages:/home/sukru/ika_teknofest_aventra_ws/install/ika_targeting/lib/python3.10/site-packages:/home/sukru/ika_teknofest_aventra_ws/install/ika_perception/lib/python3.10/site-packages:/home/sukru/ika_teknofest_aventra_ws/install/ika_navigation/lib/python3.10/site-packages:/home/sukru/ika_teknofest_aventra_ws/install/ika_mission_manager/lib/python3.10/site-packages:/home/sukru/ika_teknofest_aventra_ws/install/ika_localization/lib/python3.10/site-packages:/home/sukru/ika_teknofest_aventra_ws/install/ika_hardware/lib/python3.10/site-packages:/home/sukru/ika_teknofest_aventra_ws/install/ika_data_logger/lib/python3.10/site-packages:/home/sukru/ika_teknofest_aventra_ws/install/ika_behaviors/lib/python3.10/site-packages:/home/sukru/ika_teknofest_aventra_ws/install/ika_sensors/lib/python3.10/site-packages:/home/sukru/ika_teknofest_aventra_ws/install/ika_msgs/local/lib/python3.10/dist-packages:/home/sukru/ai_autonomi_ws/install/ika_autonomi/lib/python3.10/site-packages:/home/sukru/Desktop/otonom_atis/build/python_pkg:/home/sukru/Desktop/otonom_atis/install/python_pkg/lib/python3.10/site-packages:/home/sukru/ros_ws_vacuum_bot/install/vacuum_teleop/lib/python3.10/site-packages:/home/sukru/ros_ws_vacuum_bot/install/vacuum_sensors/lib/python3.10/site-packages:/home/sukru/ros_ws_vacuum_bot/install/vacuum_navigation/lib/python3.10/site-packages:/home/sukru/ros_ws_vacuum_bot/install/vacuum_msgs/lib/python3.10/site-packages:/home/sukru/ros_ws_vacuum_bot/install/vacuum_mapping/lib/python3.10/site-packages:/home/sukru/ros_ws_vacuum_bot/install/vacuum_description/lib/python3.10/site-packages:/home/sukru/ros_ws_vacuum_bot/install/vacuum_control/lib/python3.10/site-packages:/home/sukru/ros_ws_vacuum_bot/install/vacuum_bringup/lib/python3.10/site-packages:/home/sukru/ros_ws_demo/install/python_pkg/lib/python3.10/site-packages:/opt/ros/humble/lib/python3.10/site-packages:/opt/ros/humble/local/lib/python3.10/dist-packages /usr/bin/cmake /home/sukru/ika_teknofest_aventra_ws/src/ika_gazebo -DCMAKE_INSTALL_PREFIX=/home/sukru/ika_teknofest_aventra_ws/install/ika_gazebo
[2.574s] DEBUG:colcon.colcon_core.event_handler.log_command:Invoking command in '/home/sukru/ika_teknofest_aventra_ws/build/ika_gazebo': AMENT_PREFIX_PATH=/home/sukru/ika_teknofest_aventra_ws/install/ika_description:/home/sukru/ika_teknofest_aventra_ws/install/ika_control:${AMENT_PREFIX_PATH} CMAKE_PREFIX_PATH=/home/sukru/ika_teknofest_aventra_ws/install/ika_description:/opt/ros/humble PYTHONPATH=/home/sukru/ika_teknofest_aventra_ws/install/ika_control/lib/python3.10/site-packages:/home/sukru/ika_teknofest_aventra_ws/install/ika_ui_bridge/lib/python3.10/site-packages:/home/sukru/ika_teknofest_aventra_ws/install/ika_targeting/lib/python3.10/site-packages:/home/sukru/ika_teknofest_aventra_ws/install/ika_perception/lib/python3.10/site-packages:/home/sukru/ika_teknofest_aventra_ws/install/ika_navigation/lib/python3.10/site-packages:/home/sukru/ika_teknofest_aventra_ws/install/ika_mission_manager/lib/python3.10/site-packages:/home/sukru/ika_teknofest_aventra_ws/install/ika_localization/lib/python3.10/site-packages:/home/sukru/ika_teknofest_aventra_ws/install/ika_hardware/lib/python3.10/site-packages:/home/sukru/ika_teknofest_aventra_ws/install/ika_data_logger/lib/python3.10/site-packages:/home/sukru/ika_teknofest_aventra_ws/install/ika_behaviors/lib/python3.10/site-packages:/home/sukru/ika_teknofest_aventra_ws/install/ika_sensors/lib/python3.10/site-packages:/home/sukru/ika_teknofest_aventra_ws/install/ika_msgs/local/lib/python3.10/dist-packages:/home/sukru/ai_autonomi_ws/install/ika_autonomi/lib/python3.10/site-packages:/home/sukru/Desktop/otonom_atis/build/python_pkg:/home/sukru/Desktop/otonom_atis/install/python_pkg/lib/python3.10/site-packages:/home/sukru/ros_ws_vacuum_bot/install/vacuum_teleop/lib/python3.10/site-packages:/home/sukru/ros_ws_vacuum_bot/install/vacuum_sensors/lib/python3.10/site-packages:/home/sukru/ros_ws_vacuum_bot/install/vacuum_navigation/lib/python3.10/site-packages:/home/sukru/ros_ws_vacuum_bot/install/vacuum_msgs/lib/python3.10/site-packages:/home/sukru/ros_ws_vacuum_bot/install/vacuum_mapping/lib/python3.10/site-packages:/home/sukru/ros_ws_vacuum_bot/install/vacuum_description/lib/python3.10/site-packages:/home/sukru/ros_ws_vacuum_bot/install/vacuum_control/lib/python3.10/site-packages:/home/sukru/ros_ws_vacuum_bot/install/vacuum_bringup/lib/python3.10/site-packages:/home/sukru/ros_ws_demo/install/python_pkg/lib/python3.10/site-packages:/opt/ros/humble/lib/python3.10/site-packages:/opt/ros/humble/local/lib/python3.10/dist-packages /usr/bin/cmake --build /home/sukru/ika_teknofest_aventra_ws/build/ika_gazebo -- -j12 -l12
[2.600s] DEBUG:colcon.colcon_core.event_handler.log_command:Invoked command in '/home/sukru/ika_teknofest_aventra_ws/build/ika_gazebo' returned '0': AMENT_PREFIX_PATH=/home/sukru/ika_teknofest_aventra_ws/install/ika_description:/home/sukru/ika_teknofest_aventra_ws/install/ika_control:${AMENT_PREFIX_PATH} CMAKE_PREFIX_PATH=/home/sukru/ika_teknofest_aventra_ws/install/ika_description:/opt/ros/humble PYTHONPATH=/home/sukru/ika_teknofest_aventra_ws/install/ika_control/lib/python3.10/site-packages:/home/sukru/ika_teknofest_aventra_ws/install/ika_ui_bridge/lib/python3.10/site-packages:/home/sukru/ika_teknofest_aventra_ws/install/ika_targeting/lib/python3.10/site-packages:/home/sukru/ika_teknofest_aventra_ws/install/ika_perception/lib/python3.10/site-packages:/home/sukru/ika_teknofest_aventra_ws/install/ika_navigation/lib/python3.10/site-packages:/home/sukru/ika_teknofest_aventra_ws/install/ika_mission_manager/lib/python3.10/site-packages:/home/sukru/ika_teknofest_aventra_ws/install/ika_localization/lib/python3.10/site-packages:/home/sukru/ika_teknofest_aventra_ws/install/ika_hardware/lib/python3.10/site-packages:/home/sukru/ika_teknofest_aventra_ws/install/ika_data_logger/lib/python3.10/site-packages:/home/sukru/ika_teknofest_aventra_ws/install/ika_behaviors/lib/python3.10/site-packages:/home/sukru/ika_teknofest_aventra_ws/install/ika_sensors/lib/python3.10/site-packages:/home/sukru/ika_teknofest_aventra_ws/install/ika_msgs/local/lib/python3.10/dist-packages:/home/sukru/ai_autonomi_ws/install/ika_autonomi/lib/python3.10/site-packages:/home/sukru/Desktop/otonom_atis/build/python_pkg:/home/sukru/Desktop/otonom_atis/install/python_pkg/lib/python3.10/site-packages:/home/sukru/ros_ws_vacuum_bot/install/vacuum_teleop/lib/python3.10/site-packages:/home/sukru/ros_ws_vacuum_bot/install/vacuum_sensors/lib/python3.10/site-packages:/home/sukru/ros_ws_vacuum_bot/install/vacuum_navigation/lib/python3.10/site-packages:/home/sukru/ros_ws_vacuum_bot/install/vacuum_msgs/lib/python3.10/site-packages:/home/sukru/ros_ws_vacuum_bot/install/vacuum_mapping/lib/python3.10/site-packages:/home/sukru/ros_ws_vacuum_bot/install/vacuum_description/lib/python3.10/site-packages:/home/sukru/ros_ws_vacuum_bot/install/vacuum_control/lib/python3.10/site-packages:/home/sukru/ros_ws_vacuum_bot/install/vacuum_bringup/lib/python3.10/site-packages:/home/sukru/ros_ws_demo/install/python_pkg/lib/python3.10/site-packages:/opt/ros/humble/lib/python3.10/site-packages:/opt/ros/humble/local/lib/python3.10/dist-packages /usr/bin/cmake --build /home/sukru/ika_teknofest_aventra_ws/build/ika_gazebo -- -j12 -l12
[2.601s] DEBUG:colcon.colcon_core.event_handler.log_command:Invoking command in '/home/sukru/ika_teknofest_aventra_ws/build/ika_gazebo': AMENT_PREFIX_PATH=/home/sukru/ika_teknofest_aventra_ws/install/ika_description:/home/sukru/ika_teknofest_aventra_ws/install/ika_control:${AMENT_PREFIX_PATH} CMAKE_PREFIX_PATH=/home/sukru/ika_teknofest_aventra_ws/install/ika_description:/opt/ros/humble PYTHONPATH=/home/sukru/ika_teknofest_aventra_ws/install/ika_control/lib/python3.10/site-packages:/home/sukru/ika_teknofest_aventra_ws/install/ika_ui_bridge/lib/python3.10/site-packages:/home/sukru/ika_teknofest_aventra_ws/install/ika_targeting/lib/python3.10/site-packages:/home/sukru/ika_teknofest_aventra_ws/install/ika_perception/lib/python3.10/site-packages:/home/sukru/ika_teknofest_aventra_ws/install/ika_navigation/lib/python3.10/site-packages:/home/sukru/ika_teknofest_aventra_ws/install/ika_mission_manager/lib/python3.10/site-packages:/home/sukru/ika_teknofest_aventra_ws/install/ika_localization/lib/python3.10/site-packages:/home/sukru/ika_teknofest_aventra_ws/install/ika_hardware/lib/python3.10/site-packages:/home/sukru/ika_teknofest_aventra_ws/install/ika_data_logger/lib/python3.10/site-packages:/home/sukru/ika_teknofest_aventra_ws/install/ika_behaviors/lib/python3.10/site-packages:/home/sukru/ika_teknofest_aventra_ws/install/ika_sensors/lib/python3.10/site-packages:/home/sukru/ika_teknofest_aventra_ws/install/ika_msgs/local/lib/python3.10/dist-packages:/home/sukru/ai_autonomi_ws/install/ika_autonomi/lib/python3.10/site-packages:/home/sukru/Desktop/otonom_atis/build/python_pkg:/home/sukru/Desktop/otonom_atis/install/python_pkg/lib/python3.10/site-packages:/home/sukru/ros_ws_vacuum_bot/install/vacuum_teleop/lib/python3.10/site-packages:/home/sukru/ros_ws_vacuum_bot/install/vacuum_sensors/lib/python3.10/site-packages:/home/sukru/ros_ws_vacuum_bot/install/vacuum_navigation/lib/python3.10/site-packages:/home/sukru/ros_ws_vacuum_bot/install/vacuum_msgs/lib/python3.10/site-packages:/home/sukru/ros_ws_vacuum_bot/install/vacuum_mapping/lib/python3.10/site-packages:/home/sukru/ros_ws_vacuum_bot/install/vacuum_description/lib/python3.10/site-packages:/home/sukru/ros_ws_vacuum_bot/install/vacuum_control/lib/python3.10/site-packages:/home/sukru/ros_ws_vacuum_bot/install/vacuum_bringup/lib/python3.10/site-packages:/home/sukru/ros_ws_demo/install/python_pkg/lib/python3.10/site-packages:/opt/ros/humble/lib/python3.10/site-packages:/opt/ros/humble/local/lib/python3.10/dist-packages /usr/bin/cmake --install /home/sukru/ika_teknofest_aventra_ws/build/ika_gazebo
[2.608s] Level 1:colcon.colcon_core.environment:create_environment_scripts_only(ika_gazebo)
[2.608s] Level 1:colcon.colcon_core.environment:checking '/home/sukru/ika_teknofest_aventra_ws/install/ika_gazebo' for CMake module files
[2.609s] DEBUG:colcon.colcon_core.event_handler.log_command:Invoked command in '/home/sukru/ika_teknofest_aventra_ws/build/ika_gazebo' returned '0': AMENT_PREFIX_PATH=/home/sukru/ika_teknofest_aventra_ws/install/ika_description:/home/sukru/ika_teknofest_aventra_ws/install/ika_control:${AMENT_PREFIX_PATH} CMAKE_PREFIX_PATH=/home/sukru/ika_teknofest_aventra_ws/install/ika_description:/opt/ros/humble PYTHONPATH=/home/sukru/ika_teknofest_aventra_ws/install/ika_control/lib/python3.10/site-packages:/home/sukru/ika_teknofest_aventra_ws/install/ika_ui_bridge/lib/python3.10/site-packages:/home/sukru/ika_teknofest_aventra_ws/install/ika_targeting/lib/python3.10/site-packages:/home/sukru/ika_teknofest_aventra_ws/install/ika_perception/lib/python3.10/site-packages:/home/sukru/ika_teknofest_aventra_ws/install/ika_navigation/lib/python3.10/site-packages:/home/sukru/ika_teknofest_aventra_ws/install/ika_mission_manager/lib/python3.10/site-packages:/home/sukru/ika_teknofest_aventra_ws/install/ika_localization/lib/python3.10/site-packages:/home/sukru/ika_teknofest_aventra_ws/install/ika_hardware/lib/python3.10/site-packages:/home/sukru/ika_teknofest_aventra_ws/install/ika_data_logger/lib/python3.10/site-packages:/home/sukru/ika_teknofest_aventra_ws/install/ika_behaviors/lib/python3.10/site-packages:/home/sukru/ika_teknofest_aventra_ws/install/ika_sensors/lib/python3.10/site-packages:/home/sukru/ika_teknofest_aventra_ws/install/ika_msgs/local/lib/python3.10/dist-packages:/home/sukru/ai_autonomi_ws/install/ika_autonomi/lib/python3.10/site-packages:/home/sukru/Desktop/otonom_atis/build/python_pkg:/home/sukru/Desktop/otonom_atis/install/python_pkg/lib/python3.10/site-packages:/home/sukru/ros_ws_vacuum_bot/install/vacuum_teleop/lib/python3.10/site-packages:/home/sukru/ros_ws_vacuum_bot/install/vacuum_sensors/lib/python3.10/site-packages:/home/sukru/ros_ws_vacuum_bot/install/vacuum_navigation/lib/python3.10/site-packages:/home/sukru/ros_ws_vacuum_bot/install/vacuum_msgs/lib/python3.10/site-packages:/home/sukru/ros_ws_vacuum_bot/install/vacuum_mapping/lib/python3.10/site-packages:/home/sukru/ros_ws_vacuum_bot/install/vacuum_description/lib/python3.10/site-packages:/home/sukru/ros_ws_vacuum_bot/install/vacuum_control/lib/python3.10/site-packages:/home/sukru/ros_ws_vacuum_bot/install/vacuum_bringup/lib/python3.10/site-packages:/home/sukru/ros_ws_demo/install/python_pkg/lib/python3.10/site-packages:/opt/ros/humble/lib/python3.10/site-packages:/opt/ros/humble/local/lib/python3.10/dist-packages /usr/bin/cmake --install /home/sukru/ika_teknofest_aventra_ws/build/ika_gazebo
[2.609s] Level 1:colcon.colcon_core.environment:checking '/home/sukru/ika_teknofest_aventra_ws/install/ika_gazebo' for CMake config files
[2.609s] Level 1:colcon.colcon_core.shell:create_environment_hook('ika_gazebo', 'cmake_prefix_path')
[2.609s] INFO:colcon.colcon_core.shell:Creating environment hook '/home/sukru/ika_teknofest_aventra_ws/install/ika_gazebo/share/ika_gazebo/hook/cmake_prefix_path.ps1'
[2.609s] INFO:colcon.colcon_core.shell:Creating environment descriptor '/home/sukru/ika_teknofest_aventra_ws/install/ika_gazebo/share/ika_gazebo/hook/cmake_prefix_path.dsv'
[2.609s] INFO:colcon.colcon_core.shell:Creating environment hook '/home/sukru/ika_teknofest_aventra_ws/install/ika_gazebo/share/ika_gazebo/hook/cmake_prefix_path.sh'
[2.610s] Level 1:colcon.colcon_core.environment:checking '/home/sukru/ika_teknofest_aventra_ws/install/ika_gazebo/lib'
[2.610s] Level 1:colcon.colcon_core.environment:checking '/home/sukru/ika_teknofest_aventra_ws/install/ika_gazebo/bin'
[2.610s] Level 1:colcon.colcon_core.environment:checking '/home/sukru/ika_teknofest_aventra_ws/install/ika_gazebo/lib/pkgconfig/ika_gazebo.pc'
[2.610s] Level 1:colcon.colcon_core.environment:checking '/home/sukru/ika_teknofest_aventra_ws/install/ika_gazebo/lib/python3.10/site-packages'
[2.610s] Level 1:colcon.colcon_core.environment:checking '/home/sukru/ika_teknofest_aventra_ws/install/ika_gazebo/bin'
[2.610s] INFO:colcon.colcon_core.shell:Creating package script '/home/sukru/ika_teknofest_aventra_ws/install/ika_gazebo/share/ika_gazebo/package.ps1'
[2.611s] INFO:colcon.colcon_core.shell:Creating package descriptor '/home/sukru/ika_teknofest_aventra_ws/install/ika_gazebo/share/ika_gazebo/package.dsv'
[2.611s] INFO:colcon.colcon_core.shell:Creating package script '/home/sukru/ika_teknofest_aventra_ws/install/ika_gazebo/share/ika_gazebo/package.sh'
[2.611s] INFO:colcon.colcon_core.shell:Creating package script '/home/sukru/ika_teknofest_aventra_ws/install/ika_gazebo/share/ika_gazebo/package.bash'
[2.611s] INFO:colcon.colcon_core.shell:Creating package script '/home/sukru/ika_teknofest_aventra_ws/install/ika_gazebo/share/ika_gazebo/package.zsh'
[2.611s] Level 1:colcon.colcon_core.environment:create_file_with_runtime_dependencies(/home/sukru/ika_teknofest_aventra_ws/install/ika_gazebo/share/colcon-core/packages/ika_gazebo)
[2.612s] Level 1:colcon.colcon_core.environment:create_environment_scripts_only(ika_gazebo)
[2.612s] Level 1:colcon.colcon_core.environment:checking '/home/sukru/ika_teknofest_aventra_ws/install/ika_gazebo' for CMake module files
[2.612s] Level 1:colcon.colcon_core.environment:checking '/home/sukru/ika_teknofest_aventra_ws/install/ika_gazebo' for CMake config files
[2.612s] Level 1:colcon.colcon_core.shell:create_environment_hook('ika_gazebo', 'cmake_prefix_path')
[2.612s] INFO:colcon.colcon_core.shell:Creating environment hook '/home/sukru/ika_teknofest_aventra_ws/install/ika_gazebo/share/ika_gazebo/hook/cmake_prefix_path.ps1'
[2.612s] INFO:colcon.colcon_core.shell:Creating environment descriptor '/home/sukru/ika_teknofest_aventra_ws/install/ika_gazebo/share/ika_gazebo/hook/cmake_prefix_path.dsv'
[2.612s] INFO:colcon.colcon_core.shell:Creating environment hook '/home/sukru/ika_teknofest_aventra_ws/install/ika_gazebo/share/ika_gazebo/hook/cmake_prefix_path.sh'
[2.613s] Level 1:colcon.colcon_core.environment:checking '/home/sukru/ika_teknofest_aventra_ws/install/ika_gazebo/lib'
[2.613s] Level 1:colcon.colcon_core.environment:checking '/home/sukru/ika_teknofest_aventra_ws/install/ika_gazebo/bin'
[2.613s] Level 1:colcon.colcon_core.environment:checking '/home/sukru/ika_teknofest_aventra_ws/install/ika_gazebo/lib/pkgconfig/ika_gazebo.pc'
[2.613s] Level 1:colcon.colcon_core.environment:checking '/home/sukru/ika_teknofest_aventra_ws/install/ika_gazebo/lib/python3.10/site-packages'
[2.613s] Level 1:colcon.colcon_core.environment:checking '/home/sukru/ika_teknofest_aventra_ws/install/ika_gazebo/bin'
[2.613s] INFO:colcon.colcon_core.shell:Creating package script '/home/sukru/ika_teknofest_aventra_ws/install/ika_gazebo/share/ika_gazebo/package.ps1'
[2.613s] INFO:colcon.colcon_core.shell:Creating package descriptor '/home/sukru/ika_teknofest_aventra_ws/install/ika_gazebo/share/ika_gazebo/package.dsv'
[2.614s] INFO:colcon.colcon_core.shell:Creating package script '/home/sukru/ika_teknofest_aventra_ws/install/ika_gazebo/share/ika_gazebo/package.sh'
[2.614s] INFO:colcon.colcon_core.shell:Creating package script '/home/sukru/ika_teknofest_aventra_ws/install/ika_gazebo/share/ika_gazebo/package.bash'
[2.614s] INFO:colcon.colcon_core.shell:Creating package script '/home/sukru/ika_teknofest_aventra_ws/install/ika_gazebo/share/ika_gazebo/package.zsh'
[2.614s] Level 1:colcon.colcon_core.environment:create_file_with_runtime_dependencies(/home/sukru/ika_teknofest_aventra_ws/install/ika_gazebo/share/colcon-core/packages/ika_gazebo)
[2.614s] INFO:colcon.colcon_ros.task.ament_cmake.build:Building ROS package in '/home/sukru/ika_teknofest_aventra_ws/src/ika_bringup' with build type 'ament_cmake'
[2.614s] INFO:colcon.colcon_cmake.task.cmake.build:Building CMake package in '/home/sukru/ika_teknofest_aventra_ws/src/ika_bringup'
[2.615s] INFO:colcon.colcon_core.shell:Skip shell extension 'powershell' for command environment: Not usable outside of PowerShell
[2.615s] DEBUG:colcon.colcon_core.shell:Skip shell extension 'dsv' for command environment
[2.622s] DEBUG:colcon.colcon_core.event_handler.log_command:Invoking command in '/home/sukru/ika_teknofest_aventra_ws/build/ika_bringup': AMENT_PREFIX_PATH=/home/sukru/ika_teknofest_aventra_ws/install/ika_gazebo:/home/sukru/ika_teknofest_aventra_ws/install/ika_description:/home/sukru/ika_teknofest_aventra_ws/install/ika_control:${AMENT_PREFIX_PATH} CMAKE_PREFIX_PATH=/home/sukru/ika_teknofest_aventra_ws/install/ika_gazebo:/home/sukru/ika_teknofest_aventra_ws/install/ika_description:/opt/ros/humble PYTHONPATH=/home/sukru/ika_teknofest_aventra_ws/install/ika_control/lib/python3.10/site-packages:/home/sukru/ika_teknofest_aventra_ws/install/ika_ui_bridge/lib/python3.10/site-packages:/home/sukru/ika_teknofest_aventra_ws/install/ika_targeting/lib/python3.10/site-packages:/home/sukru/ika_teknofest_aventra_ws/install/ika_perception/lib/python3.10/site-packages:/home/sukru/ika_teknofest_aventra_ws/install/ika_navigation/lib/python3.10/site-packages:/home/sukru/ika_teknofest_aventra_ws/install/ika_mission_manager/lib/python3.10/site-packages:/home/sukru/ika_teknofest_aventra_ws/install/ika_localization/lib/python3.10/site-packages:/home/sukru/ika_teknofest_aventra_ws/install/ika_hardware/lib/python3.10/site-packages:/home/sukru/ika_teknofest_aventra_ws/install/ika_data_logger/lib/python3.10/site-packages:/home/sukru/ika_teknofest_aventra_ws/install/ika_behaviors/lib/python3.10/site-packages:/home/sukru/ika_teknofest_aventra_ws/install/ika_sensors/lib/python3.10/site-packages:/home/sukru/ika_teknofest_aventra_ws/install/ika_msgs/local/lib/python3.10/dist-packages:/home/sukru/ai_autonomi_ws/install/ika_autonomi/lib/python3.10/site-packages:/home/sukru/Desktop/otonom_atis/build/python_pkg:/home/sukru/Desktop/otonom_atis/install/python_pkg/lib/python3.10/site-packages:/home/sukru/ros_ws_vacuum_bot/install/vacuum_teleop/lib/python3.10/site-packages:/home/sukru/ros_ws_vacuum_bot/install/vacuum_sensors/lib/python3.10/site-packages:/home/sukru/ros_ws_vacuum_bot/install/vacuum_navigation/lib/python3.10/site-packages:/home/sukru/ros_ws_vacuum_bot/install/vacuum_msgs/lib/python3.10/site-packages:/home/sukru/ros_ws_vacuum_bot/install/vacuum_mapping/lib/python3.10/site-packages:/home/sukru/ros_ws_vacuum_bot/install/vacuum_description/lib/python3.10/site-packages:/home/sukru/ros_ws_vacuum_bot/install/vacuum_control/lib/python3.10/site-packages:/home/sukru/ros_ws_vacuum_bot/install/vacuum_bringup/lib/python3.10/site-packages:/home/sukru/ros_ws_demo/install/python_pkg/lib/python3.10/site-packages:/opt/ros/humble/lib/python3.10/site-packages:/opt/ros/humble/local/lib/python3.10/dist-packages /usr/bin/cmake /home/sukru/ika_teknofest_aventra_ws/src/ika_bringup -DCMAKE_INSTALL_PREFIX=/home/sukru/ika_teknofest_aventra_ws/install/ika_bringup
[3.020s] DEBUG:colcon.colcon_core.event_handler.log_command:Invoked command in '/home/sukru/ika_teknofest_aventra_ws/build/ika_bringup' returned '0': AMENT_PREFIX_PATH=/home/sukru/ika_teknofest_aventra_ws/install/ika_gazebo:/home/sukru/ika_teknofest_aventra_ws/install/ika_description:/home/sukru/ika_teknofest_aventra_ws/install/ika_control:${AMENT_PREFIX_PATH} CMAKE_PREFIX_PATH=/home/sukru/ika_teknofest_aventra_ws/install/ika_gazebo:/home/sukru/ika_teknofest_aventra_ws/install/ika_description:/opt/ros/humble PYTHONPATH=/home/sukru/ika_teknofest_aventra_ws/install/ika_control/lib/python3.10/site-packages:/home/sukru/ika_teknofest_aventra_ws/install/ika_ui_bridge/lib/python3.10/site-packages:/home/sukru/ika_teknofest_aventra_ws/install/ika_targeting/lib/python3.10/site-packages:/home/sukru/ika_teknofest_aventra_ws/install/ika_perception/lib/python3.10/site-packages:/home/sukru/ika_teknofest_aventra_ws/install/ika_navigation/lib/python3.10/site-packages:/home/sukru/ika_teknofest_aventra_ws/install/ika_mission_manager/lib/python3.10/site-packages:/home/sukru/ika_teknofest_aventra_ws/install/ika_localization/lib/python3.10/site-packages:/home/sukru/ika_teknofest_aventra_ws/install/ika_hardware/lib/python3.10/site-packages:/home/sukru/ika_teknofest_aventra_ws/install/ika_data_logger/lib/python3.10/site-packages:/home/sukru/ika_teknofest_aventra_ws/install/ika_behaviors/lib/python3.10/site-packages:/home/sukru/ika_teknofest_aventra_ws/install/ika_sensors/lib/python3.10/site-packages:/home/sukru/ika_teknofest_aventra_ws/install/ika_msgs/local/lib/python3.10/dist-packages:/home/sukru/ai_autonomi_ws/install/ika_autonomi/lib/python3.10/site-packages:/home/sukru/Desktop/otonom_atis/build/python_pkg:/home/sukru/Desktop/otonom_atis/install/python_pkg/lib/python3.10/site-packages:/home/sukru/ros_ws_vacuum_bot/install/vacuum_teleop/lib/python3.10/site-packages:/home/sukru/ros_ws_vacuum_bot/install/vacuum_sensors/lib/python3.10/site-packages:/home/sukru/ros_ws_vacuum_bot/install/vacuum_navigation/lib/python3.10/site-packages:/home/sukru/ros_ws_vacuum_bot/install/vacuum_msgs/lib/python3.10/site-packages:/home/sukru/ros_ws_vacuum_bot/install/vacuum_mapping/lib/python3.10/site-packages:/home/sukru/ros_ws_vacuum_bot/install/vacuum_description/lib/python3.10/site-packages:/home/sukru/ros_ws_vacuum_bot/install/vacuum_control/lib/python3.10/site-packages:/home/sukru/ros_ws_vacuum_bot/install/vacuum_bringup/lib/python3.10/site-packages:/home/sukru/ros_ws_demo/install/python_pkg/lib/python3.10/site-packages:/opt/ros/humble/lib/python3.10/site-packages:/opt/ros/humble/local/lib/python3.10/dist-packages /usr/bin/cmake /home/sukru/ika_teknofest_aventra_ws/src/ika_bringup -DCMAKE_INSTALL_PREFIX=/home/sukru/ika_teknofest_aventra_ws/install/ika_bringup
[3.021s] DEBUG:colcon.colcon_core.event_handler.log_command:Invoking command in '/home/sukru/ika_teknofest_aventra_ws/build/ika_bringup': AMENT_PREFIX_PATH=/home/sukru/ika_teknofest_aventra_ws/install/ika_gazebo:/home/sukru/ika_teknofest_aventra_ws/install/ika_description:/home/sukru/ika_teknofest_aventra_ws/install/ika_control:${AMENT_PREFIX_PATH} CMAKE_PREFIX_PATH=/home/sukru/ika_teknofest_aventra_ws/install/ika_gazebo:/home/sukru/ika_teknofest_aventra_ws/install/ika_description:/opt/ros/humble PYTHONPATH=/home/sukru/ika_teknofest_aventra_ws/install/ika_control/lib/python3.10/site-packages:/home/sukru/ika_teknofest_aventra_ws/install/ika_ui_bridge/lib/python3.10/site-packages:/home/sukru/ika_teknofest_aventra_ws/install/ika_targeting/lib/python3.10/site-packages:/home/sukru/ika_teknofest_aventra_ws/install/ika_perception/lib/python3.10/site-packages:/home/sukru/ika_teknofest_aventra_ws/install/ika_navigation/lib/python3.10/site-packages:/home/sukru/ika_teknofest_aventra_ws/install/ika_mission_manager/lib/python3.10/site-packages:/home/sukru/ika_teknofest_aventra_ws/install/ika_localization/lib/python3.10/site-packages:/home/sukru/ika_teknofest_aventra_ws/install/ika_hardware/lib/python3.10/site-packages:/home/sukru/ika_teknofest_aventra_ws/install/ika_data_logger/lib/python3.10/site-packages:/home/sukru/ika_teknofest_aventra_ws/install/ika_behaviors/lib/python3.10/site-packages:/home/sukru/ika_teknofest_aventra_ws/install/ika_sensors/lib/python3.10/site-packages:/home/sukru/ika_teknofest_aventra_ws/install/ika_msgs/local/lib/python3.10/dist-packages:/home/sukru/ai_autonomi_ws/install/ika_autonomi/lib/python3.10/site-packages:/home/sukru/Desktop/otonom_atis/build/python_pkg:/home/sukru/Desktop/otonom_atis/install/python_pkg/lib/python3.10/site-packages:/home/sukru/ros_ws_vacuum_bot/install/vacuum_teleop/lib/python3.10/site-packages:/home/sukru/ros_ws_vacuum_bot/install/vacuum_sensors/lib/python3.10/site-packages:/home/sukru/ros_ws_vacuum_bot/install/vacuum_navigation/lib/python3.10/site-packages:/home/sukru/ros_ws_vacuum_bot/install/vacuum_msgs/lib/python3.10/site-packages:/home/sukru/ros_ws_vacuum_bot/install/vacuum_mapping/lib/python3.10/site-packages:/home/sukru/ros_ws_vacuum_bot/install/vacuum_description/lib/python3.10/site-packages:/home/sukru/ros_ws_vacuum_bot/install/vacuum_control/lib/python3.10/site-packages:/home/sukru/ros_ws_vacuum_bot/install/vacuum_bringup/lib/python3.10/site-packages:/home/sukru/ros_ws_demo/install/python_pkg/lib/python3.10/site-packages:/opt/ros/humble/lib/python3.10/site-packages:/opt/ros/humble/local/lib/python3.10/dist-packages /usr/bin/cmake --build /home/sukru/ika_teknofest_aventra_ws/build/ika_bringup -- -j12 -l12
[3.047s] DEBUG:colcon.colcon_core.event_handler.log_command:Invoked command in '/home/sukru/ika_teknofest_aventra_ws/build/ika_bringup' returned '0': AMENT_PREFIX_PATH=/home/sukru/ika_teknofest_aventra_ws/install/ika_gazebo:/home/sukru/ika_teknofest_aventra_ws/install/ika_description:/home/sukru/ika_teknofest_aventra_ws/install/ika_control:${AMENT_PREFIX_PATH} CMAKE_PREFIX_PATH=/home/sukru/ika_teknofest_aventra_ws/install/ika_gazebo:/home/sukru/ika_teknofest_aventra_ws/install/ika_description:/opt/ros/humble PYTHONPATH=/home/sukru/ika_teknofest_aventra_ws/install/ika_control/lib/python3.10/site-packages:/home/sukru/ika_teknofest_aventra_ws/install/ika_ui_bridge/lib/python3.10/site-packages:/home/sukru/ika_teknofest_aventra_ws/install/ika_targeting/lib/python3.10/site-packages:/home/sukru/ika_teknofest_aventra_ws/install/ika_perception/lib/python3.10/site-packages:/home/sukru/ika_teknofest_aventra_ws/install/ika_navigation/lib/python3.10/site-packages:/home/sukru/ika_teknofest_aventra_ws/install/ika_mission_manager/lib/python3.10/site-packages:/home/sukru/ika_teknofest_aventra_ws/install/ika_localization/lib/python3.10/site-packages:/home/sukru/ika_teknofest_aventra_ws/install/ika_hardware/lib/python3.10/site-packages:/home/sukru/ika_teknofest_aventra_ws/install/ika_data_logger/lib/python3.10/site-packages:/home/sukru/ika_teknofest_aventra_ws/install/ika_behaviors/lib/python3.10/site-packages:/home/sukru/ika_teknofest_aventra_ws/install/ika_sensors/lib/python3.10/site-packages:/home/sukru/ika_teknofest_aventra_ws/install/ika_msgs/local/lib/python3.10/dist-packages:/home/sukru/ai_autonomi_ws/install/ika_autonomi/lib/python3.10/site-packages:/home/sukru/Desktop/otonom_atis/build/python_pkg:/home/sukru/Desktop/otonom_atis/install/python_pkg/lib/python3.10/site-packages:/home/sukru/ros_ws_vacuum_bot/install/vacuum_teleop/lib/python3.10/site-packages:/home/sukru/ros_ws_vacuum_bot/install/vacuum_sensors/lib/python3.10/site-packages:/home/sukru/ros_ws_vacuum_bot/install/vacuum_navigation/lib/python3.10/site-packages:/home/sukru/ros_ws_vacuum_bot/install/vacuum_msgs/lib/python3.10/site-packages:/home/sukru/ros_ws_vacuum_bot/install/vacuum_mapping/lib/python3.10/site-packages:/home/sukru/ros_ws_vacuum_bot/install/vacuum_description/lib/python3.10/site-packages:/home/sukru/ros_ws_vacuum_bot/install/vacuum_control/lib/python3.10/site-packages:/home/sukru/ros_ws_vacuum_bot/install/vacuum_bringup/lib/python3.10/site-packages:/home/sukru/ros_ws_demo/install/python_pkg/lib/python3.10/site-packages:/opt/ros/humble/lib/python3.10/site-packages:/opt/ros/humble/local/lib/python3.10/dist-packages /usr/bin/cmake --build /home/sukru/ika_teknofest_aventra_ws/build/ika_bringup -- -j12 -l12
[3.048s] DEBUG:colcon.colcon_core.event_handler.log_command:Invoking command in '/home/sukru/ika_teknofest_aventra_ws/build/ika_bringup': AMENT_PREFIX_PATH=/home/sukru/ika_teknofest_aventra_ws/install/ika_gazebo:/home/sukru/ika_teknofest_aventra_ws/install/ika_description:/home/sukru/ika_teknofest_aventra_ws/install/ika_control:${AMENT_PREFIX_PATH} CMAKE_PREFIX_PATH=/home/sukru/ika_teknofest_aventra_ws/install/ika_gazebo:/home/sukru/ika_teknofest_aventra_ws/install/ika_description:/opt/ros/humble PYTHONPATH=/home/sukru/ika_teknofest_aventra_ws/install/ika_control/lib/python3.10/site-packages:/home/sukru/ika_teknofest_aventra_ws/install/ika_ui_bridge/lib/python3.10/site-packages:/home/sukru/ika_teknofest_aventra_ws/install/ika_targeting/lib/python3.10/site-packages:/home/sukru/ika_teknofest_aventra_ws/install/ika_perception/lib/python3.10/site-packages:/home/sukru/ika_teknofest_aventra_ws/install/ika_navigation/lib/python3.10/site-packages:/home/sukru/ika_teknofest_aventra_ws/install/ika_mission_manager/lib/python3.10/site-packages:/home/sukru/ika_teknofest_aventra_ws/install/ika_localization/lib/python3.10/site-packages:/home/sukru/ika_teknofest_aventra_ws/install/ika_hardware/lib/python3.10/site-packages:/home/sukru/ika_teknofest_aventra_ws/install/ika_data_logger/lib/python3.10/site-packages:/home/sukru/ika_teknofest_aventra_ws/install/ika_behaviors/lib/python3.10/site-packages:/home/sukru/ika_teknofest_aventra_ws/install/ika_sensors/lib/python3.10/site-packages:/home/sukru/ika_teknofest_aventra_ws/install/ika_msgs/local/lib/python3.10/dist-packages:/home/sukru/ai_autonomi_ws/install/ika_autonomi/lib/python3.10/site-packages:/home/sukru/Desktop/otonom_atis/build/python_pkg:/home/sukru/Desktop/otonom_atis/install/python_pkg/lib/python3.10/site-packages:/home/sukru/ros_ws_vacuum_bot/install/vacuum_teleop/lib/python3.10/site-packages:/home/sukru/ros_ws_vacuum_bot/install/vacuum_sensors/lib/python3.10/site-packages:/home/sukru/ros_ws_vacuum_bot/install/vacuum_navigation/lib/python3.10/site-packages:/home/sukru/ros_ws_vacuum_bot/install/vacuum_msgs/lib/python3.10/site-packages:/home/sukru/ros_ws_vacuum_bot/install/vacuum_mapping/lib/python3.10/site-packages:/home/sukru/ros_ws_vacuum_bot/install/vacuum_description/lib/python3.10/site-packages:/home/sukru/ros_ws_vacuum_bot/install/vacuum_control/lib/python3.10/site-packages:/home/sukru/ros_ws_vacuum_bot/install/vacuum_bringup/lib/python3.10/site-packages:/home/sukru/ros_ws_demo/install/python_pkg/lib/python3.10/site-packages:/opt/ros/humble/lib/python3.10/site-packages:/opt/ros/humble/local/lib/python3.10/dist-packages /usr/bin/cmake --install /home/sukru/ika_teknofest_aventra_ws/build/ika_bringup
[3.054s] Level 1:colcon.colcon_core.environment:create_environment_scripts_only(ika_bringup)
[3.054s] Level 1:colcon.colcon_core.environment:checking '/home/sukru/ika_teknofest_aventra_ws/install/ika_bringup' for CMake module files
[3.054s] DEBUG:colcon.colcon_core.event_handler.log_command:Invoked command in '/home/sukru/ika_teknofest_aventra_ws/build/ika_bringup' returned '0': AMENT_PREFIX_PATH=/home/sukru/ika_teknofest_aventra_ws/install/ika_gazebo:/home/sukru/ika_teknofest_aventra_ws/install/ika_description:/home/sukru/ika_teknofest_aventra_ws/install/ika_control:${AMENT_PREFIX_PATH} CMAKE_PREFIX_PATH=/home/sukru/ika_teknofest_aventra_ws/install/ika_gazebo:/home/sukru/ika_teknofest_aventra_ws/install/ika_description:/opt/ros/humble PYTHONPATH=/home/sukru/ika_teknofest_aventra_ws/install/ika_control/lib/python3.10/site-packages:/home/sukru/ika_teknofest_aventra_ws/install/ika_ui_bridge/lib/python3.10/site-packages:/home/sukru/ika_teknofest_aventra_ws/install/ika_targeting/lib/python3.10/site-packages:/home/sukru/ika_teknofest_aventra_ws/install/ika_perception/lib/python3.10/site-packages:/home/sukru/ika_teknofest_aventra_ws/install/ika_navigation/lib/python3.10/site-packages:/home/sukru/ika_teknofest_aventra_ws/install/ika_mission_manager/lib/python3.10/site-packages:/home/sukru/ika_teknofest_aventra_ws/install/ika_localization/lib/python3.10/site-packages:/home/sukru/ika_teknofest_aventra_ws/install/ika_hardware/lib/python3.10/site-packages:/home/sukru/ika_teknofest_aventra_ws/install/ika_data_logger/lib/python3.10/site-packages:/home/sukru/ika_teknofest_aventra_ws/install/ika_behaviors/lib/python3.10/site-packages:/home/sukru/ika_teknofest_aventra_ws/install/ika_sensors/lib/python3.10/site-packages:/home/sukru/ika_teknofest_aventra_ws/install/ika_msgs/local/lib/python3.10/dist-packages:/home/sukru/ai_autonomi_ws/install/ika_autonomi/lib/python3.10/site-packages:/home/sukru/Desktop/otonom_atis/build/python_pkg:/home/sukru/Desktop/otonom_atis/install/python_pkg/lib/python3.10/site-packages:/home/sukru/ros_ws_vacuum_bot/install/vacuum_teleop/lib/python3.10/site-packages:/home/sukru/ros_ws_vacuum_bot/install/vacuum_sensors/lib/python3.10/site-packages:/home/sukru/ros_ws_vacuum_bot/install/vacuum_navigation/lib/python3.10/site-packages:/home/sukru/ros_ws_vacuum_bot/install/vacuum_msgs/lib/python3.10/site-packages:/home/sukru/ros_ws_vacuum_bot/install/vacuum_mapping/lib/python3.10/site-packages:/home/sukru/ros_ws_vacuum_bot/install/vacuum_description/lib/python3.10/site-packages:/home/sukru/ros_ws_vacuum_bot/install/vacuum_control/lib/python3.10/site-packages:/home/sukru/ros_ws_vacuum_bot/install/vacuum_bringup/lib/python3.10/site-packages:/home/sukru/ros_ws_demo/install/python_pkg/lib/python3.10/site-packages:/opt/ros/humble/lib/python3.10/site-packages:/opt/ros/humble/local/lib/python3.10/dist-packages /usr/bin/cmake --install /home/sukru/ika_teknofest_aventra_ws/build/ika_bringup
[3.054s] Level 1:colcon.colcon_core.environment:checking '/home/sukru/ika_teknofest_aventra_ws/install/ika_bringup' for CMake config files
[3.054s] Level 1:colcon.colcon_core.shell:create_environment_hook('ika_bringup', 'cmake_prefix_path')
[3.055s] INFO:colcon.colcon_core.shell:Creating environment hook '/home/sukru/ika_teknofest_aventra_ws/install/ika_bringup/share/ika_bringup/hook/cmake_prefix_path.ps1'
[3.055s] INFO:colcon.colcon_core.shell:Creating environment descriptor '/home/sukru/ika_teknofest_aventra_ws/install/ika_bringup/share/ika_bringup/hook/cmake_prefix_path.dsv'
[3.055s] INFO:colcon.colcon_core.shell:Creating environment hook '/home/sukru/ika_teknofest_aventra_ws/install/ika_bringup/share/ika_bringup/hook/cmake_prefix_path.sh'
[3.055s] Level 1:colcon.colcon_core.environment:checking '/home/sukru/ika_teknofest_aventra_ws/install/ika_bringup/bin'
[3.055s] Level 1:colcon.colcon_core.environment:checking '/home/sukru/ika_teknofest_aventra_ws/install/ika_bringup/lib/pkgconfig/ika_bringup.pc'
[3.056s] Level 1:colcon.colcon_core.environment:checking '/home/sukru/ika_teknofest_aventra_ws/install/ika_bringup/lib/python3.10/site-packages'
[3.056s] Level 1:colcon.colcon_core.environment:checking '/home/sukru/ika_teknofest_aventra_ws/install/ika_bringup/bin'
[3.056s] INFO:colcon.colcon_core.shell:Creating package script '/home/sukru/ika_teknofest_aventra_ws/install/ika_bringup/share/ika_bringup/package.ps1'
[3.056s] INFO:colcon.colcon_core.shell:Creating package descriptor '/home/sukru/ika_teknofest_aventra_ws/install/ika_bringup/share/ika_bringup/package.dsv'
[3.056s] INFO:colcon.colcon_core.shell:Creating package script '/home/sukru/ika_teknofest_aventra_ws/install/ika_bringup/share/ika_bringup/package.sh'
[3.056s] INFO:colcon.colcon_core.shell:Creating package script '/home/sukru/ika_teknofest_aventra_ws/install/ika_bringup/share/ika_bringup/package.bash'
[3.057s] INFO:colcon.colcon_core.shell:Creating package script '/home/sukru/ika_teknofest_aventra_ws/install/ika_bringup/share/ika_bringup/package.zsh'
[3.057s] Level 1:colcon.colcon_core.environment:create_file_with_runtime_dependencies(/home/sukru/ika_teknofest_aventra_ws/install/ika_bringup/share/colcon-core/packages/ika_bringup)
[3.057s] Level 1:colcon.colcon_core.environment:create_environment_scripts_only(ika_bringup)
[3.057s] Level 1:colcon.colcon_core.environment:checking '/home/sukru/ika_teknofest_aventra_ws/install/ika_bringup' for CMake module files
[3.057s] Level 1:colcon.colcon_core.environment:checking '/home/sukru/ika_teknofest_aventra_ws/install/ika_bringup' for CMake config files
[3.057s] Level 1:colcon.colcon_core.shell:create_environment_hook('ika_bringup', 'cmake_prefix_path')
[3.058s] INFO:colcon.colcon_core.shell:Creating environment hook '/home/sukru/ika_teknofest_aventra_ws/install/ika_bringup/share/ika_bringup/hook/cmake_prefix_path.ps1'
[3.058s] INFO:colcon.colcon_core.shell:Creating environment descriptor '/home/sukru/ika_teknofest_aventra_ws/install/ika_bringup/share/ika_bringup/hook/cmake_prefix_path.dsv'
[3.058s] INFO:colcon.colcon_core.shell:Creating environment hook '/home/sukru/ika_teknofest_aventra_ws/install/ika_bringup/share/ika_bringup/hook/cmake_prefix_path.sh'
[3.058s] Level 1:colcon.colcon_core.environment:checking '/home/sukru/ika_teknofest_aventra_ws/install/ika_bringup/bin'
[3.058s] Level 1:colcon.colcon_core.environment:checking '/home/sukru/ika_teknofest_aventra_ws/install/ika_bringup/lib/pkgconfig/ika_bringup.pc'
[3.058s] Level 1:colcon.colcon_core.environment:checking '/home/sukru/ika_teknofest_aventra_ws/install/ika_bringup/lib/python3.10/site-packages'
[3.058s] Level 1:colcon.colcon_core.environment:checking '/home/sukru/ika_teknofest_aventra_ws/install/ika_bringup/bin'
[3.059s] INFO:colcon.colcon_core.shell:Creating package script '/home/sukru/ika_teknofest_aventra_ws/install/ika_bringup/share/ika_bringup/package.ps1'
[3.059s] INFO:colcon.colcon_core.shell:Creating package descriptor '/home/sukru/ika_teknofest_aventra_ws/install/ika_bringup/share/ika_bringup/package.dsv'
[3.059s] INFO:colcon.colcon_core.shell:Creating package script '/home/sukru/ika_teknofest_aventra_ws/install/ika_bringup/share/ika_bringup/package.sh'
[3.059s] INFO:colcon.colcon_core.shell:Creating package script '/home/sukru/ika_teknofest_aventra_ws/install/ika_bringup/share/ika_bringup/package.bash'
[3.059s] INFO:colcon.colcon_core.shell:Creating package script '/home/sukru/ika_teknofest_aventra_ws/install/ika_bringup/share/ika_bringup/package.zsh'
[3.060s] Level 1:colcon.colcon_core.environment:create_file_with_runtime_dependencies(/home/sukru/ika_teknofest_aventra_ws/install/ika_bringup/share/colcon-core/packages/ika_bringup)
[3.060s] DEBUG:colcon.colcon_parallel_executor.executor.parallel:closing loop
[3.060s] DEBUG:colcon.colcon_parallel_executor.executor.parallel:loop closed
[3.060s] DEBUG:colcon.colcon_parallel_executor.executor.parallel:run_until_complete finished with '0'
[3.060s] DEBUG:colcon.colcon_core.event_reactor:joining thread
[3.063s] INFO:colcon.colcon_core.plugin_system:Skipping extension 'colcon_notification.desktop_notification.terminal_notifier': Not used on non-Darwin systems
[3.063s] INFO:colcon.colcon_core.plugin_system:Skipping extension 'colcon_notification.desktop_notification.win32': Not used on non-Windows systems
[3.063s] INFO:colcon.colcon_notification.desktop_notification:Sending desktop notification using 'notify2'
[3.069s] DEBUG:colcon.colcon_core.event_reactor:joined thread
[3.069s] INFO:colcon.colcon_core.shell:Creating prefix script '/home/sukru/ika_teknofest_aventra_ws/install/local_setup.ps1'
[3.070s] INFO:colcon.colcon_core.shell:Creating prefix util module '/home/sukru/ika_teknofest_aventra_ws/install/_local_setup_util_ps1.py'
[3.070s] INFO:colcon.colcon_core.shell:Creating prefix chain script '/home/sukru/ika_teknofest_aventra_ws/install/setup.ps1'
[3.071s] INFO:colcon.colcon_core.shell:Creating prefix script '/home/sukru/ika_teknofest_aventra_ws/install/local_setup.sh'
[3.072s] INFO:colcon.colcon_core.shell:Creating prefix util module '/home/sukru/ika_teknofest_aventra_ws/install/_local_setup_util_sh.py'
[3.072s] INFO:colcon.colcon_core.shell:Creating prefix chain script '/home/sukru/ika_teknofest_aventra_ws/install/setup.sh'
[3.073s] INFO:colcon.colcon_core.shell:Creating prefix script '/home/sukru/ika_teknofest_aventra_ws/install/local_setup.bash'
[3.073s] INFO:colcon.colcon_core.shell:Creating prefix chain script '/home/sukru/ika_teknofest_aventra_ws/install/setup.bash'
[3.073s] INFO:colcon.colcon_core.shell:Creating prefix script '/home/sukru/ika_teknofest_aventra_ws/install/local_setup.zsh'
[3.074s] INFO:colcon.colcon_core.shell:Creating prefix chain script '/home/sukru/ika_teknofest_aventra_ws/install/setup.zsh'
