[0.076s] DEBUG:colcon:Command line arguments: ['/usr/bin/colcon', 'build']
[0.076s] DEBUG:colcon:Parsed command line arguments: Namespace(log_base=None, log_level=None, verb_name='build', build_base='build', install_base='install', merge_install=False, symlink_install=False, test_result_base=None, continue_on_error=False, executor='parallel', parallel_workers=12, event_handlers=None, ignore_user_meta=False, metas=['./colcon.meta'], base_paths=['.'], packages_ignore=None, packages_ignore_regex=None, paths=None, packages_up_to=None, packages_up_to_regex=None, packages_above=None, packages_above_and_dependencies=None, packages_above_depth=None, packages_select_by_dep=None, packages_skip_by_dep=None, packages_skip_up_to=None, packages_select_build_failed=False, packages_skip_build_finished=False, packages_select_test_failures=False, packages_skip_test_passed=False, packages_select=None, packages_skip=None, packages_select_regex=None, packages_skip_regex=None, packages_start=None, packages_end=None, allow_overriding=[], cmake_args=None, cmake_target=None, cmake_target_skip_unavailable=False, cmake_clean_cache=False, cmake_clean_first=False, cmake_force_configure=False, ament_cmake_args=None, catkin_cmake_args=None, catkin_skip_building_tests=False, mixin_files=None, mixin=None, verb_parser=<colcon_mixin.mixin.mixin_argument.MixinArgumentDecorator object at 0x7f3bebe538e0>, verb_extension=<colcon_core.verb.build.BuildVerb object at 0x7f3bebe53430>, main=<bound method BuildVerb.main of <colcon_core.verb.build.BuildVerb object at 0x7f3bebe53430>>, mixin_verb=('build',))
[0.187s] Level 1:colcon.colcon_core.package_discovery:discover_packages(colcon_meta) check parameters
[0.187s] Level 1:colcon.colcon_core.package_discovery:discover_packages(recursive) check parameters
[0.187s] Level 1:colcon.colcon_core.package_discovery:discover_packages(ignore) check parameters
[0.187s] Level 1:colcon.colcon_core.package_discovery:discover_packages(path) check parameters
[0.187s] Level 1:colcon.colcon_core.package_discovery:discover_packages(colcon_meta) discover
[0.187s] Level 1:colcon.colcon_core.package_discovery:discover_packages(recursive) discover
[0.187s] INFO:colcon.colcon_core.package_discovery:Crawling recursively for packages in '/home/sukru/ika_teknofest_aventra_ws'
[0.187s] Level 1:colcon.colcon_core.package_identification:_identify(.) by extensions ['ignore', 'ignore_ament_install']
[0.187s] Level 1:colcon.colcon_core.package_identification:_identify(.) by extension 'ignore'
[0.187s] Level 1:colcon.colcon_core.package_identification:_identify(.) by extension 'ignore_ament_install'
[0.187s] Level 1:colcon.colcon_core.package_identification:_identify(.) by extensions ['colcon_pkg']
[0.187s] Level 1:colcon.colcon_core.package_identification:_identify(.) by extension 'colcon_pkg'
[0.187s] Level 1:colcon.colcon_core.package_identification:_identify(.) by extensions ['colcon_meta']
[0.187s] Level 1:colcon.colcon_core.package_identification:_identify(.) by extension 'colcon_meta'
[0.187s] Level 1:colcon.colcon_core.package_identification:_identify(.) by extensions ['ros']
[0.187s] Level 1:colcon.colcon_core.package_identification:_identify(.) by extension 'ros'
[0.201s] Level 1:colcon.colcon_core.package_identification:_identify(.) by extensions ['cmake', 'python']
[0.201s] Level 1:colcon.colcon_core.package_identification:_identify(.) by extension 'cmake'
[0.201s] Level 1:colcon.colcon_core.package_identification:_identify(.) by extension 'python'
[0.201s] Level 1:colcon.colcon_core.package_identification:_identify(.) by extensions ['python_setup_py']
[0.201s] Level 1:colcon.colcon_core.package_identification:_identify(.) by extension 'python_setup_py'
[0.201s] Level 1:colcon.colcon_core.package_identification:_identify(build) by extensions ['ignore', 'ignore_ament_install']
[0.202s] Level 1:colcon.colcon_core.package_identification:_identify(build) by extension 'ignore'
[0.202s] Level 1:colcon.colcon_core.package_identification:_identify(build) ignored
[0.202s] Level 1:colcon.colcon_core.package_identification:_identify(install) by extensions ['ignore', 'ignore_ament_install']
[0.202s] Level 1:colcon.colcon_core.package_identification:_identify(install) by extension 'ignore'
[0.202s] Level 1:colcon.colcon_core.package_identification:_identify(install) ignored
[0.202s] Level 1:colcon.colcon_core.package_identification:_identify(log) by extensions ['ignore', 'ignore_ament_install']
[0.202s] Level 1:colcon.colcon_core.package_identification:_identify(log) by extension 'ignore'
[0.202s] Level 1:colcon.colcon_core.package_identification:_identify(log) ignored
[0.202s] Level 1:colcon.colcon_core.package_identification:_identify(src) by extensions ['ignore', 'ignore_ament_install']
[0.202s] Level 1:colcon.colcon_core.package_identification:_identify(src) by extension 'ignore'
[0.202s] Level 1:colcon.colcon_core.package_identification:_identify(src) by extension 'ignore_ament_install'
[0.202s] Level 1:colcon.colcon_core.package_identification:_identify(src) by extensions ['colcon_pkg']
[0.202s] Level 1:colcon.colcon_core.package_identification:_identify(src) by extension 'colcon_pkg'
[0.202s] Level 1:colcon.colcon_core.package_identification:_identify(src) by extensions ['colcon_meta']
[0.202s] Level 1:colcon.colcon_core.package_identification:_identify(src) by extension 'colcon_meta'
[0.202s] Level 1:colcon.colcon_core.package_identification:_identify(src) by extensions ['ros']
[0.202s] Level 1:colcon.colcon_core.package_identification:_identify(src) by extension 'ros'
[0.202s] Level 1:colcon.colcon_core.package_identification:_identify(src) by extensions ['cmake', 'python']
[0.202s] Level 1:colcon.colcon_core.package_identification:_identify(src) by extension 'cmake'
[0.202s] Level 1:colcon.colcon_core.package_identification:_identify(src) by extension 'python'
[0.202s] Level 1:colcon.colcon_core.package_identification:_identify(src) by extensions ['python_setup_py']
[0.202s] Level 1:colcon.colcon_core.package_identification:_identify(src) by extension 'python_setup_py'
[0.202s] Level 1:colcon.colcon_core.package_identification:_identify(src/ika_behaviors) by extensions ['ignore', 'ignore_ament_install']
[0.202s] Level 1:colcon.colcon_core.package_identification:_identify(src/ika_behaviors) by extension 'ignore'
[0.202s] Level 1:colcon.colcon_core.package_identification:_identify(src/ika_behaviors) by extension 'ignore_ament_install'
[0.202s] Level 1:colcon.colcon_core.package_identification:_identify(src/ika_behaviors) by extensions ['colcon_pkg']
[0.202s] Level 1:colcon.colcon_core.package_identification:_identify(src/ika_behaviors) by extension 'colcon_pkg'
[0.202s] Level 1:colcon.colcon_core.package_identification:_identify(src/ika_behaviors) by extensions ['colcon_meta']
[0.202s] Level 1:colcon.colcon_core.package_identification:_identify(src/ika_behaviors) by extension 'colcon_meta'
[0.202s] Level 1:colcon.colcon_core.package_identification:_identify(src/ika_behaviors) by extensions ['ros']
[0.202s] Level 1:colcon.colcon_core.package_identification:_identify(src/ika_behaviors) by extension 'ros'
[0.208s] DEBUG:colcon.colcon_core.package_identification:Package 'src/ika_behaviors' with type 'ros.ament_python' and name 'ika_behaviors'
[0.209s] Level 1:colcon.colcon_core.package_identification:_identify(src/ika_bringup) by extensions ['ignore', 'ignore_ament_install']
[0.209s] Level 1:colcon.colcon_core.package_identification:_identify(src/ika_bringup) by extension 'ignore'
[0.209s] Level 1:colcon.colcon_core.package_identification:_identify(src/ika_bringup) by extension 'ignore_ament_install'
[0.209s] Level 1:colcon.colcon_core.package_identification:_identify(src/ika_bringup) by extensions ['colcon_pkg']
[0.209s] Level 1:colcon.colcon_core.package_identification:_identify(src/ika_bringup) by extension 'colcon_pkg'
[0.209s] Level 1:colcon.colcon_core.package_identification:_identify(src/ika_bringup) by extensions ['colcon_meta']
[0.209s] Level 1:colcon.colcon_core.package_identification:_identify(src/ika_bringup) by extension 'colcon_meta'
[0.209s] Level 1:colcon.colcon_core.package_identification:_identify(src/ika_bringup) by extensions ['ros']
[0.209s] Level 1:colcon.colcon_core.package_identification:_identify(src/ika_bringup) by extension 'ros'
[0.209s] DEBUG:colcon.colcon_core.package_identification:Package 'src/ika_bringup' with type 'ros.ament_cmake' and name 'ika_bringup'
[0.209s] Level 1:colcon.colcon_core.package_identification:_identify(src/ika_control) by extensions ['ignore', 'ignore_ament_install']
[0.209s] Level 1:colcon.colcon_core.package_identification:_identify(src/ika_control) by extension 'ignore'
[0.209s] Level 1:colcon.colcon_core.package_identification:_identify(src/ika_control) by extension 'ignore_ament_install'
[0.209s] Level 1:colcon.colcon_core.package_identification:_identify(src/ika_control) by extensions ['colcon_pkg']
[0.209s] Level 1:colcon.colcon_core.package_identification:_identify(src/ika_control) by extension 'colcon_pkg'
[0.209s] Level 1:colcon.colcon_core.package_identification:_identify(src/ika_control) by extensions ['colcon_meta']
[0.209s] Level 1:colcon.colcon_core.package_identification:_identify(src/ika_control) by extension 'colcon_meta'
[0.209s] Level 1:colcon.colcon_core.package_identification:_identify(src/ika_control) by extensions ['ros']
[0.209s] Level 1:colcon.colcon_core.package_identification:_identify(src/ika_control) by extension 'ros'
[0.210s] DEBUG:colcon.colcon_core.package_identification:Package 'src/ika_control' with type 'ros.ament_python' and name 'ika_control'
[0.210s] Level 1:colcon.colcon_core.package_identification:_identify(src/ika_data_logger) by extensions ['ignore', 'ignore_ament_install']
[0.210s] Level 1:colcon.colcon_core.package_identification:_identify(src/ika_data_logger) by extension 'ignore'
[0.210s] Level 1:colcon.colcon_core.package_identification:_identify(src/ika_data_logger) by extension 'ignore_ament_install'
[0.210s] Level 1:colcon.colcon_core.package_identification:_identify(src/ika_data_logger) by extensions ['colcon_pkg']
[0.210s] Level 1:colcon.colcon_core.package_identification:_identify(src/ika_data_logger) by extension 'colcon_pkg'
[0.210s] Level 1:colcon.colcon_core.package_identification:_identify(src/ika_data_logger) by extensions ['colcon_meta']
[0.210s] Level 1:colcon.colcon_core.package_identification:_identify(src/ika_data_logger) by extension 'colcon_meta'
[0.210s] Level 1:colcon.colcon_core.package_identification:_identify(src/ika_data_logger) by extensions ['ros']
[0.210s] Level 1:colcon.colcon_core.package_identification:_identify(src/ika_data_logger) by extension 'ros'
[0.210s] DEBUG:colcon.colcon_core.package_identification:Package 'src/ika_data_logger' with type 'ros.ament_python' and name 'ika_data_logger'
[0.210s] Level 1:colcon.colcon_core.package_identification:_identify(src/ika_description) by extensions ['ignore', 'ignore_ament_install']
[0.210s] Level 1:colcon.colcon_core.package_identification:_identify(src/ika_description) by extension 'ignore'
[0.210s] Level 1:colcon.colcon_core.package_identification:_identify(src/ika_description) by extension 'ignore_ament_install'
[0.210s] Level 1:colcon.colcon_core.package_identification:_identify(src/ika_description) by extensions ['colcon_pkg']
[0.210s] Level 1:colcon.colcon_core.package_identification:_identify(src/ika_description) by extension 'colcon_pkg'
[0.210s] Level 1:colcon.colcon_core.package_identification:_identify(src/ika_description) by extensions ['colcon_meta']
[0.210s] Level 1:colcon.colcon_core.package_identification:_identify(src/ika_description) by extension 'colcon_meta'
[0.210s] Level 1:colcon.colcon_core.package_identification:_identify(src/ika_description) by extensions ['ros']
[0.210s] Level 1:colcon.colcon_core.package_identification:_identify(src/ika_description) by extension 'ros'
[0.211s] DEBUG:colcon.colcon_core.package_identification:Package 'src/ika_description' with type 'ros.ament_cmake' and name 'ika_description'
[0.211s] Level 1:colcon.colcon_core.package_identification:_identify(src/ika_gazebo) by extensions ['ignore', 'ignore_ament_install']
[0.211s] Level 1:colcon.colcon_core.package_identification:_identify(src/ika_gazebo) by extension 'ignore'
[0.211s] Level 1:colcon.colcon_core.package_identification:_identify(src/ika_gazebo) by extension 'ignore_ament_install'
[0.211s] Level 1:colcon.colcon_core.package_identification:_identify(src/ika_gazebo) by extensions ['colcon_pkg']
[0.211s] Level 1:colcon.colcon_core.package_identification:_identify(src/ika_gazebo) by extension 'colcon_pkg'
[0.211s] Level 1:colcon.colcon_core.package_identification:_identify(src/ika_gazebo) by extensions ['colcon_meta']
[0.211s] Level 1:colcon.colcon_core.package_identification:_identify(src/ika_gazebo) by extension 'colcon_meta'
[0.211s] Level 1:colcon.colcon_core.package_identification:_identify(src/ika_gazebo) by extensions ['ros']
[0.211s] Level 1:colcon.colcon_core.package_identification:_identify(src/ika_gazebo) by extension 'ros'
[0.211s] DEBUG:colcon.colcon_core.package_identification:Package 'src/ika_gazebo' with type 'ros.ament_cmake' and name 'ika_gazebo'
[0.211s] Level 1:colcon.colcon_core.package_identification:_identify(src/ika_hardware) by extensions ['ignore', 'ignore_ament_install']
[0.211s] Level 1:colcon.colcon_core.package_identification:_identify(src/ika_hardware) by extension 'ignore'
[0.211s] Level 1:colcon.colcon_core.package_identification:_identify(src/ika_hardware) by extension 'ignore_ament_install'
[0.211s] Level 1:colcon.colcon_core.package_identification:_identify(src/ika_hardware) by extensions ['colcon_pkg']
[0.211s] Level 1:colcon.colcon_core.package_identification:_identify(src/ika_hardware) by extension 'colcon_pkg'
[0.211s] Level 1:colcon.colcon_core.package_identification:_identify(src/ika_hardware) by extensions ['colcon_meta']
[0.211s] Level 1:colcon.colcon_core.package_identification:_identify(src/ika_hardware) by extension 'colcon_meta'
[0.211s] Level 1:colcon.colcon_core.package_identification:_identify(src/ika_hardware) by extensions ['ros']
[0.212s] Level 1:colcon.colcon_core.package_identification:_identify(src/ika_hardware) by extension 'ros'
[0.212s] DEBUG:colcon.colcon_core.package_identification:Package 'src/ika_hardware' with type 'ros.ament_python' and name 'ika_hardware'
[0.212s] Level 1:colcon.colcon_core.package_identification:_identify(src/ika_localization) by extensions ['ignore', 'ignore_ament_install']
[0.212s] Level 1:colcon.colcon_core.package_identification:_identify(src/ika_localization) by extension 'ignore'
[0.212s] Level 1:colcon.colcon_core.package_identification:_identify(src/ika_localization) by extension 'ignore_ament_install'
[0.212s] Level 1:colcon.colcon_core.package_identification:_identify(src/ika_localization) by extensions ['colcon_pkg']
[0.212s] Level 1:colcon.colcon_core.package_identification:_identify(src/ika_localization) by extension 'colcon_pkg'
[0.212s] Level 1:colcon.colcon_core.package_identification:_identify(src/ika_localization) by extensions ['colcon_meta']
[0.212s] Level 1:colcon.colcon_core.package_identification:_identify(src/ika_localization) by extension 'colcon_meta'
[0.212s] Level 1:colcon.colcon_core.package_identification:_identify(src/ika_localization) by extensions ['ros']
[0.212s] Level 1:colcon.colcon_core.package_identification:_identify(src/ika_localization) by extension 'ros'
[0.212s] DEBUG:colcon.colcon_core.package_identification:Package 'src/ika_localization' with type 'ros.ament_python' and name 'ika_localization'
[0.212s] Level 1:colcon.colcon_core.package_identification:_identify(src/ika_mission_manager) by extensions ['ignore', 'ignore_ament_install']
[0.212s] Level 1:colcon.colcon_core.package_identification:_identify(src/ika_mission_manager) by extension 'ignore'
[0.212s] Level 1:colcon.colcon_core.package_identification:_identify(src/ika_mission_manager) by extension 'ignore_ament_install'
[0.212s] Level 1:colcon.colcon_core.package_identification:_identify(src/ika_mission_manager) by extensions ['colcon_pkg']
[0.212s] Level 1:colcon.colcon_core.package_identification:_identify(src/ika_mission_manager) by extension 'colcon_pkg'
[0.212s] Level 1:colcon.colcon_core.package_identification:_identify(src/ika_mission_manager) by extensions ['colcon_meta']
[0.212s] Level 1:colcon.colcon_core.package_identification:_identify(src/ika_mission_manager) by extension 'colcon_meta'
[0.212s] Level 1:colcon.colcon_core.package_identification:_identify(src/ika_mission_manager) by extensions ['ros']
[0.212s] Level 1:colcon.colcon_core.package_identification:_identify(src/ika_mission_manager) by extension 'ros'
[0.213s] DEBUG:colcon.colcon_core.package_identification:Package 'src/ika_mission_manager' with type 'ros.ament_python' and name 'ika_mission_manager'
[0.213s] Level 1:colcon.colcon_core.package_identification:_identify(src/ika_msgs) by extensions ['ignore', 'ignore_ament_install']
[0.213s] Level 1:colcon.colcon_core.package_identification:_identify(src/ika_msgs) by extension 'ignore'
[0.213s] Level 1:colcon.colcon_core.package_identification:_identify(src/ika_msgs) by extension 'ignore_ament_install'
[0.213s] Level 1:colcon.colcon_core.package_identification:_identify(src/ika_msgs) by extensions ['colcon_pkg']
[0.213s] Level 1:colcon.colcon_core.package_identification:_identify(src/ika_msgs) by extension 'colcon_pkg'
[0.213s] Level 1:colcon.colcon_core.package_identification:_identify(src/ika_msgs) by extensions ['colcon_meta']
[0.213s] Level 1:colcon.colcon_core.package_identification:_identify(src/ika_msgs) by extension 'colcon_meta'
[0.213s] Level 1:colcon.colcon_core.package_identification:_identify(src/ika_msgs) by extensions ['ros']
[0.213s] Level 1:colcon.colcon_core.package_identification:_identify(src/ika_msgs) by extension 'ros'
[0.213s] DEBUG:colcon.colcon_core.package_identification:Package 'src/ika_msgs' with type 'ros.ament_cmake' and name 'ika_msgs'
[0.213s] Level 1:colcon.colcon_core.package_identification:_identify(src/ika_navigation) by extensions ['ignore', 'ignore_ament_install']
[0.213s] Level 1:colcon.colcon_core.package_identification:_identify(src/ika_navigation) by extension 'ignore'
[0.213s] Level 1:colcon.colcon_core.package_identification:_identify(src/ika_navigation) by extension 'ignore_ament_install'
[0.213s] Level 1:colcon.colcon_core.package_identification:_identify(src/ika_navigation) by extensions ['colcon_pkg']
[0.213s] Level 1:colcon.colcon_core.package_identification:_identify(src/ika_navigation) by extension 'colcon_pkg'
[0.213s] Level 1:colcon.colcon_core.package_identification:_identify(src/ika_navigation) by extensions ['colcon_meta']
[0.213s] Level 1:colcon.colcon_core.package_identification:_identify(src/ika_navigation) by extension 'colcon_meta'
[0.213s] Level 1:colcon.colcon_core.package_identification:_identify(src/ika_navigation) by extensions ['ros']
[0.213s] Level 1:colcon.colcon_core.package_identification:_identify(src/ika_navigation) by extension 'ros'
[0.214s] DEBUG:colcon.colcon_core.package_identification:Package 'src/ika_navigation' with type 'ros.ament_python' and name 'ika_navigation'
[0.214s] Level 1:colcon.colcon_core.package_identification:_identify(src/ika_perception) by extensions ['ignore', 'ignore_ament_install']
[0.214s] Level 1:colcon.colcon_core.package_identification:_identify(src/ika_perception) by extension 'ignore'
[0.214s] Level 1:colcon.colcon_core.package_identification:_identify(src/ika_perception) by extension 'ignore_ament_install'
[0.214s] Level 1:colcon.colcon_core.package_identification:_identify(src/ika_perception) by extensions ['colcon_pkg']
[0.214s] Level 1:colcon.colcon_core.package_identification:_identify(src/ika_perception) by extension 'colcon_pkg'
[0.214s] Level 1:colcon.colcon_core.package_identification:_identify(src/ika_perception) by extensions ['colcon_meta']
[0.214s] Level 1:colcon.colcon_core.package_identification:_identify(src/ika_perception) by extension 'colcon_meta'
[0.214s] Level 1:colcon.colcon_core.package_identification:_identify(src/ika_perception) by extensions ['ros']
[0.214s] Level 1:colcon.colcon_core.package_identification:_identify(src/ika_perception) by extension 'ros'
[0.214s] DEBUG:colcon.colcon_core.package_identification:Package 'src/ika_perception' with type 'ros.ament_python' and name 'ika_perception'
[0.214s] Level 1:colcon.colcon_core.package_identification:_identify(src/ika_sensors) by extensions ['ignore', 'ignore_ament_install']
[0.214s] Level 1:colcon.colcon_core.package_identification:_identify(src/ika_sensors) by extension 'ignore'
[0.214s] Level 1:colcon.colcon_core.package_identification:_identify(src/ika_sensors) by extension 'ignore_ament_install'
[0.214s] Level 1:colcon.colcon_core.package_identification:_identify(src/ika_sensors) by extensions ['colcon_pkg']
[0.214s] Level 1:colcon.colcon_core.package_identification:_identify(src/ika_sensors) by extension 'colcon_pkg'
[0.214s] Level 1:colcon.colcon_core.package_identification:_identify(src/ika_sensors) by extensions ['colcon_meta']
[0.214s] Level 1:colcon.colcon_core.package_identification:_identify(src/ika_sensors) by extension 'colcon_meta'
[0.214s] Level 1:colcon.colcon_core.package_identification:_identify(src/ika_sensors) by extensions ['ros']
[0.214s] Level 1:colcon.colcon_core.package_identification:_identify(src/ika_sensors) by extension 'ros'
[0.215s] DEBUG:colcon.colcon_core.package_identification:Package 'src/ika_sensors' with type 'ros.ament_python' and name 'ika_sensors'
[0.215s] Level 1:colcon.colcon_core.package_identification:_identify(src/ika_targeting) by extensions ['ignore', 'ignore_ament_install']
[0.215s] Level 1:colcon.colcon_core.package_identification:_identify(src/ika_targeting) by extension 'ignore'
[0.215s] Level 1:colcon.colcon_core.package_identification:_identify(src/ika_targeting) by extension 'ignore_ament_install'
[0.215s] Level 1:colcon.colcon_core.package_identification:_identify(src/ika_targeting) by extensions ['colcon_pkg']
[0.215s] Level 1:colcon.colcon_core.package_identification:_identify(src/ika_targeting) by extension 'colcon_pkg'
[0.215s] Level 1:colcon.colcon_core.package_identification:_identify(src/ika_targeting) by extensions ['colcon_meta']
[0.215s] Level 1:colcon.colcon_core.package_identification:_identify(src/ika_targeting) by extension 'colcon_meta'
[0.215s] Level 1:colcon.colcon_core.package_identification:_identify(src/ika_targeting) by extensions ['ros']
[0.215s] Level 1:colcon.colcon_core.package_identification:_identify(src/ika_targeting) by extension 'ros'
[0.215s] DEBUG:colcon.colcon_core.package_identification:Package 'src/ika_targeting' with type 'ros.ament_python' and name 'ika_targeting'
[0.215s] Level 1:colcon.colcon_core.package_identification:_identify(src/ika_ui_bridge) by extensions ['ignore', 'ignore_ament_install']
[0.215s] Level 1:colcon.colcon_core.package_identification:_identify(src/ika_ui_bridge) by extension 'ignore'
[0.215s] Level 1:colcon.colcon_core.package_identification:_identify(src/ika_ui_bridge) by extension 'ignore_ament_install'
[0.215s] Level 1:colcon.colcon_core.package_identification:_identify(src/ika_ui_bridge) by extensions ['colcon_pkg']
[0.215s] Level 1:colcon.colcon_core.package_identification:_identify(src/ika_ui_bridge) by extension 'colcon_pkg'
[0.215s] Level 1:colcon.colcon_core.package_identification:_identify(src/ika_ui_bridge) by extensions ['colcon_meta']
[0.215s] Level 1:colcon.colcon_core.package_identification:_identify(src/ika_ui_bridge) by extension 'colcon_meta'
[0.215s] Level 1:colcon.colcon_core.package_identification:_identify(src/ika_ui_bridge) by extensions ['ros']
[0.215s] Level 1:colcon.colcon_core.package_identification:_identify(src/ika_ui_bridge) by extension 'ros'
[0.216s] DEBUG:colcon.colcon_core.package_identification:Package 'src/ika_ui_bridge' with type 'ros.ament_python' and name 'ika_ui_bridge'
[0.216s] Level 1:colcon.colcon_core.package_discovery:discover_packages(recursive) using defaults
[0.216s] Level 1:colcon.colcon_core.package_discovery:discover_packages(ignore) discover
[0.216s] Level 1:colcon.colcon_core.package_discovery:discover_packages(ignore) using defaults
[0.216s] Level 1:colcon.colcon_core.package_discovery:discover_packages(path) discover
[0.216s] Level 1:colcon.colcon_core.package_discovery:discover_packages(path) using defaults
[0.229s] Level 1:colcon.colcon_core.package_discovery:discover_packages(prefix_path) check parameters
[0.229s] Level 1:colcon.colcon_core.package_discovery:discover_packages(prefix_path) discover
[0.230s] DEBUG:colcon.colcon_installed_package_information.package_discovery:Found 4 installed packages in /home/sukru/ika_teknofest_aventra_ws/install
[0.230s] DEBUG:colcon.colcon_installed_package_information.package_discovery:Found 1 installed packages in /home/sukru/ai_autonomi_ws/install
[0.230s] DEBUG:colcon.colcon_installed_package_information.package_discovery:Found 1 installed packages in /home/sukru/Desktop/otonom_atis/install
[0.231s] DEBUG:colcon.colcon_installed_package_information.package_discovery:Found 2 installed packages in /home/sukru/dev_ws/install
[0.231s] DEBUG:colcon.colcon_installed_package_information.package_discovery:Found 8 installed packages in /home/sukru/ros_ws_vacuum_bot/install
[0.231s] DEBUG:colcon.colcon_installed_package_information.package_discovery:Found 1 installed packages in /home/sukru/ros_ws_demo/install
[0.232s] DEBUG:colcon.colcon_installed_package_information.package_discovery:Found 372 installed packages in /opt/ros/humble
[0.233s] Level 1:colcon.colcon_core.package_discovery:discover_packages(prefix_path) using defaults
[0.257s] Level 5:colcon.colcon_core.verb:set package 'ika_behaviors' build argument 'cmake_args' from command line to 'None'
[0.257s] Level 5:colcon.colcon_core.verb:set package 'ika_behaviors' build argument 'cmake_target' from command line to 'None'
[0.257s] Level 5:colcon.colcon_core.verb:set package 'ika_behaviors' build argument 'cmake_target_skip_unavailable' from command line to 'False'
[0.257s] Level 5:colcon.colcon_core.verb:set package 'ika_behaviors' build argument 'cmake_clean_cache' from command line to 'False'
[0.257s] Level 5:colcon.colcon_core.verb:set package 'ika_behaviors' build argument 'cmake_clean_first' from command line to 'False'
[0.257s] Level 5:colcon.colcon_core.verb:set package 'ika_behaviors' build argument 'cmake_force_configure' from command line to 'False'
[0.257s] Level 5:colcon.colcon_core.verb:set package 'ika_behaviors' build argument 'ament_cmake_args' from command line to 'None'
[0.257s] Level 5:colcon.colcon_core.verb:set package 'ika_behaviors' build argument 'catkin_cmake_args' from command line to 'None'
[0.257s] Level 5:colcon.colcon_core.verb:set package 'ika_behaviors' build argument 'catkin_skip_building_tests' from command line to 'False'
[0.257s] DEBUG:colcon.colcon_core.verb:Building package 'ika_behaviors' with the following arguments: {'ament_cmake_args': None, 'build_base': '/home/sukru/ika_teknofest_aventra_ws/build/ika_behaviors', 'catkin_cmake_args': None, 'catkin_skip_building_tests': False, 'cmake_args': None, 'cmake_clean_cache': False, 'cmake_clean_first': False, 'cmake_force_configure': False, 'cmake_target': None, 'cmake_target_skip_unavailable': False, 'install_base': '/home/sukru/ika_teknofest_aventra_ws/install/ika_behaviors', 'merge_install': False, 'path': '/home/sukru/ika_teknofest_aventra_ws/src/ika_behaviors', 'symlink_install': False, 'test_result_base': None}
[0.257s] Level 5:colcon.colcon_core.verb:set package 'ika_control' build argument 'cmake_args' from command line to 'None'
[0.257s] Level 5:colcon.colcon_core.verb:set package 'ika_control' build argument 'cmake_target' from command line to 'None'
[0.257s] Level 5:colcon.colcon_core.verb:set package 'ika_control' build argument 'cmake_target_skip_unavailable' from command line to 'False'
[0.257s] Level 5:colcon.colcon_core.verb:set package 'ika_control' build argument 'cmake_clean_cache' from command line to 'False'
[0.257s] Level 5:colcon.colcon_core.verb:set package 'ika_control' build argument 'cmake_clean_first' from command line to 'False'
[0.257s] Level 5:colcon.colcon_core.verb:set package 'ika_control' build argument 'cmake_force_configure' from command line to 'False'
[0.257s] Level 5:colcon.colcon_core.verb:set package 'ika_control' build argument 'ament_cmake_args' from command line to 'None'
[0.257s] Level 5:colcon.colcon_core.verb:set package 'ika_control' build argument 'catkin_cmake_args' from command line to 'None'
[0.257s] Level 5:colcon.colcon_core.verb:set package 'ika_control' build argument 'catkin_skip_building_tests' from command line to 'False'
[0.257s] DEBUG:colcon.colcon_core.verb:Building package 'ika_control' with the following arguments: {'ament_cmake_args': None, 'build_base': '/home/sukru/ika_teknofest_aventra_ws/build/ika_control', 'catkin_cmake_args': None, 'catkin_skip_building_tests': False, 'cmake_args': None, 'cmake_clean_cache': False, 'cmake_clean_first': False, 'cmake_force_configure': False, 'cmake_target': None, 'cmake_target_skip_unavailable': False, 'install_base': '/home/sukru/ika_teknofest_aventra_ws/install/ika_control', 'merge_install': False, 'path': '/home/sukru/ika_teknofest_aventra_ws/src/ika_control', 'symlink_install': False, 'test_result_base': None}
[0.257s] Level 5:colcon.colcon_core.verb:set package 'ika_data_logger' build argument 'cmake_args' from command line to 'None'
[0.257s] Level 5:colcon.colcon_core.verb:set package 'ika_data_logger' build argument 'cmake_target' from command line to 'None'
[0.257s] Level 5:colcon.colcon_core.verb:set package 'ika_data_logger' build argument 'cmake_target_skip_unavailable' from command line to 'False'
[0.257s] Level 5:colcon.colcon_core.verb:set package 'ika_data_logger' build argument 'cmake_clean_cache' from command line to 'False'
[0.257s] Level 5:colcon.colcon_core.verb:set package 'ika_data_logger' build argument 'cmake_clean_first' from command line to 'False'
[0.257s] Level 5:colcon.colcon_core.verb:set package 'ika_data_logger' build argument 'cmake_force_configure' from command line to 'False'
[0.257s] Level 5:colcon.colcon_core.verb:set package 'ika_data_logger' build argument 'ament_cmake_args' from command line to 'None'
[0.257s] Level 5:colcon.colcon_core.verb:set package 'ika_data_logger' build argument 'catkin_cmake_args' from command line to 'None'
[0.257s] Level 5:colcon.colcon_core.verb:set package 'ika_data_logger' build argument 'catkin_skip_building_tests' from command line to 'False'
[0.257s] DEBUG:colcon.colcon_core.verb:Building package 'ika_data_logger' with the following arguments: {'ament_cmake_args': None, 'build_base': '/home/sukru/ika_teknofest_aventra_ws/build/ika_data_logger', 'catkin_cmake_args': None, 'catkin_skip_building_tests': False, 'cmake_args': None, 'cmake_clean_cache': False, 'cmake_clean_first': False, 'cmake_force_configure': False, 'cmake_target': None, 'cmake_target_skip_unavailable': False, 'install_base': '/home/sukru/ika_teknofest_aventra_ws/install/ika_data_logger', 'merge_install': False, 'path': '/home/sukru/ika_teknofest_aventra_ws/src/ika_data_logger', 'symlink_install': False, 'test_result_base': None}
[0.257s] Level 5:colcon.colcon_core.verb:set package 'ika_hardware' build argument 'cmake_args' from command line to 'None'
[0.257s] Level 5:colcon.colcon_core.verb:set package 'ika_hardware' build argument 'cmake_target' from command line to 'None'
[0.257s] Level 5:colcon.colcon_core.verb:set package 'ika_hardware' build argument 'cmake_target_skip_unavailable' from command line to 'False'
[0.257s] Level 5:colcon.colcon_core.verb:set package 'ika_hardware' build argument 'cmake_clean_cache' from command line to 'False'
[0.257s] Level 5:colcon.colcon_core.verb:set package 'ika_hardware' build argument 'cmake_clean_first' from command line to 'False'
[0.257s] Level 5:colcon.colcon_core.verb:set package 'ika_hardware' build argument 'cmake_force_configure' from command line to 'False'
[0.257s] Level 5:colcon.colcon_core.verb:set package 'ika_hardware' build argument 'ament_cmake_args' from command line to 'None'
[0.257s] Level 5:colcon.colcon_core.verb:set package 'ika_hardware' build argument 'catkin_cmake_args' from command line to 'None'
[0.257s] Level 5:colcon.colcon_core.verb:set package 'ika_hardware' build argument 'catkin_skip_building_tests' from command line to 'False'
[0.257s] DEBUG:colcon.colcon_core.verb:Building package 'ika_hardware' with the following arguments: {'ament_cmake_args': None, 'build_base': '/home/sukru/ika_teknofest_aventra_ws/build/ika_hardware', 'catkin_cmake_args': None, 'catkin_skip_building_tests': False, 'cmake_args': None, 'cmake_clean_cache': False, 'cmake_clean_first': False, 'cmake_force_configure': False, 'cmake_target': None, 'cmake_target_skip_unavailable': False, 'install_base': '/home/sukru/ika_teknofest_aventra_ws/install/ika_hardware', 'merge_install': False, 'path': '/home/sukru/ika_teknofest_aventra_ws/src/ika_hardware', 'symlink_install': False, 'test_result_base': None}
[0.258s] Level 5:colcon.colcon_core.verb:set package 'ika_localization' build argument 'cmake_args' from command line to 'None'
[0.258s] Level 5:colcon.colcon_core.verb:set package 'ika_localization' build argument 'cmake_target' from command line to 'None'
[0.258s] Level 5:colcon.colcon_core.verb:set package 'ika_localization' build argument 'cmake_target_skip_unavailable' from command line to 'False'
[0.258s] Level 5:colcon.colcon_core.verb:set package 'ika_localization' build argument 'cmake_clean_cache' from command line to 'False'
[0.258s] Level 5:colcon.colcon_core.verb:set package 'ika_localization' build argument 'cmake_clean_first' from command line to 'False'
[0.258s] Level 5:colcon.colcon_core.verb:set package 'ika_localization' build argument 'cmake_force_configure' from command line to 'False'
[0.258s] Level 5:colcon.colcon_core.verb:set package 'ika_localization' build argument 'ament_cmake_args' from command line to 'None'
[0.258s] Level 5:colcon.colcon_core.verb:set package 'ika_localization' build argument 'catkin_cmake_args' from command line to 'None'
[0.258s] Level 5:colcon.colcon_core.verb:set package 'ika_localization' build argument 'catkin_skip_building_tests' from command line to 'False'
[0.258s] DEBUG:colcon.colcon_core.verb:Building package 'ika_localization' with the following arguments: {'ament_cmake_args': None, 'build_base': '/home/sukru/ika_teknofest_aventra_ws/build/ika_localization', 'catkin_cmake_args': None, 'catkin_skip_building_tests': False, 'cmake_args': None, 'cmake_clean_cache': False, 'cmake_clean_first': False, 'cmake_force_configure': False, 'cmake_target': None, 'cmake_target_skip_unavailable': False, 'install_base': '/home/sukru/ika_teknofest_aventra_ws/install/ika_localization', 'merge_install': False, 'path': '/home/sukru/ika_teknofest_aventra_ws/src/ika_localization', 'symlink_install': False, 'test_result_base': None}
[0.258s] Level 5:colcon.colcon_core.verb:set package 'ika_mission_manager' build argument 'cmake_args' from command line to 'None'
[0.258s] Level 5:colcon.colcon_core.verb:set package 'ika_mission_manager' build argument 'cmake_target' from command line to 'None'
[0.258s] Level 5:colcon.colcon_core.verb:set package 'ika_mission_manager' build argument 'cmake_target_skip_unavailable' from command line to 'False'
[0.258s] Level 5:colcon.colcon_core.verb:set package 'ika_mission_manager' build argument 'cmake_clean_cache' from command line to 'False'
[0.258s] Level 5:colcon.colcon_core.verb:set package 'ika_mission_manager' build argument 'cmake_clean_first' from command line to 'False'
[0.258s] Level 5:colcon.colcon_core.verb:set package 'ika_mission_manager' build argument 'cmake_force_configure' from command line to 'False'
[0.258s] Level 5:colcon.colcon_core.verb:set package 'ika_mission_manager' build argument 'ament_cmake_args' from command line to 'None'
[0.258s] Level 5:colcon.colcon_core.verb:set package 'ika_mission_manager' build argument 'catkin_cmake_args' from command line to 'None'
[0.258s] Level 5:colcon.colcon_core.verb:set package 'ika_mission_manager' build argument 'catkin_skip_building_tests' from command line to 'False'
[0.258s] DEBUG:colcon.colcon_core.verb:Building package 'ika_mission_manager' with the following arguments: {'ament_cmake_args': None, 'build_base': '/home/sukru/ika_teknofest_aventra_ws/build/ika_mission_manager', 'catkin_cmake_args': None, 'catkin_skip_building_tests': False, 'cmake_args': None, 'cmake_clean_cache': False, 'cmake_clean_first': False, 'cmake_force_configure': False, 'cmake_target': None, 'cmake_target_skip_unavailable': False, 'install_base': '/home/sukru/ika_teknofest_aventra_ws/install/ika_mission_manager', 'merge_install': False, 'path': '/home/sukru/ika_teknofest_aventra_ws/src/ika_mission_manager', 'symlink_install': False, 'test_result_base': None}
[0.258s] Level 5:colcon.colcon_core.verb:set package 'ika_msgs' build argument 'cmake_args' from command line to 'None'
[0.258s] Level 5:colcon.colcon_core.verb:set package 'ika_msgs' build argument 'cmake_target' from command line to 'None'
[0.258s] Level 5:colcon.colcon_core.verb:set package 'ika_msgs' build argument 'cmake_target_skip_unavailable' from command line to 'False'
[0.258s] Level 5:colcon.colcon_core.verb:set package 'ika_msgs' build argument 'cmake_clean_cache' from command line to 'False'
[0.258s] Level 5:colcon.colcon_core.verb:set package 'ika_msgs' build argument 'cmake_clean_first' from command line to 'False'
[0.258s] Level 5:colcon.colcon_core.verb:set package 'ika_msgs' build argument 'cmake_force_configure' from command line to 'False'
[0.258s] Level 5:colcon.colcon_core.verb:set package 'ika_msgs' build argument 'ament_cmake_args' from command line to 'None'
[0.258s] Level 5:colcon.colcon_core.verb:set package 'ika_msgs' build argument 'catkin_cmake_args' from command line to 'None'
[0.258s] Level 5:colcon.colcon_core.verb:set package 'ika_msgs' build argument 'catkin_skip_building_tests' from command line to 'False'
[0.258s] DEBUG:colcon.colcon_core.verb:Building package 'ika_msgs' with the following arguments: {'ament_cmake_args': None, 'build_base': '/home/sukru/ika_teknofest_aventra_ws/build/ika_msgs', 'catkin_cmake_args': None, 'catkin_skip_building_tests': False, 'cmake_args': None, 'cmake_clean_cache': False, 'cmake_clean_first': False, 'cmake_force_configure': False, 'cmake_target': None, 'cmake_target_skip_unavailable': False, 'install_base': '/home/sukru/ika_teknofest_aventra_ws/install/ika_msgs', 'merge_install': False, 'path': '/home/sukru/ika_teknofest_aventra_ws/src/ika_msgs', 'symlink_install': False, 'test_result_base': None}
[0.258s] Level 5:colcon.colcon_core.verb:set package 'ika_navigation' build argument 'cmake_args' from command line to 'None'
[0.258s] Level 5:colcon.colcon_core.verb:set package 'ika_navigation' build argument 'cmake_target' from command line to 'None'
[0.258s] Level 5:colcon.colcon_core.verb:set package 'ika_navigation' build argument 'cmake_target_skip_unavailable' from command line to 'False'
[0.258s] Level 5:colcon.colcon_core.verb:set package 'ika_navigation' build argument 'cmake_clean_cache' from command line to 'False'
[0.258s] Level 5:colcon.colcon_core.verb:set package 'ika_navigation' build argument 'cmake_clean_first' from command line to 'False'
[0.258s] Level 5:colcon.colcon_core.verb:set package 'ika_navigation' build argument 'cmake_force_configure' from command line to 'False'
[0.258s] Level 5:colcon.colcon_core.verb:set package 'ika_navigation' build argument 'ament_cmake_args' from command line to 'None'
[0.258s] Level 5:colcon.colcon_core.verb:set package 'ika_navigation' build argument 'catkin_cmake_args' from command line to 'None'
[0.258s] Level 5:colcon.colcon_core.verb:set package 'ika_navigation' build argument 'catkin_skip_building_tests' from command line to 'False'
[0.258s] DEBUG:colcon.colcon_core.verb:Building package 'ika_navigation' with the following arguments: {'ament_cmake_args': None, 'build_base': '/home/sukru/ika_teknofest_aventra_ws/build/ika_navigation', 'catkin_cmake_args': None, 'catkin_skip_building_tests': False, 'cmake_args': None, 'cmake_clean_cache': False, 'cmake_clean_first': False, 'cmake_force_configure': False, 'cmake_target': None, 'cmake_target_skip_unavailable': False, 'install_base': '/home/sukru/ika_teknofest_aventra_ws/install/ika_navigation', 'merge_install': False, 'path': '/home/sukru/ika_teknofest_aventra_ws/src/ika_navigation', 'symlink_install': False, 'test_result_base': None}
[0.259s] Level 5:colcon.colcon_core.verb:set package 'ika_perception' build argument 'cmake_args' from command line to 'None'
[0.259s] Level 5:colcon.colcon_core.verb:set package 'ika_perception' build argument 'cmake_target' from command line to 'None'
[0.259s] Level 5:colcon.colcon_core.verb:set package 'ika_perception' build argument 'cmake_target_skip_unavailable' from command line to 'False'
[0.259s] Level 5:colcon.colcon_core.verb:set package 'ika_perception' build argument 'cmake_clean_cache' from command line to 'False'
[0.259s] Level 5:colcon.colcon_core.verb:set package 'ika_perception' build argument 'cmake_clean_first' from command line to 'False'
[0.259s] Level 5:colcon.colcon_core.verb:set package 'ika_perception' build argument 'cmake_force_configure' from command line to 'False'
[0.259s] Level 5:colcon.colcon_core.verb:set package 'ika_perception' build argument 'ament_cmake_args' from command line to 'None'
[0.259s] Level 5:colcon.colcon_core.verb:set package 'ika_perception' build argument 'catkin_cmake_args' from command line to 'None'
[0.259s] Level 5:colcon.colcon_core.verb:set package 'ika_perception' build argument 'catkin_skip_building_tests' from command line to 'False'
[0.259s] DEBUG:colcon.colcon_core.verb:Building package 'ika_perception' with the following arguments: {'ament_cmake_args': None, 'build_base': '/home/sukru/ika_teknofest_aventra_ws/build/ika_perception', 'catkin_cmake_args': None, 'catkin_skip_building_tests': False, 'cmake_args': None, 'cmake_clean_cache': False, 'cmake_clean_first': False, 'cmake_force_configure': False, 'cmake_target': None, 'cmake_target_skip_unavailable': False, 'install_base': '/home/sukru/ika_teknofest_aventra_ws/install/ika_perception', 'merge_install': False, 'path': '/home/sukru/ika_teknofest_aventra_ws/src/ika_perception', 'symlink_install': False, 'test_result_base': None}
[0.259s] Level 5:colcon.colcon_core.verb:set package 'ika_targeting' build argument 'cmake_args' from command line to 'None'
[0.259s] Level 5:colcon.colcon_core.verb:set package 'ika_targeting' build argument 'cmake_target' from command line to 'None'
[0.259s] Level 5:colcon.colcon_core.verb:set package 'ika_targeting' build argument 'cmake_target_skip_unavailable' from command line to 'False'
[0.259s] Level 5:colcon.colcon_core.verb:set package 'ika_targeting' build argument 'cmake_clean_cache' from command line to 'False'
[0.259s] Level 5:colcon.colcon_core.verb:set package 'ika_targeting' build argument 'cmake_clean_first' from command line to 'False'
[0.259s] Level 5:colcon.colcon_core.verb:set package 'ika_targeting' build argument 'cmake_force_configure' from command line to 'False'
[0.259s] Level 5:colcon.colcon_core.verb:set package 'ika_targeting' build argument 'ament_cmake_args' from command line to 'None'
[0.259s] Level 5:colcon.colcon_core.verb:set package 'ika_targeting' build argument 'catkin_cmake_args' from command line to 'None'
[0.259s] Level 5:colcon.colcon_core.verb:set package 'ika_targeting' build argument 'catkin_skip_building_tests' from command line to 'False'
[0.259s] DEBUG:colcon.colcon_core.verb:Building package 'ika_targeting' with the following arguments: {'ament_cmake_args': None, 'build_base': '/home/sukru/ika_teknofest_aventra_ws/build/ika_targeting', 'catkin_cmake_args': None, 'catkin_skip_building_tests': False, 'cmake_args': None, 'cmake_clean_cache': False, 'cmake_clean_first': False, 'cmake_force_configure': False, 'cmake_target': None, 'cmake_target_skip_unavailable': False, 'install_base': '/home/sukru/ika_teknofest_aventra_ws/install/ika_targeting', 'merge_install': False, 'path': '/home/sukru/ika_teknofest_aventra_ws/src/ika_targeting', 'symlink_install': False, 'test_result_base': None}
[0.259s] Level 5:colcon.colcon_core.verb:set package 'ika_ui_bridge' build argument 'cmake_args' from command line to 'None'
[0.259s] Level 5:colcon.colcon_core.verb:set package 'ika_ui_bridge' build argument 'cmake_target' from command line to 'None'
[0.259s] Level 5:colcon.colcon_core.verb:set package 'ika_ui_bridge' build argument 'cmake_target_skip_unavailable' from command line to 'False'
[0.259s] Level 5:colcon.colcon_core.verb:set package 'ika_ui_bridge' build argument 'cmake_clean_cache' from command line to 'False'
[0.259s] Level 5:colcon.colcon_core.verb:set package 'ika_ui_bridge' build argument 'cmake_clean_first' from command line to 'False'
[0.259s] Level 5:colcon.colcon_core.verb:set package 'ika_ui_bridge' build argument 'cmake_force_configure' from command line to 'False'
[0.259s] Level 5:colcon.colcon_core.verb:set package 'ika_ui_bridge' build argument 'ament_cmake_args' from command line to 'None'
[0.259s] Level 5:colcon.colcon_core.verb:set package 'ika_ui_bridge' build argument 'catkin_cmake_args' from command line to 'None'
[0.259s] Level 5:colcon.colcon_core.verb:set package 'ika_ui_bridge' build argument 'catkin_skip_building_tests' from command line to 'False'
[0.259s] DEBUG:colcon.colcon_core.verb:Building package 'ika_ui_bridge' with the following arguments: {'ament_cmake_args': None, 'build_base': '/home/sukru/ika_teknofest_aventra_ws/build/ika_ui_bridge', 'catkin_cmake_args': None, 'catkin_skip_building_tests': False, 'cmake_args': None, 'cmake_clean_cache': False, 'cmake_clean_first': False, 'cmake_force_configure': False, 'cmake_target': None, 'cmake_target_skip_unavailable': False, 'install_base': '/home/sukru/ika_teknofest_aventra_ws/install/ika_ui_bridge', 'merge_install': False, 'path': '/home/sukru/ika_teknofest_aventra_ws/src/ika_ui_bridge', 'symlink_install': False, 'test_result_base': None}
[0.259s] Level 5:colcon.colcon_core.verb:set package 'ika_description' build argument 'cmake_args' from command line to 'None'
[0.259s] Level 5:colcon.colcon_core.verb:set package 'ika_description' build argument 'cmake_target' from command line to 'None'
[0.259s] Level 5:colcon.colcon_core.verb:set package 'ika_description' build argument 'cmake_target_skip_unavailable' from command line to 'False'
[0.259s] Level 5:colcon.colcon_core.verb:set package 'ika_description' build argument 'cmake_clean_cache' from command line to 'False'
[0.259s] Level 5:colcon.colcon_core.verb:set package 'ika_description' build argument 'cmake_clean_first' from command line to 'False'
[0.259s] Level 5:colcon.colcon_core.verb:set package 'ika_description' build argument 'cmake_force_configure' from command line to 'False'
[0.259s] Level 5:colcon.colcon_core.verb:set package 'ika_description' build argument 'ament_cmake_args' from command line to 'None'
[0.259s] Level 5:colcon.colcon_core.verb:set package 'ika_description' build argument 'catkin_cmake_args' from command line to 'None'
[0.259s] Level 5:colcon.colcon_core.verb:set package 'ika_description' build argument 'catkin_skip_building_tests' from command line to 'False'
[0.259s] DEBUG:colcon.colcon_core.verb:Building package 'ika_description' with the following arguments: {'ament_cmake_args': None, 'build_base': '/home/sukru/ika_teknofest_aventra_ws/build/ika_description', 'catkin_cmake_args': None, 'catkin_skip_building_tests': False, 'cmake_args': None, 'cmake_clean_cache': False, 'cmake_clean_first': False, 'cmake_force_configure': False, 'cmake_target': None, 'cmake_target_skip_unavailable': False, 'install_base': '/home/sukru/ika_teknofest_aventra_ws/install/ika_description', 'merge_install': False, 'path': '/home/sukru/ika_teknofest_aventra_ws/src/ika_description', 'symlink_install': False, 'test_result_base': None}
[0.259s] Level 5:colcon.colcon_core.verb:set package 'ika_sensors' build argument 'cmake_args' from command line to 'None'
[0.259s] Level 5:colcon.colcon_core.verb:set package 'ika_sensors' build argument 'cmake_target' from command line to 'None'
[0.259s] Level 5:colcon.colcon_core.verb:set package 'ika_sensors' build argument 'cmake_target_skip_unavailable' from command line to 'False'
[0.260s] Level 5:colcon.colcon_core.verb:set package 'ika_sensors' build argument 'cmake_clean_cache' from command line to 'False'
[0.260s] Level 5:colcon.colcon_core.verb:set package 'ika_sensors' build argument 'cmake_clean_first' from command line to 'False'
[0.260s] Level 5:colcon.colcon_core.verb:set package 'ika_sensors' build argument 'cmake_force_configure' from command line to 'False'
[0.260s] Level 5:colcon.colcon_core.verb:set package 'ika_sensors' build argument 'ament_cmake_args' from command line to 'None'
[0.260s] Level 5:colcon.colcon_core.verb:set package 'ika_sensors' build argument 'catkin_cmake_args' from command line to 'None'
[0.260s] Level 5:colcon.colcon_core.verb:set package 'ika_sensors' build argument 'catkin_skip_building_tests' from command line to 'False'
[0.260s] DEBUG:colcon.colcon_core.verb:Building package 'ika_sensors' with the following arguments: {'ament_cmake_args': None, 'build_base': '/home/sukru/ika_teknofest_aventra_ws/build/ika_sensors', 'catkin_cmake_args': None, 'catkin_skip_building_tests': False, 'cmake_args': None, 'cmake_clean_cache': False, 'cmake_clean_first': False, 'cmake_force_configure': False, 'cmake_target': None, 'cmake_target_skip_unavailable': False, 'install_base': '/home/sukru/ika_teknofest_aventra_ws/install/ika_sensors', 'merge_install': False, 'path': '/home/sukru/ika_teknofest_aventra_ws/src/ika_sensors', 'symlink_install': False, 'test_result_base': None}
[0.260s] Level 5:colcon.colcon_core.verb:set package 'ika_gazebo' build argument 'cmake_args' from command line to 'None'
[0.260s] Level 5:colcon.colcon_core.verb:set package 'ika_gazebo' build argument 'cmake_target' from command line to 'None'
[0.260s] Level 5:colcon.colcon_core.verb:set package 'ika_gazebo' build argument 'cmake_target_skip_unavailable' from command line to 'False'
[0.260s] Level 5:colcon.colcon_core.verb:set package 'ika_gazebo' build argument 'cmake_clean_cache' from command line to 'False'
[0.260s] Level 5:colcon.colcon_core.verb:set package 'ika_gazebo' build argument 'cmake_clean_first' from command line to 'False'
[0.260s] Level 5:colcon.colcon_core.verb:set package 'ika_gazebo' build argument 'cmake_force_configure' from command line to 'False'
[0.260s] Level 5:colcon.colcon_core.verb:set package 'ika_gazebo' build argument 'ament_cmake_args' from command line to 'None'
[0.260s] Level 5:colcon.colcon_core.verb:set package 'ika_gazebo' build argument 'catkin_cmake_args' from command line to 'None'
[0.260s] Level 5:colcon.colcon_core.verb:set package 'ika_gazebo' build argument 'catkin_skip_building_tests' from command line to 'False'
[0.260s] DEBUG:colcon.colcon_core.verb:Building package 'ika_gazebo' with the following arguments: {'ament_cmake_args': None, 'build_base': '/home/sukru/ika_teknofest_aventra_ws/build/ika_gazebo', 'catkin_cmake_args': None, 'catkin_skip_building_tests': False, 'cmake_args': None, 'cmake_clean_cache': False, 'cmake_clean_first': False, 'cmake_force_configure': False, 'cmake_target': None, 'cmake_target_skip_unavailable': False, 'install_base': '/home/sukru/ika_teknofest_aventra_ws/install/ika_gazebo', 'merge_install': False, 'path': '/home/sukru/ika_teknofest_aventra_ws/src/ika_gazebo', 'symlink_install': False, 'test_result_base': None}
[0.260s] Level 5:colcon.colcon_core.verb:set package 'ika_bringup' build argument 'cmake_args' from command line to 'None'
[0.260s] Level 5:colcon.colcon_core.verb:set package 'ika_bringup' build argument 'cmake_target' from command line to 'None'
[0.260s] Level 5:colcon.colcon_core.verb:set package 'ika_bringup' build argument 'cmake_target_skip_unavailable' from command line to 'False'
[0.260s] Level 5:colcon.colcon_core.verb:set package 'ika_bringup' build argument 'cmake_clean_cache' from command line to 'False'
[0.260s] Level 5:colcon.colcon_core.verb:set package 'ika_bringup' build argument 'cmake_clean_first' from command line to 'False'
[0.260s] Level 5:colcon.colcon_core.verb:set package 'ika_bringup' build argument 'cmake_force_configure' from command line to 'False'
[0.260s] Level 5:colcon.colcon_core.verb:set package 'ika_bringup' build argument 'ament_cmake_args' from command line to 'None'
[0.260s] Level 5:colcon.colcon_core.verb:set package 'ika_bringup' build argument 'catkin_cmake_args' from command line to 'None'
[0.260s] Level 5:colcon.colcon_core.verb:set package 'ika_bringup' build argument 'catkin_skip_building_tests' from command line to 'False'
[0.260s] DEBUG:colcon.colcon_core.verb:Building package 'ika_bringup' with the following arguments: {'ament_cmake_args': None, 'build_base': '/home/sukru/ika_teknofest_aventra_ws/build/ika_bringup', 'catkin_cmake_args': None, 'catkin_skip_building_tests': False, 'cmake_args': None, 'cmake_clean_cache': False, 'cmake_clean_first': False, 'cmake_force_configure': False, 'cmake_target': None, 'cmake_target_skip_unavailable': False, 'install_base': '/home/sukru/ika_teknofest_aventra_ws/install/ika_bringup', 'merge_install': False, 'path': '/home/sukru/ika_teknofest_aventra_ws/src/ika_bringup', 'symlink_install': False, 'test_result_base': None}
[0.260s] INFO:colcon.colcon_core.executor:Executing jobs using 'parallel' executor
[0.261s] DEBUG:colcon.colcon_parallel_executor.executor.parallel:run_until_complete
[0.261s] INFO:colcon.colcon_ros.task.ament_python.build:Building ROS package in '/home/sukru/ika_teknofest_aventra_ws/src/ika_control' with build type 'ament_python'
[0.261s] Level 1:colcon.colcon_core.shell:create_environment_hook('ika_control', 'ament_prefix_path')
[0.262s] INFO:colcon.colcon_core.plugin_system:Skipping extension 'colcon_core.shell.bat': Not used on non-Windows systems
[0.262s] INFO:colcon.colcon_core.shell:Creating environment hook '/home/sukru/ika_teknofest_aventra_ws/install/ika_control/share/ika_control/hook/ament_prefix_path.ps1'
[0.263s] INFO:colcon.colcon_core.shell:Creating environment descriptor '/home/sukru/ika_teknofest_aventra_ws/install/ika_control/share/ika_control/hook/ament_prefix_path.dsv'
[0.263s] INFO:colcon.colcon_core.shell:Creating environment hook '/home/sukru/ika_teknofest_aventra_ws/install/ika_control/share/ika_control/hook/ament_prefix_path.sh'
[0.263s] INFO:colcon.colcon_core.shell:Skip shell extension 'powershell' for command environment: Not usable outside of PowerShell
[0.263s] DEBUG:colcon.colcon_core.shell:Skip shell extension 'dsv' for command environment
[0.267s] INFO:colcon.colcon_ros.task.ament_cmake.build:Building ROS package in '/home/sukru/ika_teknofest_aventra_ws/src/ika_msgs' with build type 'ament_cmake'
[0.267s] INFO:colcon.colcon_cmake.task.cmake.build:Building CMake package in '/home/sukru/ika_teknofest_aventra_ws/src/ika_msgs'
[0.267s] INFO:colcon.colcon_core.shell:Skip shell extension 'powershell' for command environment: Not usable outside of PowerShell
[0.267s] DEBUG:colcon.colcon_core.shell:Skip shell extension 'dsv' for command environment
[0.270s] INFO:colcon.colcon_ros.task.ament_python.build:Building ROS package in '/home/sukru/ika_teknofest_aventra_ws/src/ika_behaviors' with build type 'ament_python'
[0.270s] Level 1:colcon.colcon_core.shell:create_environment_hook('ika_behaviors', 'ament_prefix_path')
[0.270s] INFO:colcon.colcon_core.shell:Creating environment hook '/home/sukru/ika_teknofest_aventra_ws/install/ika_behaviors/share/ika_behaviors/hook/ament_prefix_path.ps1'
[0.271s] INFO:colcon.colcon_core.shell:Creating environment descriptor '/home/sukru/ika_teknofest_aventra_ws/install/ika_behaviors/share/ika_behaviors/hook/ament_prefix_path.dsv'
[0.271s] INFO:colcon.colcon_core.shell:Creating environment hook '/home/sukru/ika_teknofest_aventra_ws/install/ika_behaviors/share/ika_behaviors/hook/ament_prefix_path.sh'
[0.271s] INFO:colcon.colcon_core.shell:Skip shell extension 'powershell' for command environment: Not usable outside of PowerShell
[0.271s] DEBUG:colcon.colcon_core.shell:Skip shell extension 'dsv' for command environment
[0.274s] INFO:colcon.colcon_ros.task.ament_python.build:Building ROS package in '/home/sukru/ika_teknofest_aventra_ws/src/ika_data_logger' with build type 'ament_python'
[0.274s] Level 1:colcon.colcon_core.shell:create_environment_hook('ika_data_logger', 'ament_prefix_path')
[0.274s] INFO:colcon.colcon_core.shell:Creating environment hook '/home/sukru/ika_teknofest_aventra_ws/install/ika_data_logger/share/ika_data_logger/hook/ament_prefix_path.ps1'
[0.275s] INFO:colcon.colcon_core.shell:Creating environment descriptor '/home/sukru/ika_teknofest_aventra_ws/install/ika_data_logger/share/ika_data_logger/hook/ament_prefix_path.dsv'
[0.275s] INFO:colcon.colcon_core.shell:Creating environment hook '/home/sukru/ika_teknofest_aventra_ws/install/ika_data_logger/share/ika_data_logger/hook/ament_prefix_path.sh'
[0.275s] INFO:colcon.colcon_core.shell:Skip shell extension 'powershell' for command environment: Not usable outside of PowerShell
[0.275s] DEBUG:colcon.colcon_core.shell:Skip shell extension 'dsv' for command environment
[0.278s] INFO:colcon.colcon_ros.task.ament_python.build:Building ROS package in '/home/sukru/ika_teknofest_aventra_ws/src/ika_hardware' with build type 'ament_python'
[0.278s] Level 1:colcon.colcon_core.shell:create_environment_hook('ika_hardware', 'ament_prefix_path')
[0.278s] INFO:colcon.colcon_core.shell:Creating environment hook '/home/sukru/ika_teknofest_aventra_ws/install/ika_hardware/share/ika_hardware/hook/ament_prefix_path.ps1'
[0.279s] INFO:colcon.colcon_core.shell:Creating environment descriptor '/home/sukru/ika_teknofest_aventra_ws/install/ika_hardware/share/ika_hardware/hook/ament_prefix_path.dsv'
[0.279s] INFO:colcon.colcon_core.shell:Creating environment hook '/home/sukru/ika_teknofest_aventra_ws/install/ika_hardware/share/ika_hardware/hook/ament_prefix_path.sh'
[0.279s] INFO:colcon.colcon_core.shell:Skip shell extension 'powershell' for command environment: Not usable outside of PowerShell
[0.279s] DEBUG:colcon.colcon_core.shell:Skip shell extension 'dsv' for command environment
[0.282s] INFO:colcon.colcon_ros.task.ament_python.build:Building ROS package in '/home/sukru/ika_teknofest_aventra_ws/src/ika_localization' with build type 'ament_python'
[0.282s] Level 1:colcon.colcon_core.shell:create_environment_hook('ika_localization', 'ament_prefix_path')
[0.283s] INFO:colcon.colcon_core.shell:Creating environment hook '/home/sukru/ika_teknofest_aventra_ws/install/ika_localization/share/ika_localization/hook/ament_prefix_path.ps1'
[0.283s] INFO:colcon.colcon_core.shell:Creating environment descriptor '/home/sukru/ika_teknofest_aventra_ws/install/ika_localization/share/ika_localization/hook/ament_prefix_path.dsv'
[0.283s] INFO:colcon.colcon_core.shell:Creating environment hook '/home/sukru/ika_teknofest_aventra_ws/install/ika_localization/share/ika_localization/hook/ament_prefix_path.sh'
[0.283s] INFO:colcon.colcon_core.shell:Skip shell extension 'powershell' for command environment: Not usable outside of PowerShell
[0.283s] DEBUG:colcon.colcon_core.shell:Skip shell extension 'dsv' for command environment
[0.286s] INFO:colcon.colcon_ros.task.ament_python.build:Building ROS package in '/home/sukru/ika_teknofest_aventra_ws/src/ika_mission_manager' with build type 'ament_python'
[0.286s] Level 1:colcon.colcon_core.shell:create_environment_hook('ika_mission_manager', 'ament_prefix_path')
[0.286s] INFO:colcon.colcon_core.shell:Creating environment hook '/home/sukru/ika_teknofest_aventra_ws/install/ika_mission_manager/share/ika_mission_manager/hook/ament_prefix_path.ps1'
[0.287s] INFO:colcon.colcon_core.shell:Creating environment descriptor '/home/sukru/ika_teknofest_aventra_ws/install/ika_mission_manager/share/ika_mission_manager/hook/ament_prefix_path.dsv'
[0.287s] INFO:colcon.colcon_core.shell:Creating environment hook '/home/sukru/ika_teknofest_aventra_ws/install/ika_mission_manager/share/ika_mission_manager/hook/ament_prefix_path.sh'
[0.287s] INFO:colcon.colcon_core.shell:Skip shell extension 'powershell' for command environment: Not usable outside of PowerShell
[0.287s] DEBUG:colcon.colcon_core.shell:Skip shell extension 'dsv' for command environment
[0.291s] INFO:colcon.colcon_ros.task.ament_python.build:Building ROS package in '/home/sukru/ika_teknofest_aventra_ws/src/ika_navigation' with build type 'ament_python'
[0.291s] Level 1:colcon.colcon_core.shell:create_environment_hook('ika_navigation', 'ament_prefix_path')
[0.291s] INFO:colcon.colcon_core.shell:Creating environment hook '/home/sukru/ika_teknofest_aventra_ws/install/ika_navigation/share/ika_navigation/hook/ament_prefix_path.ps1'
[0.292s] INFO:colcon.colcon_core.shell:Creating environment descriptor '/home/sukru/ika_teknofest_aventra_ws/install/ika_navigation/share/ika_navigation/hook/ament_prefix_path.dsv'
[0.292s] INFO:colcon.colcon_core.shell:Creating environment hook '/home/sukru/ika_teknofest_aventra_ws/install/ika_navigation/share/ika_navigation/hook/ament_prefix_path.sh'
[0.292s] INFO:colcon.colcon_core.shell:Skip shell extension 'powershell' for command environment: Not usable outside of PowerShell
[0.292s] DEBUG:colcon.colcon_core.shell:Skip shell extension 'dsv' for command environment
[0.296s] INFO:colcon.colcon_ros.task.ament_python.build:Building ROS package in '/home/sukru/ika_teknofest_aventra_ws/src/ika_perception' with build type 'ament_python'
[0.296s] Level 1:colcon.colcon_core.shell:create_environment_hook('ika_perception', 'ament_prefix_path')
[0.296s] INFO:colcon.colcon_core.shell:Creating environment hook '/home/sukru/ika_teknofest_aventra_ws/install/ika_perception/share/ika_perception/hook/ament_prefix_path.ps1'
[0.296s] INFO:colcon.colcon_core.shell:Creating environment descriptor '/home/sukru/ika_teknofest_aventra_ws/install/ika_perception/share/ika_perception/hook/ament_prefix_path.dsv'
[0.296s] INFO:colcon.colcon_core.shell:Creating environment hook '/home/sukru/ika_teknofest_aventra_ws/install/ika_perception/share/ika_perception/hook/ament_prefix_path.sh'
[0.296s] INFO:colcon.colcon_core.shell:Skip shell extension 'powershell' for command environment: Not usable outside of PowerShell
[0.296s] DEBUG:colcon.colcon_core.shell:Skip shell extension 'dsv' for command environment
[0.300s] INFO:colcon.colcon_ros.task.ament_python.build:Building ROS package in '/home/sukru/ika_teknofest_aventra_ws/src/ika_targeting' with build type 'ament_python'
[0.300s] Level 1:colcon.colcon_core.shell:create_environment_hook('ika_targeting', 'ament_prefix_path')
[0.300s] INFO:colcon.colcon_core.shell:Creating environment hook '/home/sukru/ika_teknofest_aventra_ws/install/ika_targeting/share/ika_targeting/hook/ament_prefix_path.ps1'
[0.300s] INFO:colcon.colcon_core.shell:Creating environment descriptor '/home/sukru/ika_teknofest_aventra_ws/install/ika_targeting/share/ika_targeting/hook/ament_prefix_path.dsv'
[0.300s] INFO:colcon.colcon_core.shell:Creating environment hook '/home/sukru/ika_teknofest_aventra_ws/install/ika_targeting/share/ika_targeting/hook/ament_prefix_path.sh'
[0.300s] INFO:colcon.colcon_core.shell:Skip shell extension 'powershell' for command environment: Not usable outside of PowerShell
[0.300s] DEBUG:colcon.colcon_core.shell:Skip shell extension 'dsv' for command environment
[0.306s] INFO:colcon.colcon_ros.task.ament_python.build:Building ROS package in '/home/sukru/ika_teknofest_aventra_ws/src/ika_ui_bridge' with build type 'ament_python'
[0.306s] Level 1:colcon.colcon_core.shell:create_environment_hook('ika_ui_bridge', 'ament_prefix_path')
[0.306s] INFO:colcon.colcon_core.shell:Creating environment hook '/home/sukru/ika_teknofest_aventra_ws/install/ika_ui_bridge/share/ika_ui_bridge/hook/ament_prefix_path.ps1'
[0.307s] INFO:colcon.colcon_core.shell:Creating environment descriptor '/home/sukru/ika_teknofest_aventra_ws/install/ika_ui_bridge/share/ika_ui_bridge/hook/ament_prefix_path.dsv'
[0.307s] INFO:colcon.colcon_core.shell:Creating environment hook '/home/sukru/ika_teknofest_aventra_ws/install/ika_ui_bridge/share/ika_ui_bridge/hook/ament_prefix_path.sh'
[0.307s] INFO:colcon.colcon_core.shell:Skip shell extension 'powershell' for command environment: Not usable outside of PowerShell
[0.307s] DEBUG:colcon.colcon_core.shell:Skip shell extension 'dsv' for command environment
[0.464s] INFO:colcon.colcon_core.task.python.build:Building Python package in '/home/sukru/ika_teknofest_aventra_ws/src/ika_control'
[0.464s] INFO:colcon.colcon_core.shell:Skip shell extension 'powershell' for command environment: Not usable outside of PowerShell
[0.464s] DEBUG:colcon.colcon_core.shell:Skip shell extension 'dsv' for command environment
[0.469s] DEBUG:colcon.colcon_core.event_handler.log_command:Invoking command in '/home/sukru/ika_teknofest_aventra_ws/build/ika_msgs': CMAKE_PREFIX_PATH=${CMAKE_PREFIX_PATH}:/home/sukru/ika_teknofest_aventra_ws/install/ika_control:/home/sukru/ai_autonomi_ws/install/ika_autonomi:/home/sukru/Desktop/otonom_atis/install/python_pkg:/home/sukru/ros_ws_vacuum_bot/install/vacuum_teleop:/home/sukru/ros_ws_vacuum_bot/install/vacuum_sensors:/home/sukru/ros_ws_vacuum_bot/install/vacuum_navigation:/home/sukru/ros_ws_vacuum_bot/install/vacuum_msgs:/home/sukru/ros_ws_vacuum_bot/install/vacuum_mapping:/home/sukru/ros_ws_vacuum_bot/install/vacuum_description:/home/sukru/ros_ws_vacuum_bot/install/vacuum_control:/home/sukru/ros_ws_vacuum_bot/install/vacuum_bringup:/home/sukru/ros_ws_demo/install/python_pkg:/opt/ros/humble /usr/bin/cmake /home/sukru/ika_teknofest_aventra_ws/src/ika_msgs -DCMAKE_INSTALL_PREFIX=/home/sukru/ika_teknofest_aventra_ws/install/ika_msgs
[0.621s] INFO:colcon.colcon_core.task.python.build:Building Python package in '/home/sukru/ika_teknofest_aventra_ws/src/ika_behaviors'
[0.622s] INFO:colcon.colcon_core.shell:Skip shell extension 'powershell' for command environment: Not usable outside of PowerShell
[0.622s] DEBUG:colcon.colcon_core.shell:Skip shell extension 'dsv' for command environment
[0.776s] INFO:colcon.colcon_core.task.python.build:Building Python package in '/home/sukru/ika_teknofest_aventra_ws/src/ika_data_logger'
[0.776s] INFO:colcon.colcon_core.shell:Skip shell extension 'powershell' for command environment: Not usable outside of PowerShell
[0.776s] DEBUG:colcon.colcon_core.shell:Skip shell extension 'dsv' for command environment
[0.928s] INFO:colcon.colcon_core.task.python.build:Building Python package in '/home/sukru/ika_teknofest_aventra_ws/src/ika_hardware'
[0.928s] INFO:colcon.colcon_core.shell:Skip shell extension 'powershell' for command environment: Not usable outside of PowerShell
[0.928s] DEBUG:colcon.colcon_core.shell:Skip shell extension 'dsv' for command environment
[1.088s] INFO:colcon.colcon_core.task.python.build:Building Python package in '/home/sukru/ika_teknofest_aventra_ws/src/ika_localization'
[1.088s] INFO:colcon.colcon_core.shell:Skip shell extension 'powershell' for command environment: Not usable outside of PowerShell
[1.088s] DEBUG:colcon.colcon_core.shell:Skip shell extension 'dsv' for command environment
[1.256s] INFO:colcon.colcon_core.task.python.build:Building Python package in '/home/sukru/ika_teknofest_aventra_ws/src/ika_mission_manager'
[1.257s] INFO:colcon.colcon_core.shell:Skip shell extension 'powershell' for command environment: Not usable outside of PowerShell
[1.257s] DEBUG:colcon.colcon_core.shell:Skip shell extension 'dsv' for command environment
[1.421s] INFO:colcon.colcon_core.task.python.build:Building Python package in '/home/sukru/ika_teknofest_aventra_ws/src/ika_navigation'
[1.422s] INFO:colcon.colcon_core.shell:Skip shell extension 'powershell' for command environment: Not usable outside of PowerShell
[1.422s] DEBUG:colcon.colcon_core.shell:Skip shell extension 'dsv' for command environment
[1.576s] INFO:colcon.colcon_core.task.python.build:Building Python package in '/home/sukru/ika_teknofest_aventra_ws/src/ika_perception'
[1.576s] INFO:colcon.colcon_core.shell:Skip shell extension 'powershell' for command environment: Not usable outside of PowerShell
[1.576s] DEBUG:colcon.colcon_core.shell:Skip shell extension 'dsv' for command environment
[1.730s] INFO:colcon.colcon_core.task.python.build:Building Python package in '/home/sukru/ika_teknofest_aventra_ws/src/ika_targeting'
[1.730s] INFO:colcon.colcon_core.shell:Skip shell extension 'powershell' for command environment: Not usable outside of PowerShell
[1.731s] DEBUG:colcon.colcon_core.shell:Skip shell extension 'dsv' for command environment
[1.881s] INFO:colcon.colcon_core.task.python.build:Building Python package in '/home/sukru/ika_teknofest_aventra_ws/src/ika_ui_bridge'
[1.881s] INFO:colcon.colcon_core.shell:Skip shell extension 'powershell' for command environment: Not usable outside of PowerShell
[1.881s] DEBUG:colcon.colcon_core.shell:Skip shell extension 'dsv' for command environment
[1.889s] DEBUG:colcon.colcon_core.event_handler.log_command:Invoked command in '/home/sukru/ika_teknofest_aventra_ws/build/ika_msgs' returned '0': CMAKE_PREFIX_PATH=${CMAKE_PREFIX_PATH}:/home/sukru/ika_teknofest_aventra_ws/install/ika_control:/home/sukru/ai_autonomi_ws/install/ika_autonomi:/home/sukru/Desktop/otonom_atis/install/python_pkg:/home/sukru/ros_ws_vacuum_bot/install/vacuum_teleop:/home/sukru/ros_ws_vacuum_bot/install/vacuum_sensors:/home/sukru/ros_ws_vacuum_bot/install/vacuum_navigation:/home/sukru/ros_ws_vacuum_bot/install/vacuum_msgs:/home/sukru/ros_ws_vacuum_bot/install/vacuum_mapping:/home/sukru/ros_ws_vacuum_bot/install/vacuum_description:/home/sukru/ros_ws_vacuum_bot/install/vacuum_control:/home/sukru/ros_ws_vacuum_bot/install/vacuum_bringup:/home/sukru/ros_ws_demo/install/python_pkg:/opt/ros/humble /usr/bin/cmake /home/sukru/ika_teknofest_aventra_ws/src/ika_msgs -DCMAKE_INSTALL_PREFIX=/home/sukru/ika_teknofest_aventra_ws/install/ika_msgs
[1.890s] DEBUG:colcon.colcon_core.event_handler.log_command:Invoking command in '/home/sukru/ika_teknofest_aventra_ws/build/ika_msgs': CMAKE_PREFIX_PATH=${CMAKE_PREFIX_PATH}:/home/sukru/ika_teknofest_aventra_ws/install/ika_control:/home/sukru/ai_autonomi_ws/install/ika_autonomi:/home/sukru/Desktop/otonom_atis/install/python_pkg:/home/sukru/ros_ws_vacuum_bot/install/vacuum_teleop:/home/sukru/ros_ws_vacuum_bot/install/vacuum_sensors:/home/sukru/ros_ws_vacuum_bot/install/vacuum_navigation:/home/sukru/ros_ws_vacuum_bot/install/vacuum_msgs:/home/sukru/ros_ws_vacuum_bot/install/vacuum_mapping:/home/sukru/ros_ws_vacuum_bot/install/vacuum_description:/home/sukru/ros_ws_vacuum_bot/install/vacuum_control:/home/sukru/ros_ws_vacuum_bot/install/vacuum_bringup:/home/sukru/ros_ws_demo/install/python_pkg:/opt/ros/humble /usr/bin/cmake --build /home/sukru/ika_teknofest_aventra_ws/build/ika_msgs -- -j12 -l12
[2.261s] DEBUG:colcon.colcon_core.event_handler.log_command:Invoking command in '/home/sukru/ika_teknofest_aventra_ws/src/ika_localization': PYTHONPATH=/home/sukru/ika_teknofest_aventra_ws/build/ika_localization/prefix_override:/usr/lib/python3/dist-packages/colcon_core/task/python/colcon_distutils_commands:/home/sukru/ika_teknofest_aventra_ws/install/ika_localization/lib/python3.10/site-packages:${PYTHONPATH} /usr/bin/python3 -W ignore:setup.py install is deprecated -W ignore:easy_install command is deprecated setup.py egg_info --egg-base ../../build/ika_localization build --build-base /home/sukru/ika_teknofest_aventra_ws/build/ika_localization/build install --record /home/sukru/ika_teknofest_aventra_ws/build/ika_localization/install.log --single-version-externally-managed install_data
[2.273s] DEBUG:colcon.colcon_core.event_handler.log_command:Invoking command in '/home/sukru/ika_teknofest_aventra_ws/src/ika_mission_manager': PYTHONPATH=/home/sukru/ika_teknofest_aventra_ws/build/ika_mission_manager/prefix_override:/usr/lib/python3/dist-packages/colcon_core/task/python/colcon_distutils_commands:/home/sukru/ika_teknofest_aventra_ws/install/ika_mission_manager/lib/python3.10/site-packages:${PYTHONPATH} /usr/bin/python3 -W ignore:setup.py install is deprecated -W ignore:easy_install command is deprecated setup.py egg_info --egg-base ../../build/ika_mission_manager build --build-base /home/sukru/ika_teknofest_aventra_ws/build/ika_mission_manager/build install --record /home/sukru/ika_teknofest_aventra_ws/build/ika_mission_manager/install.log --single-version-externally-managed install_data
[2.275s] DEBUG:colcon.colcon_core.event_handler.log_command:Invoking command in '/home/sukru/ika_teknofest_aventra_ws/src/ika_perception': PYTHONPATH=/home/sukru/ika_teknofest_aventra_ws/build/ika_perception/prefix_override:/usr/lib/python3/dist-packages/colcon_core/task/python/colcon_distutils_commands:/home/sukru/ika_teknofest_aventra_ws/install/ika_perception/lib/python3.10/site-packages:${PYTHONPATH} /usr/bin/python3 -W ignore:setup.py install is deprecated -W ignore:easy_install command is deprecated setup.py egg_info --egg-base ../../build/ika_perception build --build-base /home/sukru/ika_teknofest_aventra_ws/build/ika_perception/build install --record /home/sukru/ika_teknofest_aventra_ws/build/ika_perception/install.log --single-version-externally-managed install_data
[2.295s] DEBUG:colcon.colcon_core.event_handler.log_command:Invoking command in '/home/sukru/ika_teknofest_aventra_ws/src/ika_control': PYTHONPATH=/home/sukru/ika_teknofest_aventra_ws/build/ika_control/prefix_override:/usr/lib/python3/dist-packages/colcon_core/task/python/colcon_distutils_commands:/home/sukru/ika_teknofest_aventra_ws/install/ika_control/lib/python3.10/site-packages:${PYTHONPATH} /usr/bin/python3 -W ignore:setup.py install is deprecated -W ignore:easy_install command is deprecated setup.py egg_info --egg-base ../../build/ika_control build --build-base /home/sukru/ika_teknofest_aventra_ws/build/ika_control/build install --record /home/sukru/ika_teknofest_aventra_ws/build/ika_control/install.log --single-version-externally-managed install_data
[2.299s] DEBUG:colcon.colcon_core.event_handler.log_command:Invoking command in '/home/sukru/ika_teknofest_aventra_ws/src/ika_ui_bridge': PYTHONPATH=/home/sukru/ika_teknofest_aventra_ws/build/ika_ui_bridge/prefix_override:/usr/lib/python3/dist-packages/colcon_core/task/python/colcon_distutils_commands:/home/sukru/ika_teknofest_aventra_ws/install/ika_ui_bridge/lib/python3.10/site-packages:${PYTHONPATH} /usr/bin/python3 -W ignore:setup.py install is deprecated -W ignore:easy_install command is deprecated setup.py egg_info --egg-base ../../build/ika_ui_bridge build --build-base /home/sukru/ika_teknofest_aventra_ws/build/ika_ui_bridge/build install --record /home/sukru/ika_teknofest_aventra_ws/build/ika_ui_bridge/install.log --single-version-externally-managed install_data
[2.300s] DEBUG:colcon.colcon_core.event_handler.log_command:Invoking command in '/home/sukru/ika_teknofest_aventra_ws/src/ika_data_logger': PYTHONPATH=/home/sukru/ika_teknofest_aventra_ws/build/ika_data_logger/prefix_override:/usr/lib/python3/dist-packages/colcon_core/task/python/colcon_distutils_commands:/home/sukru/ika_teknofest_aventra_ws/install/ika_data_logger/lib/python3.10/site-packages:${PYTHONPATH} /usr/bin/python3 -W ignore:setup.py install is deprecated -W ignore:easy_install command is deprecated setup.py egg_info --egg-base ../../build/ika_data_logger build --build-base /home/sukru/ika_teknofest_aventra_ws/build/ika_data_logger/build install --record /home/sukru/ika_teknofest_aventra_ws/build/ika_data_logger/install.log --single-version-externally-managed install_data
[2.300s] DEBUG:colcon.colcon_core.event_handler.log_command:Invoking command in '/home/sukru/ika_teknofest_aventra_ws/src/ika_hardware': PYTHONPATH=/home/sukru/ika_teknofest_aventra_ws/build/ika_hardware/prefix_override:/usr/lib/python3/dist-packages/colcon_core/task/python/colcon_distutils_commands:/home/sukru/ika_teknofest_aventra_ws/install/ika_hardware/lib/python3.10/site-packages:${PYTHONPATH} /usr/bin/python3 -W ignore:setup.py install is deprecated -W ignore:easy_install command is deprecated setup.py egg_info --egg-base ../../build/ika_hardware build --build-base /home/sukru/ika_teknofest_aventra_ws/build/ika_hardware/build install --record /home/sukru/ika_teknofest_aventra_ws/build/ika_hardware/install.log --single-version-externally-managed install_data
[2.302s] DEBUG:colcon.colcon_core.event_handler.log_command:Invoking command in '/home/sukru/ika_teknofest_aventra_ws/src/ika_targeting': PYTHONPATH=/home/sukru/ika_teknofest_aventra_ws/build/ika_targeting/prefix_override:/usr/lib/python3/dist-packages/colcon_core/task/python/colcon_distutils_commands:/home/sukru/ika_teknofest_aventra_ws/install/ika_targeting/lib/python3.10/site-packages:${PYTHONPATH} /usr/bin/python3 -W ignore:setup.py install is deprecated -W ignore:easy_install command is deprecated setup.py egg_info --egg-base ../../build/ika_targeting build --build-base /home/sukru/ika_teknofest_aventra_ws/build/ika_targeting/build install --record /home/sukru/ika_teknofest_aventra_ws/build/ika_targeting/install.log --single-version-externally-managed install_data
[2.303s] DEBUG:colcon.colcon_core.event_handler.log_command:Invoking command in '/home/sukru/ika_teknofest_aventra_ws/src/ika_navigation': PYTHONPATH=/home/sukru/ika_teknofest_aventra_ws/build/ika_navigation/prefix_override:/usr/lib/python3/dist-packages/colcon_core/task/python/colcon_distutils_commands:/home/sukru/ika_teknofest_aventra_ws/install/ika_navigation/lib/python3.10/site-packages:${PYTHONPATH} /usr/bin/python3 -W ignore:setup.py install is deprecated -W ignore:easy_install command is deprecated setup.py egg_info --egg-base ../../build/ika_navigation build --build-base /home/sukru/ika_teknofest_aventra_ws/build/ika_navigation/build install --record /home/sukru/ika_teknofest_aventra_ws/build/ika_navigation/install.log --single-version-externally-managed install_data
[2.326s] DEBUG:colcon.colcon_core.event_handler.log_command:Invoking command in '/home/sukru/ika_teknofest_aventra_ws/src/ika_behaviors': PYTHONPATH=/home/sukru/ika_teknofest_aventra_ws/build/ika_behaviors/prefix_override:/usr/lib/python3/dist-packages/colcon_core/task/python/colcon_distutils_commands:/home/sukru/ika_teknofest_aventra_ws/install/ika_behaviors/lib/python3.10/site-packages:${PYTHONPATH} /usr/bin/python3 -W ignore:setup.py install is deprecated -W ignore:easy_install command is deprecated setup.py egg_info --egg-base ../../build/ika_behaviors build --build-base /home/sukru/ika_teknofest_aventra_ws/build/ika_behaviors/build install --record /home/sukru/ika_teknofest_aventra_ws/build/ika_behaviors/install.log --single-version-externally-managed install_data
[2.554s] Level 1:colcon.colcon_core.environment:checking '/home/sukru/ika_teknofest_aventra_ws/install/ika_mission_manager' for CMake module files
[2.554s] Level 1:colcon.colcon_core.environment:checking '/home/sukru/ika_teknofest_aventra_ws/install/ika_mission_manager' for CMake config files
[2.554s] Level 1:colcon.colcon_core.environment:checking '/home/sukru/ika_teknofest_aventra_ws/install/ika_mission_manager/lib'
[2.555s] Level 1:colcon.colcon_core.environment:checking '/home/sukru/ika_teknofest_aventra_ws/install/ika_mission_manager/bin'
[2.555s] Level 1:colcon.colcon_core.environment:checking '/home/sukru/ika_teknofest_aventra_ws/install/ika_mission_manager/lib/pkgconfig/ika_mission_manager.pc'
[2.555s] Level 1:colcon.colcon_core.environment:checking '/home/sukru/ika_teknofest_aventra_ws/install/ika_mission_manager/lib/python3.10/site-packages'
[2.555s] Level 1:colcon.colcon_core.shell:create_environment_hook('ika_mission_manager', 'pythonpath')
[2.555s] INFO:colcon.colcon_core.shell:Creating environment hook '/home/sukru/ika_teknofest_aventra_ws/install/ika_mission_manager/share/ika_mission_manager/hook/pythonpath.ps1'
[2.556s] DEBUG:colcon.colcon_core.event_handler.log_command:Invoked command in '/home/sukru/ika_teknofest_aventra_ws/src/ika_mission_manager' returned '0': PYTHONPATH=/home/sukru/ika_teknofest_aventra_ws/build/ika_mission_manager/prefix_override:/usr/lib/python3/dist-packages/colcon_core/task/python/colcon_distutils_commands:/home/sukru/ika_teknofest_aventra_ws/install/ika_mission_manager/lib/python3.10/site-packages:${PYTHONPATH} /usr/bin/python3 -W ignore:setup.py install is deprecated -W ignore:easy_install command is deprecated setup.py egg_info --egg-base ../../build/ika_mission_manager build --build-base /home/sukru/ika_teknofest_aventra_ws/build/ika_mission_manager/build install --record /home/sukru/ika_teknofest_aventra_ws/build/ika_mission_manager/install.log --single-version-externally-managed install_data
[2.556s] INFO:colcon.colcon_core.shell:Creating environment descriptor '/home/sukru/ika_teknofest_aventra_ws/install/ika_mission_manager/share/ika_mission_manager/hook/pythonpath.dsv'
[2.556s] INFO:colcon.colcon_core.shell:Creating environment hook '/home/sukru/ika_teknofest_aventra_ws/install/ika_mission_manager/share/ika_mission_manager/hook/pythonpath.sh'
[2.557s] Level 1:colcon.colcon_core.environment:checking '/home/sukru/ika_teknofest_aventra_ws/install/ika_mission_manager/bin'
[2.557s] Level 1:colcon.colcon_core.environment:create_environment_scripts_only(ika_mission_manager)
[2.557s] INFO:colcon.colcon_core.shell:Creating package script '/home/sukru/ika_teknofest_aventra_ws/install/ika_mission_manager/share/ika_mission_manager/package.ps1'
[2.558s] INFO:colcon.colcon_core.shell:Creating package descriptor '/home/sukru/ika_teknofest_aventra_ws/install/ika_mission_manager/share/ika_mission_manager/package.dsv'
[2.559s] INFO:colcon.colcon_core.shell:Creating package script '/home/sukru/ika_teknofest_aventra_ws/install/ika_mission_manager/share/ika_mission_manager/package.sh'
[2.559s] INFO:colcon.colcon_core.shell:Creating package script '/home/sukru/ika_teknofest_aventra_ws/install/ika_mission_manager/share/ika_mission_manager/package.bash'
[2.562s] INFO:colcon.colcon_core.shell:Creating package script '/home/sukru/ika_teknofest_aventra_ws/install/ika_mission_manager/share/ika_mission_manager/package.zsh'
[2.562s] Level 1:colcon.colcon_core.environment:create_file_with_runtime_dependencies(/home/sukru/ika_teknofest_aventra_ws/install/ika_mission_manager/share/colcon-core/packages/ika_mission_manager)
[2.574s] Level 1:colcon.colcon_core.environment:checking '/home/sukru/ika_teknofest_aventra_ws/install/ika_localization' for CMake module files
[2.574s] Level 1:colcon.colcon_core.environment:checking '/home/sukru/ika_teknofest_aventra_ws/install/ika_localization' for CMake config files
[2.575s] Level 1:colcon.colcon_core.environment:checking '/home/sukru/ika_teknofest_aventra_ws/install/ika_localization/lib'
[2.575s] Level 1:colcon.colcon_core.environment:checking '/home/sukru/ika_teknofest_aventra_ws/install/ika_localization/bin'
[2.575s] Level 1:colcon.colcon_core.environment:checking '/home/sukru/ika_teknofest_aventra_ws/install/ika_localization/lib/pkgconfig/ika_localization.pc'
[2.575s] Level 1:colcon.colcon_core.environment:checking '/home/sukru/ika_teknofest_aventra_ws/install/ika_localization/lib/python3.10/site-packages'
[2.575s] Level 1:colcon.colcon_core.shell:create_environment_hook('ika_localization', 'pythonpath')
[2.575s] INFO:colcon.colcon_core.shell:Creating environment hook '/home/sukru/ika_teknofest_aventra_ws/install/ika_localization/share/ika_localization/hook/pythonpath.ps1'
[2.576s] INFO:colcon.colcon_core.shell:Creating environment descriptor '/home/sukru/ika_teknofest_aventra_ws/install/ika_localization/share/ika_localization/hook/pythonpath.dsv'
[2.576s] INFO:colcon.colcon_core.shell:Creating environment hook '/home/sukru/ika_teknofest_aventra_ws/install/ika_localization/share/ika_localization/hook/pythonpath.sh'
[2.577s] Level 1:colcon.colcon_core.environment:checking '/home/sukru/ika_teknofest_aventra_ws/install/ika_localization/bin'
[2.577s] Level 1:colcon.colcon_core.environment:create_environment_scripts_only(ika_localization)
[2.577s] INFO:colcon.colcon_core.shell:Creating package script '/home/sukru/ika_teknofest_aventra_ws/install/ika_localization/share/ika_localization/package.ps1'
[2.577s] INFO:colcon.colcon_core.shell:Creating package descriptor '/home/sukru/ika_teknofest_aventra_ws/install/ika_localization/share/ika_localization/package.dsv'
[2.578s] INFO:colcon.colcon_core.shell:Creating package script '/home/sukru/ika_teknofest_aventra_ws/install/ika_localization/share/ika_localization/package.sh'
[2.578s] INFO:colcon.colcon_core.shell:Creating package script '/home/sukru/ika_teknofest_aventra_ws/install/ika_localization/share/ika_localization/package.bash'
[2.578s] INFO:colcon.colcon_core.shell:Creating package script '/home/sukru/ika_teknofest_aventra_ws/install/ika_localization/share/ika_localization/package.zsh'
[2.578s] Level 1:colcon.colcon_core.environment:create_file_with_runtime_dependencies(/home/sukru/ika_teknofest_aventra_ws/install/ika_localization/share/colcon-core/packages/ika_localization)
[2.579s] DEBUG:colcon.colcon_core.event_handler.log_command:Invoked command in '/home/sukru/ika_teknofest_aventra_ws/src/ika_localization' returned '0': PYTHONPATH=/home/sukru/ika_teknofest_aventra_ws/build/ika_localization/prefix_override:/usr/lib/python3/dist-packages/colcon_core/task/python/colcon_distutils_commands:/home/sukru/ika_teknofest_aventra_ws/install/ika_localization/lib/python3.10/site-packages:${PYTHONPATH} /usr/bin/python3 -W ignore:setup.py install is deprecated -W ignore:easy_install command is deprecated setup.py egg_info --egg-base ../../build/ika_localization build --build-base /home/sukru/ika_teknofest_aventra_ws/build/ika_localization/build install --record /home/sukru/ika_teknofest_aventra_ws/build/ika_localization/install.log --single-version-externally-managed install_data
[2.615s] Level 1:colcon.colcon_core.environment:checking '/home/sukru/ika_teknofest_aventra_ws/install/ika_control' for CMake module files
[2.615s] Level 1:colcon.colcon_core.environment:checking '/home/sukru/ika_teknofest_aventra_ws/install/ika_control' for CMake config files
[2.616s] Level 1:colcon.colcon_core.environment:checking '/home/sukru/ika_teknofest_aventra_ws/install/ika_control/lib'
[2.616s] Level 1:colcon.colcon_core.environment:checking '/home/sukru/ika_teknofest_aventra_ws/install/ika_control/bin'
[2.616s] Level 1:colcon.colcon_core.environment:checking '/home/sukru/ika_teknofest_aventra_ws/install/ika_control/lib/pkgconfig/ika_control.pc'
[2.616s] Level 1:colcon.colcon_core.environment:checking '/home/sukru/ika_teknofest_aventra_ws/install/ika_control/lib/python3.10/site-packages'
[2.616s] Level 1:colcon.colcon_core.shell:create_environment_hook('ika_control', 'pythonpath')
[2.616s] INFO:colcon.colcon_core.shell:Creating environment hook '/home/sukru/ika_teknofest_aventra_ws/install/ika_control/share/ika_control/hook/pythonpath.ps1'
[2.615s] DEBUG:colcon.colcon_core.event_handler.log_command:Invoked command in '/home/sukru/ika_teknofest_aventra_ws/src/ika_control' returned '0': PYTHONPATH=/home/sukru/ika_teknofest_aventra_ws/build/ika_control/prefix_override:/usr/lib/python3/dist-packages/colcon_core/task/python/colcon_distutils_commands:/home/sukru/ika_teknofest_aventra_ws/install/ika_control/lib/python3.10/site-packages:${PYTHONPATH} /usr/bin/python3 -W ignore:setup.py install is deprecated -W ignore:easy_install command is deprecated setup.py egg_info --egg-base ../../build/ika_control build --build-base /home/sukru/ika_teknofest_aventra_ws/build/ika_control/build install --record /home/sukru/ika_teknofest_aventra_ws/build/ika_control/install.log --single-version-externally-managed install_data
[2.617s] INFO:colcon.colcon_core.shell:Creating environment descriptor '/home/sukru/ika_teknofest_aventra_ws/install/ika_control/share/ika_control/hook/pythonpath.dsv'
[2.617s] INFO:colcon.colcon_core.shell:Creating environment hook '/home/sukru/ika_teknofest_aventra_ws/install/ika_control/share/ika_control/hook/pythonpath.sh'
[2.618s] Level 1:colcon.colcon_core.environment:checking '/home/sukru/ika_teknofest_aventra_ws/install/ika_control/bin'
[2.618s] Level 1:colcon.colcon_core.environment:create_environment_scripts_only(ika_control)
[2.618s] INFO:colcon.colcon_core.shell:Creating package script '/home/sukru/ika_teknofest_aventra_ws/install/ika_control/share/ika_control/package.ps1'
[2.619s] INFO:colcon.colcon_core.shell:Creating package descriptor '/home/sukru/ika_teknofest_aventra_ws/install/ika_control/share/ika_control/package.dsv'
[2.619s] INFO:colcon.colcon_core.shell:Creating package script '/home/sukru/ika_teknofest_aventra_ws/install/ika_control/share/ika_control/package.sh'
[2.619s] INFO:colcon.colcon_core.shell:Creating package script '/home/sukru/ika_teknofest_aventra_ws/install/ika_control/share/ika_control/package.bash'
[2.620s] INFO:colcon.colcon_core.shell:Creating package script '/home/sukru/ika_teknofest_aventra_ws/install/ika_control/share/ika_control/package.zsh'
[2.620s] Level 1:colcon.colcon_core.environment:create_file_with_runtime_dependencies(/home/sukru/ika_teknofest_aventra_ws/install/ika_control/share/colcon-core/packages/ika_control)
[2.623s] INFO:colcon.colcon_ros.task.ament_cmake.build:Building ROS package in '/home/sukru/ika_teknofest_aventra_ws/src/ika_description' with build type 'ament_cmake'
[2.623s] INFO:colcon.colcon_cmake.task.cmake.build:Building CMake package in '/home/sukru/ika_teknofest_aventra_ws/src/ika_description'
[2.624s] INFO:colcon.colcon_core.shell:Skip shell extension 'powershell' for command environment: Not usable outside of PowerShell
[2.624s] DEBUG:colcon.colcon_core.shell:Skip shell extension 'dsv' for command environment
[2.631s] Level 1:colcon.colcon_core.environment:checking '/home/sukru/ika_teknofest_aventra_ws/install/ika_data_logger' for CMake module files
[2.632s] Level 1:colcon.colcon_core.environment:checking '/home/sukru/ika_teknofest_aventra_ws/install/ika_data_logger' for CMake config files
[2.632s] Level 1:colcon.colcon_core.environment:checking '/home/sukru/ika_teknofest_aventra_ws/install/ika_data_logger/lib'
[2.632s] Level 1:colcon.colcon_core.environment:checking '/home/sukru/ika_teknofest_aventra_ws/install/ika_data_logger/bin'
[2.632s] Level 1:colcon.colcon_core.environment:checking '/home/sukru/ika_teknofest_aventra_ws/install/ika_data_logger/lib/pkgconfig/ika_data_logger.pc'
[2.633s] Level 1:colcon.colcon_core.environment:checking '/home/sukru/ika_teknofest_aventra_ws/install/ika_data_logger/lib/python3.10/site-packages'
[2.633s] Level 1:colcon.colcon_core.shell:create_environment_hook('ika_data_logger', 'pythonpath')
[2.633s] INFO:colcon.colcon_core.shell:Creating environment hook '/home/sukru/ika_teknofest_aventra_ws/install/ika_data_logger/share/ika_data_logger/hook/pythonpath.ps1'
[2.633s] DEBUG:colcon.colcon_core.event_handler.log_command:Invoked command in '/home/sukru/ika_teknofest_aventra_ws/src/ika_data_logger' returned '0': PYTHONPATH=/home/sukru/ika_teknofest_aventra_ws/build/ika_data_logger/prefix_override:/usr/lib/python3/dist-packages/colcon_core/task/python/colcon_distutils_commands:/home/sukru/ika_teknofest_aventra_ws/install/ika_data_logger/lib/python3.10/site-packages:${PYTHONPATH} /usr/bin/python3 -W ignore:setup.py install is deprecated -W ignore:easy_install command is deprecated setup.py egg_info --egg-base ../../build/ika_data_logger build --build-base /home/sukru/ika_teknofest_aventra_ws/build/ika_data_logger/build install --record /home/sukru/ika_teknofest_aventra_ws/build/ika_data_logger/install.log --single-version-externally-managed install_data
[2.634s] INFO:colcon.colcon_core.shell:Creating environment descriptor '/home/sukru/ika_teknofest_aventra_ws/install/ika_data_logger/share/ika_data_logger/hook/pythonpath.dsv'
[2.634s] INFO:colcon.colcon_core.shell:Creating environment hook '/home/sukru/ika_teknofest_aventra_ws/install/ika_data_logger/share/ika_data_logger/hook/pythonpath.sh'
[2.635s] Level 1:colcon.colcon_core.environment:checking '/home/sukru/ika_teknofest_aventra_ws/install/ika_data_logger/bin'
[2.635s] Level 1:colcon.colcon_core.environment:create_environment_scripts_only(ika_data_logger)
[2.635s] INFO:colcon.colcon_core.shell:Creating package script '/home/sukru/ika_teknofest_aventra_ws/install/ika_data_logger/share/ika_data_logger/package.ps1'
[2.636s] INFO:colcon.colcon_core.shell:Creating package descriptor '/home/sukru/ika_teknofest_aventra_ws/install/ika_data_logger/share/ika_data_logger/package.dsv'
[2.636s] INFO:colcon.colcon_core.shell:Creating package script '/home/sukru/ika_teknofest_aventra_ws/install/ika_data_logger/share/ika_data_logger/package.sh'
[2.636s] INFO:colcon.colcon_core.shell:Creating package script '/home/sukru/ika_teknofest_aventra_ws/install/ika_data_logger/share/ika_data_logger/package.bash'
[2.636s] INFO:colcon.colcon_core.shell:Creating package script '/home/sukru/ika_teknofest_aventra_ws/install/ika_data_logger/share/ika_data_logger/package.zsh'
[2.637s] Level 1:colcon.colcon_core.environment:create_file_with_runtime_dependencies(/home/sukru/ika_teknofest_aventra_ws/install/ika_data_logger/share/colcon-core/packages/ika_data_logger)
[2.638s] Level 1:colcon.colcon_core.environment:checking '/home/sukru/ika_teknofest_aventra_ws/install/ika_perception' for CMake module files
[2.638s] DEBUG:colcon.colcon_core.event_handler.log_command:Invoked command in '/home/sukru/ika_teknofest_aventra_ws/src/ika_perception' returned '0': PYTHONPATH=/home/sukru/ika_teknofest_aventra_ws/build/ika_perception/prefix_override:/usr/lib/python3/dist-packages/colcon_core/task/python/colcon_distutils_commands:/home/sukru/ika_teknofest_aventra_ws/install/ika_perception/lib/python3.10/site-packages:${PYTHONPATH} /usr/bin/python3 -W ignore:setup.py install is deprecated -W ignore:easy_install command is deprecated setup.py egg_info --egg-base ../../build/ika_perception build --build-base /home/sukru/ika_teknofest_aventra_ws/build/ika_perception/build install --record /home/sukru/ika_teknofest_aventra_ws/build/ika_perception/install.log --single-version-externally-managed install_data
[2.639s] Level 1:colcon.colcon_core.environment:checking '/home/sukru/ika_teknofest_aventra_ws/install/ika_perception' for CMake config files
[2.639s] Level 1:colcon.colcon_core.environment:checking '/home/sukru/ika_teknofest_aventra_ws/install/ika_perception/lib'
[2.639s] Level 1:colcon.colcon_core.environment:checking '/home/sukru/ika_teknofest_aventra_ws/install/ika_perception/bin'
[2.639s] Level 1:colcon.colcon_core.environment:checking '/home/sukru/ika_teknofest_aventra_ws/install/ika_perception/lib/pkgconfig/ika_perception.pc'
[2.639s] Level 1:colcon.colcon_core.environment:checking '/home/sukru/ika_teknofest_aventra_ws/install/ika_perception/lib/python3.10/site-packages'
[2.639s] Level 1:colcon.colcon_core.shell:create_environment_hook('ika_perception', 'pythonpath')
[2.640s] INFO:colcon.colcon_core.shell:Creating environment hook '/home/sukru/ika_teknofest_aventra_ws/install/ika_perception/share/ika_perception/hook/pythonpath.ps1'
[2.640s] INFO:colcon.colcon_core.shell:Creating environment descriptor '/home/sukru/ika_teknofest_aventra_ws/install/ika_perception/share/ika_perception/hook/pythonpath.dsv'
[2.640s] INFO:colcon.colcon_core.shell:Creating environment hook '/home/sukru/ika_teknofest_aventra_ws/install/ika_perception/share/ika_perception/hook/pythonpath.sh'
[2.641s] Level 1:colcon.colcon_core.environment:checking '/home/sukru/ika_teknofest_aventra_ws/install/ika_perception/bin'
[2.641s] Level 1:colcon.colcon_core.environment:create_environment_scripts_only(ika_perception)
[2.641s] INFO:colcon.colcon_core.shell:Creating package script '/home/sukru/ika_teknofest_aventra_ws/install/ika_perception/share/ika_perception/package.ps1'
[2.642s] INFO:colcon.colcon_core.shell:Creating package descriptor '/home/sukru/ika_teknofest_aventra_ws/install/ika_perception/share/ika_perception/package.dsv'
[2.642s] INFO:colcon.colcon_core.shell:Creating package script '/home/sukru/ika_teknofest_aventra_ws/install/ika_perception/share/ika_perception/package.sh'
[2.642s] INFO:colcon.colcon_core.shell:Creating package script '/home/sukru/ika_teknofest_aventra_ws/install/ika_perception/share/ika_perception/package.bash'
[2.642s] INFO:colcon.colcon_core.shell:Creating package script '/home/sukru/ika_teknofest_aventra_ws/install/ika_perception/share/ika_perception/package.zsh'
[2.643s] Level 1:colcon.colcon_core.environment:create_file_with_runtime_dependencies(/home/sukru/ika_teknofest_aventra_ws/install/ika_perception/share/colcon-core/packages/ika_perception)
[2.645s] DEBUG:colcon.colcon_core.event_handler.log_command:Invoking command in '/home/sukru/ika_teknofest_aventra_ws/build/ika_description': AMENT_PREFIX_PATH=/home/sukru/ika_teknofest_aventra_ws/install/ika_control:/home/sukru/ika_teknofest_aventra_ws/install/ika_bringup:/home/sukru/ika_teknofest_aventra_ws/install/ika_gazebo:/home/sukru/ika_teknofest_aventra_ws/install/ika_description:/home/sukru/ai_autonomi_ws/install/ika_autonomi:/home/sukru/Desktop/otonom_atis/install/python_pkg:/home/sukru/dev_ws/install/my_package:/home/sukru/dev_ws/install/my_bot:/home/sukru/ros_ws_vacuum_bot/install/vacuum_teleop:/home/sukru/ros_ws_vacuum_bot/install/vacuum_sensors:/home/sukru/ros_ws_vacuum_bot/install/vacuum_navigation:/home/sukru/ros_ws_vacuum_bot/install/vacuum_msgs:/home/sukru/ros_ws_vacuum_bot/install/vacuum_mapping:/home/sukru/ros_ws_vacuum_bot/install/vacuum_description:/home/sukru/ros_ws_vacuum_bot/install/vacuum_control:/home/sukru/ros_ws_vacuum_bot/install/vacuum_bringup:/home/sukru/ros_ws_demo/install/python_pkg:/opt/ros/humble CMAKE_PREFIX_PATH=${CMAKE_PREFIX_PATH}:/home/sukru/ika_teknofest_aventra_ws/install/ika_control:/home/sukru/ai_autonomi_ws/install/ika_autonomi:/home/sukru/Desktop/otonom_atis/install/python_pkg:/home/sukru/ros_ws_vacuum_bot/install/vacuum_teleop:/home/sukru/ros_ws_vacuum_bot/install/vacuum_sensors:/home/sukru/ros_ws_vacuum_bot/install/vacuum_navigation:/home/sukru/ros_ws_vacuum_bot/install/vacuum_msgs:/home/sukru/ros_ws_vacuum_bot/install/vacuum_mapping:/home/sukru/ros_ws_vacuum_bot/install/vacuum_description:/home/sukru/ros_ws_vacuum_bot/install/vacuum_control:/home/sukru/ros_ws_vacuum_bot/install/vacuum_bringup:/home/sukru/ros_ws_demo/install/python_pkg:/opt/ros/humble PYTHONPATH=/home/sukru/ika_teknofest_aventra_ws/install/ika_control/lib/python3.10/site-packages:/home/sukru/ika_teknofest_aventra_ws/install/ika_ui_bridge/lib/python3.10/site-packages:/home/sukru/ika_teknofest_aventra_ws/install/ika_targeting/lib/python3.10/site-packages:/home/sukru/ika_teknofest_aventra_ws/install/ika_perception/lib/python3.10/site-packages:/home/sukru/ika_teknofest_aventra_ws/install/ika_navigation/lib/python3.10/site-packages:/home/sukru/ika_teknofest_aventra_ws/install/ika_mission_manager/lib/python3.10/site-packages:/home/sukru/ika_teknofest_aventra_ws/install/ika_localization/lib/python3.10/site-packages:/home/sukru/ika_teknofest_aventra_ws/install/ika_hardware/lib/python3.10/site-packages:/home/sukru/ika_teknofest_aventra_ws/install/ika_data_logger/lib/python3.10/site-packages:/home/sukru/ika_teknofest_aventra_ws/install/ika_behaviors/lib/python3.10/site-packages:/home/sukru/ika_teknofest_aventra_ws/install/ika_sensors/lib/python3.10/site-packages:/home/sukru/ika_teknofest_aventra_ws/install/ika_msgs/local/lib/python3.10/dist-packages:/home/sukru/ai_autonomi_ws/install/ika_autonomi/lib/python3.10/site-packages:/home/sukru/Desktop/otonom_atis/build/python_pkg:/home/sukru/Desktop/otonom_atis/install/python_pkg/lib/python3.10/site-packages:/home/sukru/ros_ws_vacuum_bot/install/vacuum_teleop/lib/python3.10/site-packages:/home/sukru/ros_ws_vacuum_bot/install/vacuum_sensors/lib/python3.10/site-packages:/home/sukru/ros_ws_vacuum_bot/install/vacuum_navigation/lib/python3.10/site-packages:/home/sukru/ros_ws_vacuum_bot/install/vacuum_msgs/lib/python3.10/site-packages:/home/sukru/ros_ws_vacuum_bot/install/vacuum_mapping/lib/python3.10/site-packages:/home/sukru/ros_ws_vacuum_bot/install/vacuum_description/lib/python3.10/site-packages:/home/sukru/ros_ws_vacuum_bot/install/vacuum_control/lib/python3.10/site-packages:/home/sukru/ros_ws_vacuum_bot/install/vacuum_bringup/lib/python3.10/site-packages:/home/sukru/ros_ws_demo/install/python_pkg/lib/python3.10/site-packages:/opt/ros/humble/lib/python3.10/site-packages:/opt/ros/humble/local/lib/python3.10/dist-packages /usr/bin/cmake --build /home/sukru/ika_teknofest_aventra_ws/build/ika_description -- -j12 -l12
[2.663s] Level 1:colcon.colcon_core.environment:checking '/home/sukru/ika_teknofest_aventra_ws/install/ika_behaviors' for CMake module files
[2.664s] DEBUG:colcon.colcon_core.event_handler.log_command:Invoked command in '/home/sukru/ika_teknofest_aventra_ws/src/ika_behaviors' returned '0': PYTHONPATH=/home/sukru/ika_teknofest_aventra_ws/build/ika_behaviors/prefix_override:/usr/lib/python3/dist-packages/colcon_core/task/python/colcon_distutils_commands:/home/sukru/ika_teknofest_aventra_ws/install/ika_behaviors/lib/python3.10/site-packages:${PYTHONPATH} /usr/bin/python3 -W ignore:setup.py install is deprecated -W ignore:easy_install command is deprecated setup.py egg_info --egg-base ../../build/ika_behaviors build --build-base /home/sukru/ika_teknofest_aventra_ws/build/ika_behaviors/build install --record /home/sukru/ika_teknofest_aventra_ws/build/ika_behaviors/install.log --single-version-externally-managed install_data
[2.664s] Level 1:colcon.colcon_core.environment:checking '/home/sukru/ika_teknofest_aventra_ws/install/ika_behaviors' for CMake config files
[2.665s] Level 1:colcon.colcon_core.environment:checking '/home/sukru/ika_teknofest_aventra_ws/install/ika_behaviors/lib'
[2.665s] Level 1:colcon.colcon_core.environment:checking '/home/sukru/ika_teknofest_aventra_ws/install/ika_behaviors/bin'
[2.665s] Level 1:colcon.colcon_core.environment:checking '/home/sukru/ika_teknofest_aventra_ws/install/ika_behaviors/lib/pkgconfig/ika_behaviors.pc'
[2.665s] Level 1:colcon.colcon_core.environment:checking '/home/sukru/ika_teknofest_aventra_ws/install/ika_behaviors/lib/python3.10/site-packages'
[2.665s] Level 1:colcon.colcon_core.shell:create_environment_hook('ika_behaviors', 'pythonpath')
[2.666s] INFO:colcon.colcon_core.shell:Creating environment hook '/home/sukru/ika_teknofest_aventra_ws/install/ika_behaviors/share/ika_behaviors/hook/pythonpath.ps1'
[2.666s] INFO:colcon.colcon_core.shell:Creating environment descriptor '/home/sukru/ika_teknofest_aventra_ws/install/ika_behaviors/share/ika_behaviors/hook/pythonpath.dsv'
[2.667s] INFO:colcon.colcon_core.shell:Creating environment hook '/home/sukru/ika_teknofest_aventra_ws/install/ika_behaviors/share/ika_behaviors/hook/pythonpath.sh'
[2.667s] Level 1:colcon.colcon_core.environment:checking '/home/sukru/ika_teknofest_aventra_ws/install/ika_behaviors/bin'
[2.668s] Level 1:colcon.colcon_core.environment:create_environment_scripts_only(ika_behaviors)
[2.668s] INFO:colcon.colcon_core.shell:Creating package script '/home/sukru/ika_teknofest_aventra_ws/install/ika_behaviors/share/ika_behaviors/package.ps1'
[2.668s] INFO:colcon.colcon_core.shell:Creating package descriptor '/home/sukru/ika_teknofest_aventra_ws/install/ika_behaviors/share/ika_behaviors/package.dsv'
[2.681s] INFO:colcon.colcon_core.shell:Creating package script '/home/sukru/ika_teknofest_aventra_ws/install/ika_behaviors/share/ika_behaviors/package.sh'
[2.681s] INFO:colcon.colcon_core.shell:Creating package script '/home/sukru/ika_teknofest_aventra_ws/install/ika_behaviors/share/ika_behaviors/package.bash'
[2.682s] INFO:colcon.colcon_core.shell:Creating package script '/home/sukru/ika_teknofest_aventra_ws/install/ika_behaviors/share/ika_behaviors/package.zsh'
[2.682s] Level 1:colcon.colcon_core.environment:create_file_with_runtime_dependencies(/home/sukru/ika_teknofest_aventra_ws/install/ika_behaviors/share/colcon-core/packages/ika_behaviors)
[2.684s] Level 1:colcon.colcon_core.environment:checking '/home/sukru/ika_teknofest_aventra_ws/install/ika_hardware' for CMake module files
[2.684s] DEBUG:colcon.colcon_core.event_handler.log_command:Invoked command in '/home/sukru/ika_teknofest_aventra_ws/src/ika_hardware' returned '0': PYTHONPATH=/home/sukru/ika_teknofest_aventra_ws/build/ika_hardware/prefix_override:/usr/lib/python3/dist-packages/colcon_core/task/python/colcon_distutils_commands:/home/sukru/ika_teknofest_aventra_ws/install/ika_hardware/lib/python3.10/site-packages:${PYTHONPATH} /usr/bin/python3 -W ignore:setup.py install is deprecated -W ignore:easy_install command is deprecated setup.py egg_info --egg-base ../../build/ika_hardware build --build-base /home/sukru/ika_teknofest_aventra_ws/build/ika_hardware/build install --record /home/sukru/ika_teknofest_aventra_ws/build/ika_hardware/install.log --single-version-externally-managed install_data
[2.684s] Level 1:colcon.colcon_core.environment:checking '/home/sukru/ika_teknofest_aventra_ws/install/ika_hardware' for CMake config files
[2.685s] Level 1:colcon.colcon_core.environment:checking '/home/sukru/ika_teknofest_aventra_ws/install/ika_hardware/lib'
[2.685s] Level 1:colcon.colcon_core.environment:checking '/home/sukru/ika_teknofest_aventra_ws/install/ika_hardware/bin'
[2.685s] Level 1:colcon.colcon_core.environment:checking '/home/sukru/ika_teknofest_aventra_ws/install/ika_hardware/lib/pkgconfig/ika_hardware.pc'
[2.685s] Level 1:colcon.colcon_core.environment:checking '/home/sukru/ika_teknofest_aventra_ws/install/ika_hardware/lib/python3.10/site-packages'
[2.685s] Level 1:colcon.colcon_core.shell:create_environment_hook('ika_hardware', 'pythonpath')
[2.685s] INFO:colcon.colcon_core.shell:Creating environment hook '/home/sukru/ika_teknofest_aventra_ws/install/ika_hardware/share/ika_hardware/hook/pythonpath.ps1'
[2.686s] INFO:colcon.colcon_core.shell:Creating environment descriptor '/home/sukru/ika_teknofest_aventra_ws/install/ika_hardware/share/ika_hardware/hook/pythonpath.dsv'
[2.686s] INFO:colcon.colcon_core.shell:Creating environment hook '/home/sukru/ika_teknofest_aventra_ws/install/ika_hardware/share/ika_hardware/hook/pythonpath.sh'
[2.686s] Level 1:colcon.colcon_core.environment:checking '/home/sukru/ika_teknofest_aventra_ws/install/ika_hardware/bin'
[2.686s] Level 1:colcon.colcon_core.environment:create_environment_scripts_only(ika_hardware)
[2.687s] INFO:colcon.colcon_core.shell:Creating package script '/home/sukru/ika_teknofest_aventra_ws/install/ika_hardware/share/ika_hardware/package.ps1'
[2.687s] INFO:colcon.colcon_core.shell:Creating package descriptor '/home/sukru/ika_teknofest_aventra_ws/install/ika_hardware/share/ika_hardware/package.dsv'
[2.687s] INFO:colcon.colcon_core.shell:Creating package script '/home/sukru/ika_teknofest_aventra_ws/install/ika_hardware/share/ika_hardware/package.sh'
[2.688s] INFO:colcon.colcon_core.shell:Creating package script '/home/sukru/ika_teknofest_aventra_ws/install/ika_hardware/share/ika_hardware/package.bash'
[2.688s] INFO:colcon.colcon_core.shell:Creating package script '/home/sukru/ika_teknofest_aventra_ws/install/ika_hardware/share/ika_hardware/package.zsh'
[2.688s] Level 1:colcon.colcon_core.environment:create_file_with_runtime_dependencies(/home/sukru/ika_teknofest_aventra_ws/install/ika_hardware/share/colcon-core/packages/ika_hardware)
[2.688s] Level 1:colcon.colcon_core.environment:checking '/home/sukru/ika_teknofest_aventra_ws/install/ika_targeting' for CMake module files
[2.689s] DEBUG:colcon.colcon_core.event_handler.log_command:Invoked command in '/home/sukru/ika_teknofest_aventra_ws/src/ika_targeting' returned '0': PYTHONPATH=/home/sukru/ika_teknofest_aventra_ws/build/ika_targeting/prefix_override:/usr/lib/python3/dist-packages/colcon_core/task/python/colcon_distutils_commands:/home/sukru/ika_teknofest_aventra_ws/install/ika_targeting/lib/python3.10/site-packages:${PYTHONPATH} /usr/bin/python3 -W ignore:setup.py install is deprecated -W ignore:easy_install command is deprecated setup.py egg_info --egg-base ../../build/ika_targeting build --build-base /home/sukru/ika_teknofest_aventra_ws/build/ika_targeting/build install --record /home/sukru/ika_teknofest_aventra_ws/build/ika_targeting/install.log --single-version-externally-managed install_data
[2.690s] Level 1:colcon.colcon_core.environment:checking '/home/sukru/ika_teknofest_aventra_ws/install/ika_targeting' for CMake config files
[2.690s] Level 1:colcon.colcon_core.environment:checking '/home/sukru/ika_teknofest_aventra_ws/install/ika_targeting/lib'
[2.690s] Level 1:colcon.colcon_core.environment:checking '/home/sukru/ika_teknofest_aventra_ws/install/ika_targeting/bin'
[2.690s] Level 1:colcon.colcon_core.environment:checking '/home/sukru/ika_teknofest_aventra_ws/install/ika_targeting/lib/pkgconfig/ika_targeting.pc'
[2.690s] Level 1:colcon.colcon_core.environment:checking '/home/sukru/ika_teknofest_aventra_ws/install/ika_targeting/lib/python3.10/site-packages'
[2.690s] Level 1:colcon.colcon_core.shell:create_environment_hook('ika_targeting', 'pythonpath')
[2.691s] INFO:colcon.colcon_core.shell:Creating environment hook '/home/sukru/ika_teknofest_aventra_ws/install/ika_targeting/share/ika_targeting/hook/pythonpath.ps1'
[2.691s] INFO:colcon.colcon_core.shell:Creating environment descriptor '/home/sukru/ika_teknofest_aventra_ws/install/ika_targeting/share/ika_targeting/hook/pythonpath.dsv'
[2.691s] INFO:colcon.colcon_core.shell:Creating environment hook '/home/sukru/ika_teknofest_aventra_ws/install/ika_targeting/share/ika_targeting/hook/pythonpath.sh'
[2.692s] Level 1:colcon.colcon_core.environment:checking '/home/sukru/ika_teknofest_aventra_ws/install/ika_targeting/bin'
[2.692s] Level 1:colcon.colcon_core.environment:create_environment_scripts_only(ika_targeting)
[2.692s] INFO:colcon.colcon_core.shell:Creating package script '/home/sukru/ika_teknofest_aventra_ws/install/ika_targeting/share/ika_targeting/package.ps1'
[2.692s] INFO:colcon.colcon_core.shell:Creating package descriptor '/home/sukru/ika_teknofest_aventra_ws/install/ika_targeting/share/ika_targeting/package.dsv'
[2.692s] INFO:colcon.colcon_core.shell:Creating package script '/home/sukru/ika_teknofest_aventra_ws/install/ika_targeting/share/ika_targeting/package.sh'
[2.693s] INFO:colcon.colcon_core.shell:Creating package script '/home/sukru/ika_teknofest_aventra_ws/install/ika_targeting/share/ika_targeting/package.bash'
[2.693s] INFO:colcon.colcon_core.shell:Creating package script '/home/sukru/ika_teknofest_aventra_ws/install/ika_targeting/share/ika_targeting/package.zsh'
[2.693s] Level 1:colcon.colcon_core.environment:create_file_with_runtime_dependencies(/home/sukru/ika_teknofest_aventra_ws/install/ika_targeting/share/colcon-core/packages/ika_targeting)
[2.694s] Level 1:colcon.colcon_core.environment:checking '/home/sukru/ika_teknofest_aventra_ws/install/ika_navigation' for CMake module files
[2.694s] DEBUG:colcon.colcon_core.event_handler.log_command:Invoked command in '/home/sukru/ika_teknofest_aventra_ws/src/ika_navigation' returned '0': PYTHONPATH=/home/sukru/ika_teknofest_aventra_ws/build/ika_navigation/prefix_override:/usr/lib/python3/dist-packages/colcon_core/task/python/colcon_distutils_commands:/home/sukru/ika_teknofest_aventra_ws/install/ika_navigation/lib/python3.10/site-packages:${PYTHONPATH} /usr/bin/python3 -W ignore:setup.py install is deprecated -W ignore:easy_install command is deprecated setup.py egg_info --egg-base ../../build/ika_navigation build --build-base /home/sukru/ika_teknofest_aventra_ws/build/ika_navigation/build install --record /home/sukru/ika_teknofest_aventra_ws/build/ika_navigation/install.log --single-version-externally-managed install_data
[2.695s] Level 1:colcon.colcon_core.environment:checking '/home/sukru/ika_teknofest_aventra_ws/install/ika_navigation' for CMake config files
[2.695s] Level 1:colcon.colcon_core.environment:checking '/home/sukru/ika_teknofest_aventra_ws/install/ika_navigation/lib'
[2.695s] Level 1:colcon.colcon_core.environment:checking '/home/sukru/ika_teknofest_aventra_ws/install/ika_navigation/bin'
[2.695s] Level 1:colcon.colcon_core.environment:checking '/home/sukru/ika_teknofest_aventra_ws/install/ika_navigation/lib/pkgconfig/ika_navigation.pc'
[2.695s] Level 1:colcon.colcon_core.environment:checking '/home/sukru/ika_teknofest_aventra_ws/install/ika_navigation/lib/python3.10/site-packages'
[2.695s] Level 1:colcon.colcon_core.shell:create_environment_hook('ika_navigation', 'pythonpath')
[2.695s] INFO:colcon.colcon_core.shell:Creating environment hook '/home/sukru/ika_teknofest_aventra_ws/install/ika_navigation/share/ika_navigation/hook/pythonpath.ps1'
[2.695s] INFO:colcon.colcon_core.shell:Creating environment descriptor '/home/sukru/ika_teknofest_aventra_ws/install/ika_navigation/share/ika_navigation/hook/pythonpath.dsv'
[2.695s] INFO:colcon.colcon_core.shell:Creating environment hook '/home/sukru/ika_teknofest_aventra_ws/install/ika_navigation/share/ika_navigation/hook/pythonpath.sh'
[2.696s] Level 1:colcon.colcon_core.environment:checking '/home/sukru/ika_teknofest_aventra_ws/install/ika_navigation/bin'
[2.696s] Level 1:colcon.colcon_core.environment:create_environment_scripts_only(ika_navigation)
[2.696s] INFO:colcon.colcon_core.shell:Creating package script '/home/sukru/ika_teknofest_aventra_ws/install/ika_navigation/share/ika_navigation/package.ps1'
[2.696s] INFO:colcon.colcon_core.shell:Creating package descriptor '/home/sukru/ika_teknofest_aventra_ws/install/ika_navigation/share/ika_navigation/package.dsv'
[2.696s] INFO:colcon.colcon_core.shell:Creating package script '/home/sukru/ika_teknofest_aventra_ws/install/ika_navigation/share/ika_navigation/package.sh'
[2.697s] INFO:colcon.colcon_core.shell:Creating package script '/home/sukru/ika_teknofest_aventra_ws/install/ika_navigation/share/ika_navigation/package.bash'
[2.697s] INFO:colcon.colcon_core.shell:Creating package script '/home/sukru/ika_teknofest_aventra_ws/install/ika_navigation/share/ika_navigation/package.zsh'
[2.697s] Level 1:colcon.colcon_core.environment:create_file_with_runtime_dependencies(/home/sukru/ika_teknofest_aventra_ws/install/ika_navigation/share/colcon-core/packages/ika_navigation)
[2.699s] DEBUG:colcon.colcon_core.event_handler.log_command:Invoked command in '/home/sukru/ika_teknofest_aventra_ws/build/ika_description' returned '0': AMENT_PREFIX_PATH=/home/sukru/ika_teknofest_aventra_ws/install/ika_control:/home/sukru/ika_teknofest_aventra_ws/install/ika_bringup:/home/sukru/ika_teknofest_aventra_ws/install/ika_gazebo:/home/sukru/ika_teknofest_aventra_ws/install/ika_description:/home/sukru/ai_autonomi_ws/install/ika_autonomi:/home/sukru/Desktop/otonom_atis/install/python_pkg:/home/sukru/dev_ws/install/my_package:/home/sukru/dev_ws/install/my_bot:/home/sukru/ros_ws_vacuum_bot/install/vacuum_teleop:/home/sukru/ros_ws_vacuum_bot/install/vacuum_sensors:/home/sukru/ros_ws_vacuum_bot/install/vacuum_navigation:/home/sukru/ros_ws_vacuum_bot/install/vacuum_msgs:/home/sukru/ros_ws_vacuum_bot/install/vacuum_mapping:/home/sukru/ros_ws_vacuum_bot/install/vacuum_description:/home/sukru/ros_ws_vacuum_bot/install/vacuum_control:/home/sukru/ros_ws_vacuum_bot/install/vacuum_bringup:/home/sukru/ros_ws_demo/install/python_pkg:/opt/ros/humble CMAKE_PREFIX_PATH=${CMAKE_PREFIX_PATH}:/home/sukru/ika_teknofest_aventra_ws/install/ika_control:/home/sukru/ai_autonomi_ws/install/ika_autonomi:/home/sukru/Desktop/otonom_atis/install/python_pkg:/home/sukru/ros_ws_vacuum_bot/install/vacuum_teleop:/home/sukru/ros_ws_vacuum_bot/install/vacuum_sensors:/home/sukru/ros_ws_vacuum_bot/install/vacuum_navigation:/home/sukru/ros_ws_vacuum_bot/install/vacuum_msgs:/home/sukru/ros_ws_vacuum_bot/install/vacuum_mapping:/home/sukru/ros_ws_vacuum_bot/install/vacuum_description:/home/sukru/ros_ws_vacuum_bot/install/vacuum_control:/home/sukru/ros_ws_vacuum_bot/install/vacuum_bringup:/home/sukru/ros_ws_demo/install/python_pkg:/opt/ros/humble PYTHONPATH=/home/sukru/ika_teknofest_aventra_ws/install/ika_control/lib/python3.10/site-packages:/home/sukru/ika_teknofest_aventra_ws/install/ika_ui_bridge/lib/python3.10/site-packages:/home/sukru/ika_teknofest_aventra_ws/install/ika_targeting/lib/python3.10/site-packages:/home/sukru/ika_teknofest_aventra_ws/install/ika_perception/lib/python3.10/site-packages:/home/sukru/ika_teknofest_aventra_ws/install/ika_navigation/lib/python3.10/site-packages:/home/sukru/ika_teknofest_aventra_ws/install/ika_mission_manager/lib/python3.10/site-packages:/home/sukru/ika_teknofest_aventra_ws/install/ika_localization/lib/python3.10/site-packages:/home/sukru/ika_teknofest_aventra_ws/install/ika_hardware/lib/python3.10/site-packages:/home/sukru/ika_teknofest_aventra_ws/install/ika_data_logger/lib/python3.10/site-packages:/home/sukru/ika_teknofest_aventra_ws/install/ika_behaviors/lib/python3.10/site-packages:/home/sukru/ika_teknofest_aventra_ws/install/ika_sensors/lib/python3.10/site-packages:/home/sukru/ika_teknofest_aventra_ws/install/ika_msgs/local/lib/python3.10/dist-packages:/home/sukru/ai_autonomi_ws/install/ika_autonomi/lib/python3.10/site-packages:/home/sukru/Desktop/otonom_atis/build/python_pkg:/home/sukru/Desktop/otonom_atis/install/python_pkg/lib/python3.10/site-packages:/home/sukru/ros_ws_vacuum_bot/install/vacuum_teleop/lib/python3.10/site-packages:/home/sukru/ros_ws_vacuum_bot/install/vacuum_sensors/lib/python3.10/site-packages:/home/sukru/ros_ws_vacuum_bot/install/vacuum_navigation/lib/python3.10/site-packages:/home/sukru/ros_ws_vacuum_bot/install/vacuum_msgs/lib/python3.10/site-packages:/home/sukru/ros_ws_vacuum_bot/install/vacuum_mapping/lib/python3.10/site-packages:/home/sukru/ros_ws_vacuum_bot/install/vacuum_description/lib/python3.10/site-packages:/home/sukru/ros_ws_vacuum_bot/install/vacuum_control/lib/python3.10/site-packages:/home/sukru/ros_ws_vacuum_bot/install/vacuum_bringup/lib/python3.10/site-packages:/home/sukru/ros_ws_demo/install/python_pkg/lib/python3.10/site-packages:/opt/ros/humble/lib/python3.10/site-packages:/opt/ros/humble/local/lib/python3.10/dist-packages /usr/bin/cmake --build /home/sukru/ika_teknofest_aventra_ws/build/ika_description -- -j12 -l12
[2.710s] DEBUG:colcon.colcon_core.event_handler.log_command:Invoking command in '/home/sukru/ika_teknofest_aventra_ws/build/ika_description': AMENT_PREFIX_PATH=/home/sukru/ika_teknofest_aventra_ws/install/ika_control:/home/sukru/ika_teknofest_aventra_ws/install/ika_bringup:/home/sukru/ika_teknofest_aventra_ws/install/ika_gazebo:/home/sukru/ika_teknofest_aventra_ws/install/ika_description:/home/sukru/ai_autonomi_ws/install/ika_autonomi:/home/sukru/Desktop/otonom_atis/install/python_pkg:/home/sukru/dev_ws/install/my_package:/home/sukru/dev_ws/install/my_bot:/home/sukru/ros_ws_vacuum_bot/install/vacuum_teleop:/home/sukru/ros_ws_vacuum_bot/install/vacuum_sensors:/home/sukru/ros_ws_vacuum_bot/install/vacuum_navigation:/home/sukru/ros_ws_vacuum_bot/install/vacuum_msgs:/home/sukru/ros_ws_vacuum_bot/install/vacuum_mapping:/home/sukru/ros_ws_vacuum_bot/install/vacuum_description:/home/sukru/ros_ws_vacuum_bot/install/vacuum_control:/home/sukru/ros_ws_vacuum_bot/install/vacuum_bringup:/home/sukru/ros_ws_demo/install/python_pkg:/opt/ros/humble CMAKE_PREFIX_PATH=${CMAKE_PREFIX_PATH}:/home/sukru/ika_teknofest_aventra_ws/install/ika_control:/home/sukru/ai_autonomi_ws/install/ika_autonomi:/home/sukru/Desktop/otonom_atis/install/python_pkg:/home/sukru/ros_ws_vacuum_bot/install/vacuum_teleop:/home/sukru/ros_ws_vacuum_bot/install/vacuum_sensors:/home/sukru/ros_ws_vacuum_bot/install/vacuum_navigation:/home/sukru/ros_ws_vacuum_bot/install/vacuum_msgs:/home/sukru/ros_ws_vacuum_bot/install/vacuum_mapping:/home/sukru/ros_ws_vacuum_bot/install/vacuum_description:/home/sukru/ros_ws_vacuum_bot/install/vacuum_control:/home/sukru/ros_ws_vacuum_bot/install/vacuum_bringup:/home/sukru/ros_ws_demo/install/python_pkg:/opt/ros/humble PYTHONPATH=/home/sukru/ika_teknofest_aventra_ws/install/ika_control/lib/python3.10/site-packages:/home/sukru/ika_teknofest_aventra_ws/install/ika_ui_bridge/lib/python3.10/site-packages:/home/sukru/ika_teknofest_aventra_ws/install/ika_targeting/lib/python3.10/site-packages:/home/sukru/ika_teknofest_aventra_ws/install/ika_perception/lib/python3.10/site-packages:/home/sukru/ika_teknofest_aventra_ws/install/ika_navigation/lib/python3.10/site-packages:/home/sukru/ika_teknofest_aventra_ws/install/ika_mission_manager/lib/python3.10/site-packages:/home/sukru/ika_teknofest_aventra_ws/install/ika_localization/lib/python3.10/site-packages:/home/sukru/ika_teknofest_aventra_ws/install/ika_hardware/lib/python3.10/site-packages:/home/sukru/ika_teknofest_aventra_ws/install/ika_data_logger/lib/python3.10/site-packages:/home/sukru/ika_teknofest_aventra_ws/install/ika_behaviors/lib/python3.10/site-packages:/home/sukru/ika_teknofest_aventra_ws/install/ika_sensors/lib/python3.10/site-packages:/home/sukru/ika_teknofest_aventra_ws/install/ika_msgs/local/lib/python3.10/dist-packages:/home/sukru/ai_autonomi_ws/install/ika_autonomi/lib/python3.10/site-packages:/home/sukru/Desktop/otonom_atis/build/python_pkg:/home/sukru/Desktop/otonom_atis/install/python_pkg/lib/python3.10/site-packages:/home/sukru/ros_ws_vacuum_bot/install/vacuum_teleop/lib/python3.10/site-packages:/home/sukru/ros_ws_vacuum_bot/install/vacuum_sensors/lib/python3.10/site-packages:/home/sukru/ros_ws_vacuum_bot/install/vacuum_navigation/lib/python3.10/site-packages:/home/sukru/ros_ws_vacuum_bot/install/vacuum_msgs/lib/python3.10/site-packages:/home/sukru/ros_ws_vacuum_bot/install/vacuum_mapping/lib/python3.10/site-packages:/home/sukru/ros_ws_vacuum_bot/install/vacuum_description/lib/python3.10/site-packages:/home/sukru/ros_ws_vacuum_bot/install/vacuum_control/lib/python3.10/site-packages:/home/sukru/ros_ws_vacuum_bot/install/vacuum_bringup/lib/python3.10/site-packages:/home/sukru/ros_ws_demo/install/python_pkg/lib/python3.10/site-packages:/opt/ros/humble/lib/python3.10/site-packages:/opt/ros/humble/local/lib/python3.10/dist-packages /usr/bin/cmake --install /home/sukru/ika_teknofest_aventra_ws/build/ika_description
[2.723s] Level 1:colcon.colcon_core.environment:checking '/home/sukru/ika_teknofest_aventra_ws/install/ika_ui_bridge' for CMake module files
[2.724s] Level 1:colcon.colcon_core.environment:checking '/home/sukru/ika_teknofest_aventra_ws/install/ika_ui_bridge' for CMake config files
[2.724s] Level 1:colcon.colcon_core.environment:checking '/home/sukru/ika_teknofest_aventra_ws/install/ika_ui_bridge/lib'
[2.724s] Level 1:colcon.colcon_core.environment:checking '/home/sukru/ika_teknofest_aventra_ws/install/ika_ui_bridge/bin'
[2.724s] Level 1:colcon.colcon_core.environment:checking '/home/sukru/ika_teknofest_aventra_ws/install/ika_ui_bridge/lib/pkgconfig/ika_ui_bridge.pc'
[2.724s] Level 1:colcon.colcon_core.environment:checking '/home/sukru/ika_teknofest_aventra_ws/install/ika_ui_bridge/lib/python3.10/site-packages'
[2.724s] Level 1:colcon.colcon_core.shell:create_environment_hook('ika_ui_bridge', 'pythonpath')
[2.725s] INFO:colcon.colcon_core.shell:Creating environment hook '/home/sukru/ika_teknofest_aventra_ws/install/ika_ui_bridge/share/ika_ui_bridge/hook/pythonpath.ps1'
[2.725s] INFO:colcon.colcon_core.shell:Creating environment descriptor '/home/sukru/ika_teknofest_aventra_ws/install/ika_ui_bridge/share/ika_ui_bridge/hook/pythonpath.dsv'
[2.725s] INFO:colcon.colcon_core.shell:Creating environment hook '/home/sukru/ika_teknofest_aventra_ws/install/ika_ui_bridge/share/ika_ui_bridge/hook/pythonpath.sh'
[2.726s] Level 1:colcon.colcon_core.environment:checking '/home/sukru/ika_teknofest_aventra_ws/install/ika_ui_bridge/bin'
[2.726s] Level 1:colcon.colcon_core.environment:create_environment_scripts_only(ika_ui_bridge)
[2.726s] INFO:colcon.colcon_core.shell:Creating package script '/home/sukru/ika_teknofest_aventra_ws/install/ika_ui_bridge/share/ika_ui_bridge/package.ps1'
[2.727s] INFO:colcon.colcon_core.shell:Creating package descriptor '/home/sukru/ika_teknofest_aventra_ws/install/ika_ui_bridge/share/ika_ui_bridge/package.dsv'
[2.727s] INFO:colcon.colcon_core.shell:Creating package script '/home/sukru/ika_teknofest_aventra_ws/install/ika_ui_bridge/share/ika_ui_bridge/package.sh'
[2.727s] INFO:colcon.colcon_core.shell:Creating package script '/home/sukru/ika_teknofest_aventra_ws/install/ika_ui_bridge/share/ika_ui_bridge/package.bash'
[2.728s] INFO:colcon.colcon_core.shell:Creating package script '/home/sukru/ika_teknofest_aventra_ws/install/ika_ui_bridge/share/ika_ui_bridge/package.zsh'
[2.728s] Level 1:colcon.colcon_core.environment:create_file_with_runtime_dependencies(/home/sukru/ika_teknofest_aventra_ws/install/ika_ui_bridge/share/colcon-core/packages/ika_ui_bridge)
[2.730s] DEBUG:colcon.colcon_core.event_handler.log_command:Invoked command in '/home/sukru/ika_teknofest_aventra_ws/src/ika_ui_bridge' returned '0': PYTHONPATH=/home/sukru/ika_teknofest_aventra_ws/build/ika_ui_bridge/prefix_override:/usr/lib/python3/dist-packages/colcon_core/task/python/colcon_distutils_commands:/home/sukru/ika_teknofest_aventra_ws/install/ika_ui_bridge/lib/python3.10/site-packages:${PYTHONPATH} /usr/bin/python3 -W ignore:setup.py install is deprecated -W ignore:easy_install command is deprecated setup.py egg_info --egg-base ../../build/ika_ui_bridge build --build-base /home/sukru/ika_teknofest_aventra_ws/build/ika_ui_bridge/build install --record /home/sukru/ika_teknofest_aventra_ws/build/ika_ui_bridge/install.log --single-version-externally-managed install_data
[2.730s] Level 1:colcon.colcon_core.environment:create_environment_scripts_only(ika_description)
[2.730s] Level 1:colcon.colcon_core.environment:checking '/home/sukru/ika_teknofest_aventra_ws/install/ika_description' for CMake module files
[2.731s] Level 1:colcon.colcon_core.environment:checking '/home/sukru/ika_teknofest_aventra_ws/install/ika_description' for CMake config files
[2.731s] Level 1:colcon.colcon_core.shell:create_environment_hook('ika_description', 'cmake_prefix_path')
[2.731s] INFO:colcon.colcon_core.shell:Creating environment hook '/home/sukru/ika_teknofest_aventra_ws/install/ika_description/share/ika_description/hook/cmake_prefix_path.ps1'
[2.732s] INFO:colcon.colcon_core.shell:Creating environment descriptor '/home/sukru/ika_teknofest_aventra_ws/install/ika_description/share/ika_description/hook/cmake_prefix_path.dsv'
[2.732s] INFO:colcon.colcon_core.shell:Creating environment hook '/home/sukru/ika_teknofest_aventra_ws/install/ika_description/share/ika_description/hook/cmake_prefix_path.sh'
[2.732s] DEBUG:colcon.colcon_core.event_handler.log_command:Invoked command in '/home/sukru/ika_teknofest_aventra_ws/build/ika_description' returned '0': AMENT_PREFIX_PATH=/home/sukru/ika_teknofest_aventra_ws/install/ika_control:/home/sukru/ika_teknofest_aventra_ws/install/ika_bringup:/home/sukru/ika_teknofest_aventra_ws/install/ika_gazebo:/home/sukru/ika_teknofest_aventra_ws/install/ika_description:/home/sukru/ai_autonomi_ws/install/ika_autonomi:/home/sukru/Desktop/otonom_atis/install/python_pkg:/home/sukru/dev_ws/install/my_package:/home/sukru/dev_ws/install/my_bot:/home/sukru/ros_ws_vacuum_bot/install/vacuum_teleop:/home/sukru/ros_ws_vacuum_bot/install/vacuum_sensors:/home/sukru/ros_ws_vacuum_bot/install/vacuum_navigation:/home/sukru/ros_ws_vacuum_bot/install/vacuum_msgs:/home/sukru/ros_ws_vacuum_bot/install/vacuum_mapping:/home/sukru/ros_ws_vacuum_bot/install/vacuum_description:/home/sukru/ros_ws_vacuum_bot/install/vacuum_control:/home/sukru/ros_ws_vacuum_bot/install/vacuum_bringup:/home/sukru/ros_ws_demo/install/python_pkg:/opt/ros/humble CMAKE_PREFIX_PATH=${CMAKE_PREFIX_PATH}:/home/sukru/ika_teknofest_aventra_ws/install/ika_control:/home/sukru/ai_autonomi_ws/install/ika_autonomi:/home/sukru/Desktop/otonom_atis/install/python_pkg:/home/sukru/ros_ws_vacuum_bot/install/vacuum_teleop:/home/sukru/ros_ws_vacuum_bot/install/vacuum_sensors:/home/sukru/ros_ws_vacuum_bot/install/vacuum_navigation:/home/sukru/ros_ws_vacuum_bot/install/vacuum_msgs:/home/sukru/ros_ws_vacuum_bot/install/vacuum_mapping:/home/sukru/ros_ws_vacuum_bot/install/vacuum_description:/home/sukru/ros_ws_vacuum_bot/install/vacuum_control:/home/sukru/ros_ws_vacuum_bot/install/vacuum_bringup:/home/sukru/ros_ws_demo/install/python_pkg:/opt/ros/humble PYTHONPATH=/home/sukru/ika_teknofest_aventra_ws/install/ika_control/lib/python3.10/site-packages:/home/sukru/ika_teknofest_aventra_ws/install/ika_ui_bridge/lib/python3.10/site-packages:/home/sukru/ika_teknofest_aventra_ws/install/ika_targeting/lib/python3.10/site-packages:/home/sukru/ika_teknofest_aventra_ws/install/ika_perception/lib/python3.10/site-packages:/home/sukru/ika_teknofest_aventra_ws/install/ika_navigation/lib/python3.10/site-packages:/home/sukru/ika_teknofest_aventra_ws/install/ika_mission_manager/lib/python3.10/site-packages:/home/sukru/ika_teknofest_aventra_ws/install/ika_localization/lib/python3.10/site-packages:/home/sukru/ika_teknofest_aventra_ws/install/ika_hardware/lib/python3.10/site-packages:/home/sukru/ika_teknofest_aventra_ws/install/ika_data_logger/lib/python3.10/site-packages:/home/sukru/ika_teknofest_aventra_ws/install/ika_behaviors/lib/python3.10/site-packages:/home/sukru/ika_teknofest_aventra_ws/install/ika_sensors/lib/python3.10/site-packages:/home/sukru/ika_teknofest_aventra_ws/install/ika_msgs/local/lib/python3.10/dist-packages:/home/sukru/ai_autonomi_ws/install/ika_autonomi/lib/python3.10/site-packages:/home/sukru/Desktop/otonom_atis/build/python_pkg:/home/sukru/Desktop/otonom_atis/install/python_pkg/lib/python3.10/site-packages:/home/sukru/ros_ws_vacuum_bot/install/vacuum_teleop/lib/python3.10/site-packages:/home/sukru/ros_ws_vacuum_bot/install/vacuum_sensors/lib/python3.10/site-packages:/home/sukru/ros_ws_vacuum_bot/install/vacuum_navigation/lib/python3.10/site-packages:/home/sukru/ros_ws_vacuum_bot/install/vacuum_msgs/lib/python3.10/site-packages:/home/sukru/ros_ws_vacuum_bot/install/vacuum_mapping/lib/python3.10/site-packages:/home/sukru/ros_ws_vacuum_bot/install/vacuum_description/lib/python3.10/site-packages:/home/sukru/ros_ws_vacuum_bot/install/vacuum_control/lib/python3.10/site-packages:/home/sukru/ros_ws_vacuum_bot/install/vacuum_bringup/lib/python3.10/site-packages:/home/sukru/ros_ws_demo/install/python_pkg/lib/python3.10/site-packages:/opt/ros/humble/lib/python3.10/site-packages:/opt/ros/humble/local/lib/python3.10/dist-packages /usr/bin/cmake --install /home/sukru/ika_teknofest_aventra_ws/build/ika_description
[2.733s] Level 1:colcon.colcon_core.environment:checking '/home/sukru/ika_teknofest_aventra_ws/install/ika_description/bin'
[2.733s] Level 1:colcon.colcon_core.environment:checking '/home/sukru/ika_teknofest_aventra_ws/install/ika_description/lib/pkgconfig/ika_description.pc'
[2.733s] Level 1:colcon.colcon_core.environment:checking '/home/sukru/ika_teknofest_aventra_ws/install/ika_description/lib/python3.10/site-packages'
[2.733s] Level 1:colcon.colcon_core.environment:checking '/home/sukru/ika_teknofest_aventra_ws/install/ika_description/bin'
[2.733s] INFO:colcon.colcon_core.shell:Creating package script '/home/sukru/ika_teknofest_aventra_ws/install/ika_description/share/ika_description/package.ps1'
[2.734s] INFO:colcon.colcon_core.shell:Creating package descriptor '/home/sukru/ika_teknofest_aventra_ws/install/ika_description/share/ika_description/package.dsv'
[2.734s] INFO:colcon.colcon_core.shell:Creating package script '/home/sukru/ika_teknofest_aventra_ws/install/ika_description/share/ika_description/package.sh'
[2.734s] INFO:colcon.colcon_core.shell:Creating package script '/home/sukru/ika_teknofest_aventra_ws/install/ika_description/share/ika_description/package.bash'
[2.735s] INFO:colcon.colcon_core.shell:Creating package script '/home/sukru/ika_teknofest_aventra_ws/install/ika_description/share/ika_description/package.zsh'
[2.735s] Level 1:colcon.colcon_core.environment:create_file_with_runtime_dependencies(/home/sukru/ika_teknofest_aventra_ws/install/ika_description/share/colcon-core/packages/ika_description)
[2.735s] Level 1:colcon.colcon_core.environment:create_environment_scripts_only(ika_description)
[2.735s] Level 1:colcon.colcon_core.environment:checking '/home/sukru/ika_teknofest_aventra_ws/install/ika_description' for CMake module files
[2.736s] Level 1:colcon.colcon_core.environment:checking '/home/sukru/ika_teknofest_aventra_ws/install/ika_description' for CMake config files
[2.736s] Level 1:colcon.colcon_core.shell:create_environment_hook('ika_description', 'cmake_prefix_path')
[2.736s] INFO:colcon.colcon_core.shell:Creating environment hook '/home/sukru/ika_teknofest_aventra_ws/install/ika_description/share/ika_description/hook/cmake_prefix_path.ps1'
[2.736s] INFO:colcon.colcon_core.shell:Creating environment descriptor '/home/sukru/ika_teknofest_aventra_ws/install/ika_description/share/ika_description/hook/cmake_prefix_path.dsv'
[2.736s] INFO:colcon.colcon_core.shell:Creating environment hook '/home/sukru/ika_teknofest_aventra_ws/install/ika_description/share/ika_description/hook/cmake_prefix_path.sh'
[2.737s] Level 1:colcon.colcon_core.environment:checking '/home/sukru/ika_teknofest_aventra_ws/install/ika_description/bin'
[2.737s] Level 1:colcon.colcon_core.environment:checking '/home/sukru/ika_teknofest_aventra_ws/install/ika_description/lib/pkgconfig/ika_description.pc'
[2.737s] Level 1:colcon.colcon_core.environment:checking '/home/sukru/ika_teknofest_aventra_ws/install/ika_description/lib/python3.10/site-packages'
[2.737s] Level 1:colcon.colcon_core.environment:checking '/home/sukru/ika_teknofest_aventra_ws/install/ika_description/bin'
[2.737s] INFO:colcon.colcon_core.shell:Creating package script '/home/sukru/ika_teknofest_aventra_ws/install/ika_description/share/ika_description/package.ps1'
[2.738s] INFO:colcon.colcon_core.shell:Creating package descriptor '/home/sukru/ika_teknofest_aventra_ws/install/ika_description/share/ika_description/package.dsv'
[2.738s] INFO:colcon.colcon_core.shell:Creating package script '/home/sukru/ika_teknofest_aventra_ws/install/ika_description/share/ika_description/package.sh'
[2.738s] INFO:colcon.colcon_core.shell:Creating package script '/home/sukru/ika_teknofest_aventra_ws/install/ika_description/share/ika_description/package.bash'
[2.738s] INFO:colcon.colcon_core.shell:Creating package script '/home/sukru/ika_teknofest_aventra_ws/install/ika_description/share/ika_description/package.zsh'
[2.739s] Level 1:colcon.colcon_core.environment:create_file_with_runtime_dependencies(/home/sukru/ika_teknofest_aventra_ws/install/ika_description/share/colcon-core/packages/ika_description)
[2.739s] INFO:colcon.colcon_ros.task.ament_cmake.build:Building ROS package in '/home/sukru/ika_teknofest_aventra_ws/src/ika_gazebo' with build type 'ament_cmake'
[2.739s] INFO:colcon.colcon_cmake.task.cmake.build:Building CMake package in '/home/sukru/ika_teknofest_aventra_ws/src/ika_gazebo'
[2.739s] INFO:colcon.colcon_core.shell:Skip shell extension 'powershell' for command environment: Not usable outside of PowerShell
[2.739s] DEBUG:colcon.colcon_core.shell:Skip shell extension 'dsv' for command environment
[2.749s] DEBUG:colcon.colcon_core.event_handler.log_command:Invoking command in '/home/sukru/ika_teknofest_aventra_ws/build/ika_gazebo': AMENT_PREFIX_PATH=/home/sukru/ika_teknofest_aventra_ws/install/ika_control:/home/sukru/ika_teknofest_aventra_ws/install/ika_bringup:/home/sukru/ika_teknofest_aventra_ws/install/ika_gazebo:/home/sukru/ika_teknofest_aventra_ws/install/ika_description:/home/sukru/ai_autonomi_ws/install/ika_autonomi:/home/sukru/Desktop/otonom_atis/install/python_pkg:/home/sukru/dev_ws/install/my_package:/home/sukru/dev_ws/install/my_bot:/home/sukru/ros_ws_vacuum_bot/install/vacuum_teleop:/home/sukru/ros_ws_vacuum_bot/install/vacuum_sensors:/home/sukru/ros_ws_vacuum_bot/install/vacuum_navigation:/home/sukru/ros_ws_vacuum_bot/install/vacuum_msgs:/home/sukru/ros_ws_vacuum_bot/install/vacuum_mapping:/home/sukru/ros_ws_vacuum_bot/install/vacuum_description:/home/sukru/ros_ws_vacuum_bot/install/vacuum_control:/home/sukru/ros_ws_vacuum_bot/install/vacuum_bringup:/home/sukru/ros_ws_demo/install/python_pkg:/opt/ros/humble CMAKE_PREFIX_PATH=/home/sukru/ika_teknofest_aventra_ws/install/ika_description:/home/sukru/ika_teknofest_aventra_ws/install/ika_bringup:/home/sukru/ika_teknofest_aventra_ws/install/ika_gazebo:/home/sukru/dev_ws/install/my_package:/home/sukru/dev_ws/install/my_bot:/home/sukru/ika_teknofest_aventra_ws/install/ika_control:/home/sukru/ai_autonomi_ws/install/ika_autonomi:/home/sukru/Desktop/otonom_atis/install/python_pkg:/home/sukru/ros_ws_vacuum_bot/install/vacuum_teleop:/home/sukru/ros_ws_vacuum_bot/install/vacuum_sensors:/home/sukru/ros_ws_vacuum_bot/install/vacuum_navigation:/home/sukru/ros_ws_vacuum_bot/install/vacuum_msgs:/home/sukru/ros_ws_vacuum_bot/install/vacuum_mapping:/home/sukru/ros_ws_vacuum_bot/install/vacuum_description:/home/sukru/ros_ws_vacuum_bot/install/vacuum_control:/home/sukru/ros_ws_vacuum_bot/install/vacuum_bringup:/home/sukru/ros_ws_demo/install/python_pkg:/opt/ros/humble PYTHONPATH=/home/sukru/ika_teknofest_aventra_ws/install/ika_control/lib/python3.10/site-packages:/home/sukru/ika_teknofest_aventra_ws/install/ika_ui_bridge/lib/python3.10/site-packages:/home/sukru/ika_teknofest_aventra_ws/install/ika_targeting/lib/python3.10/site-packages:/home/sukru/ika_teknofest_aventra_ws/install/ika_perception/lib/python3.10/site-packages:/home/sukru/ika_teknofest_aventra_ws/install/ika_navigation/lib/python3.10/site-packages:/home/sukru/ika_teknofest_aventra_ws/install/ika_mission_manager/lib/python3.10/site-packages:/home/sukru/ika_teknofest_aventra_ws/install/ika_localization/lib/python3.10/site-packages:/home/sukru/ika_teknofest_aventra_ws/install/ika_hardware/lib/python3.10/site-packages:/home/sukru/ika_teknofest_aventra_ws/install/ika_data_logger/lib/python3.10/site-packages:/home/sukru/ika_teknofest_aventra_ws/install/ika_behaviors/lib/python3.10/site-packages:/home/sukru/ika_teknofest_aventra_ws/install/ika_sensors/lib/python3.10/site-packages:/home/sukru/ika_teknofest_aventra_ws/install/ika_msgs/local/lib/python3.10/dist-packages:/home/sukru/ai_autonomi_ws/install/ika_autonomi/lib/python3.10/site-packages:/home/sukru/Desktop/otonom_atis/build/python_pkg:/home/sukru/Desktop/otonom_atis/install/python_pkg/lib/python3.10/site-packages:/home/sukru/ros_ws_vacuum_bot/install/vacuum_teleop/lib/python3.10/site-packages:/home/sukru/ros_ws_vacuum_bot/install/vacuum_sensors/lib/python3.10/site-packages:/home/sukru/ros_ws_vacuum_bot/install/vacuum_navigation/lib/python3.10/site-packages:/home/sukru/ros_ws_vacuum_bot/install/vacuum_msgs/lib/python3.10/site-packages:/home/sukru/ros_ws_vacuum_bot/install/vacuum_mapping/lib/python3.10/site-packages:/home/sukru/ros_ws_vacuum_bot/install/vacuum_description/lib/python3.10/site-packages:/home/sukru/ros_ws_vacuum_bot/install/vacuum_control/lib/python3.10/site-packages:/home/sukru/ros_ws_vacuum_bot/install/vacuum_bringup/lib/python3.10/site-packages:/home/sukru/ros_ws_demo/install/python_pkg/lib/python3.10/site-packages:/opt/ros/humble/lib/python3.10/site-packages:/opt/ros/humble/local/lib/python3.10/dist-packages /usr/bin/cmake --build /home/sukru/ika_teknofest_aventra_ws/build/ika_gazebo -- -j12 -l12
[2.782s] DEBUG:colcon.colcon_core.event_handler.log_command:Invoked command in '/home/sukru/ika_teknofest_aventra_ws/build/ika_gazebo' returned '0': AMENT_PREFIX_PATH=/home/sukru/ika_teknofest_aventra_ws/install/ika_control:/home/sukru/ika_teknofest_aventra_ws/install/ika_bringup:/home/sukru/ika_teknofest_aventra_ws/install/ika_gazebo:/home/sukru/ika_teknofest_aventra_ws/install/ika_description:/home/sukru/ai_autonomi_ws/install/ika_autonomi:/home/sukru/Desktop/otonom_atis/install/python_pkg:/home/sukru/dev_ws/install/my_package:/home/sukru/dev_ws/install/my_bot:/home/sukru/ros_ws_vacuum_bot/install/vacuum_teleop:/home/sukru/ros_ws_vacuum_bot/install/vacuum_sensors:/home/sukru/ros_ws_vacuum_bot/install/vacuum_navigation:/home/sukru/ros_ws_vacuum_bot/install/vacuum_msgs:/home/sukru/ros_ws_vacuum_bot/install/vacuum_mapping:/home/sukru/ros_ws_vacuum_bot/install/vacuum_description:/home/sukru/ros_ws_vacuum_bot/install/vacuum_control:/home/sukru/ros_ws_vacuum_bot/install/vacuum_bringup:/home/sukru/ros_ws_demo/install/python_pkg:/opt/ros/humble CMAKE_PREFIX_PATH=/home/sukru/ika_teknofest_aventra_ws/install/ika_description:/home/sukru/ika_teknofest_aventra_ws/install/ika_bringup:/home/sukru/ika_teknofest_aventra_ws/install/ika_gazebo:/home/sukru/dev_ws/install/my_package:/home/sukru/dev_ws/install/my_bot:/home/sukru/ika_teknofest_aventra_ws/install/ika_control:/home/sukru/ai_autonomi_ws/install/ika_autonomi:/home/sukru/Desktop/otonom_atis/install/python_pkg:/home/sukru/ros_ws_vacuum_bot/install/vacuum_teleop:/home/sukru/ros_ws_vacuum_bot/install/vacuum_sensors:/home/sukru/ros_ws_vacuum_bot/install/vacuum_navigation:/home/sukru/ros_ws_vacuum_bot/install/vacuum_msgs:/home/sukru/ros_ws_vacuum_bot/install/vacuum_mapping:/home/sukru/ros_ws_vacuum_bot/install/vacuum_description:/home/sukru/ros_ws_vacuum_bot/install/vacuum_control:/home/sukru/ros_ws_vacuum_bot/install/vacuum_bringup:/home/sukru/ros_ws_demo/install/python_pkg:/opt/ros/humble PYTHONPATH=/home/sukru/ika_teknofest_aventra_ws/install/ika_control/lib/python3.10/site-packages:/home/sukru/ika_teknofest_aventra_ws/install/ika_ui_bridge/lib/python3.10/site-packages:/home/sukru/ika_teknofest_aventra_ws/install/ika_targeting/lib/python3.10/site-packages:/home/sukru/ika_teknofest_aventra_ws/install/ika_perception/lib/python3.10/site-packages:/home/sukru/ika_teknofest_aventra_ws/install/ika_navigation/lib/python3.10/site-packages:/home/sukru/ika_teknofest_aventra_ws/install/ika_mission_manager/lib/python3.10/site-packages:/home/sukru/ika_teknofest_aventra_ws/install/ika_localization/lib/python3.10/site-packages:/home/sukru/ika_teknofest_aventra_ws/install/ika_hardware/lib/python3.10/site-packages:/home/sukru/ika_teknofest_aventra_ws/install/ika_data_logger/lib/python3.10/site-packages:/home/sukru/ika_teknofest_aventra_ws/install/ika_behaviors/lib/python3.10/site-packages:/home/sukru/ika_teknofest_aventra_ws/install/ika_sensors/lib/python3.10/site-packages:/home/sukru/ika_teknofest_aventra_ws/install/ika_msgs/local/lib/python3.10/dist-packages:/home/sukru/ai_autonomi_ws/install/ika_autonomi/lib/python3.10/site-packages:/home/sukru/Desktop/otonom_atis/build/python_pkg:/home/sukru/Desktop/otonom_atis/install/python_pkg/lib/python3.10/site-packages:/home/sukru/ros_ws_vacuum_bot/install/vacuum_teleop/lib/python3.10/site-packages:/home/sukru/ros_ws_vacuum_bot/install/vacuum_sensors/lib/python3.10/site-packages:/home/sukru/ros_ws_vacuum_bot/install/vacuum_navigation/lib/python3.10/site-packages:/home/sukru/ros_ws_vacuum_bot/install/vacuum_msgs/lib/python3.10/site-packages:/home/sukru/ros_ws_vacuum_bot/install/vacuum_mapping/lib/python3.10/site-packages:/home/sukru/ros_ws_vacuum_bot/install/vacuum_description/lib/python3.10/site-packages:/home/sukru/ros_ws_vacuum_bot/install/vacuum_control/lib/python3.10/site-packages:/home/sukru/ros_ws_vacuum_bot/install/vacuum_bringup/lib/python3.10/site-packages:/home/sukru/ros_ws_demo/install/python_pkg/lib/python3.10/site-packages:/opt/ros/humble/lib/python3.10/site-packages:/opt/ros/humble/local/lib/python3.10/dist-packages /usr/bin/cmake --build /home/sukru/ika_teknofest_aventra_ws/build/ika_gazebo -- -j12 -l12
[2.783s] DEBUG:colcon.colcon_core.event_handler.log_command:Invoking command in '/home/sukru/ika_teknofest_aventra_ws/build/ika_gazebo': AMENT_PREFIX_PATH=/home/sukru/ika_teknofest_aventra_ws/install/ika_control:/home/sukru/ika_teknofest_aventra_ws/install/ika_bringup:/home/sukru/ika_teknofest_aventra_ws/install/ika_gazebo:/home/sukru/ika_teknofest_aventra_ws/install/ika_description:/home/sukru/ai_autonomi_ws/install/ika_autonomi:/home/sukru/Desktop/otonom_atis/install/python_pkg:/home/sukru/dev_ws/install/my_package:/home/sukru/dev_ws/install/my_bot:/home/sukru/ros_ws_vacuum_bot/install/vacuum_teleop:/home/sukru/ros_ws_vacuum_bot/install/vacuum_sensors:/home/sukru/ros_ws_vacuum_bot/install/vacuum_navigation:/home/sukru/ros_ws_vacuum_bot/install/vacuum_msgs:/home/sukru/ros_ws_vacuum_bot/install/vacuum_mapping:/home/sukru/ros_ws_vacuum_bot/install/vacuum_description:/home/sukru/ros_ws_vacuum_bot/install/vacuum_control:/home/sukru/ros_ws_vacuum_bot/install/vacuum_bringup:/home/sukru/ros_ws_demo/install/python_pkg:/opt/ros/humble CMAKE_PREFIX_PATH=/home/sukru/ika_teknofest_aventra_ws/install/ika_description:/home/sukru/ika_teknofest_aventra_ws/install/ika_bringup:/home/sukru/ika_teknofest_aventra_ws/install/ika_gazebo:/home/sukru/dev_ws/install/my_package:/home/sukru/dev_ws/install/my_bot:/home/sukru/ika_teknofest_aventra_ws/install/ika_control:/home/sukru/ai_autonomi_ws/install/ika_autonomi:/home/sukru/Desktop/otonom_atis/install/python_pkg:/home/sukru/ros_ws_vacuum_bot/install/vacuum_teleop:/home/sukru/ros_ws_vacuum_bot/install/vacuum_sensors:/home/sukru/ros_ws_vacuum_bot/install/vacuum_navigation:/home/sukru/ros_ws_vacuum_bot/install/vacuum_msgs:/home/sukru/ros_ws_vacuum_bot/install/vacuum_mapping:/home/sukru/ros_ws_vacuum_bot/install/vacuum_description:/home/sukru/ros_ws_vacuum_bot/install/vacuum_control:/home/sukru/ros_ws_vacuum_bot/install/vacuum_bringup:/home/sukru/ros_ws_demo/install/python_pkg:/opt/ros/humble PYTHONPATH=/home/sukru/ika_teknofest_aventra_ws/install/ika_control/lib/python3.10/site-packages:/home/sukru/ika_teknofest_aventra_ws/install/ika_ui_bridge/lib/python3.10/site-packages:/home/sukru/ika_teknofest_aventra_ws/install/ika_targeting/lib/python3.10/site-packages:/home/sukru/ika_teknofest_aventra_ws/install/ika_perception/lib/python3.10/site-packages:/home/sukru/ika_teknofest_aventra_ws/install/ika_navigation/lib/python3.10/site-packages:/home/sukru/ika_teknofest_aventra_ws/install/ika_mission_manager/lib/python3.10/site-packages:/home/sukru/ika_teknofest_aventra_ws/install/ika_localization/lib/python3.10/site-packages:/home/sukru/ika_teknofest_aventra_ws/install/ika_hardware/lib/python3.10/site-packages:/home/sukru/ika_teknofest_aventra_ws/install/ika_data_logger/lib/python3.10/site-packages:/home/sukru/ika_teknofest_aventra_ws/install/ika_behaviors/lib/python3.10/site-packages:/home/sukru/ika_teknofest_aventra_ws/install/ika_sensors/lib/python3.10/site-packages:/home/sukru/ika_teknofest_aventra_ws/install/ika_msgs/local/lib/python3.10/dist-packages:/home/sukru/ai_autonomi_ws/install/ika_autonomi/lib/python3.10/site-packages:/home/sukru/Desktop/otonom_atis/build/python_pkg:/home/sukru/Desktop/otonom_atis/install/python_pkg/lib/python3.10/site-packages:/home/sukru/ros_ws_vacuum_bot/install/vacuum_teleop/lib/python3.10/site-packages:/home/sukru/ros_ws_vacuum_bot/install/vacuum_sensors/lib/python3.10/site-packages:/home/sukru/ros_ws_vacuum_bot/install/vacuum_navigation/lib/python3.10/site-packages:/home/sukru/ros_ws_vacuum_bot/install/vacuum_msgs/lib/python3.10/site-packages:/home/sukru/ros_ws_vacuum_bot/install/vacuum_mapping/lib/python3.10/site-packages:/home/sukru/ros_ws_vacuum_bot/install/vacuum_description/lib/python3.10/site-packages:/home/sukru/ros_ws_vacuum_bot/install/vacuum_control/lib/python3.10/site-packages:/home/sukru/ros_ws_vacuum_bot/install/vacuum_bringup/lib/python3.10/site-packages:/home/sukru/ros_ws_demo/install/python_pkg/lib/python3.10/site-packages:/opt/ros/humble/lib/python3.10/site-packages:/opt/ros/humble/local/lib/python3.10/dist-packages /usr/bin/cmake --install /home/sukru/ika_teknofest_aventra_ws/build/ika_gazebo
[2.790s] Level 1:colcon.colcon_core.environment:create_environment_scripts_only(ika_gazebo)
[2.790s] Level 1:colcon.colcon_core.environment:checking '/home/sukru/ika_teknofest_aventra_ws/install/ika_gazebo' for CMake module files
[2.791s] DEBUG:colcon.colcon_core.event_handler.log_command:Invoked command in '/home/sukru/ika_teknofest_aventra_ws/build/ika_gazebo' returned '0': AMENT_PREFIX_PATH=/home/sukru/ika_teknofest_aventra_ws/install/ika_control:/home/sukru/ika_teknofest_aventra_ws/install/ika_bringup:/home/sukru/ika_teknofest_aventra_ws/install/ika_gazebo:/home/sukru/ika_teknofest_aventra_ws/install/ika_description:/home/sukru/ai_autonomi_ws/install/ika_autonomi:/home/sukru/Desktop/otonom_atis/install/python_pkg:/home/sukru/dev_ws/install/my_package:/home/sukru/dev_ws/install/my_bot:/home/sukru/ros_ws_vacuum_bot/install/vacuum_teleop:/home/sukru/ros_ws_vacuum_bot/install/vacuum_sensors:/home/sukru/ros_ws_vacuum_bot/install/vacuum_navigation:/home/sukru/ros_ws_vacuum_bot/install/vacuum_msgs:/home/sukru/ros_ws_vacuum_bot/install/vacuum_mapping:/home/sukru/ros_ws_vacuum_bot/install/vacuum_description:/home/sukru/ros_ws_vacuum_bot/install/vacuum_control:/home/sukru/ros_ws_vacuum_bot/install/vacuum_bringup:/home/sukru/ros_ws_demo/install/python_pkg:/opt/ros/humble CMAKE_PREFIX_PATH=/home/sukru/ika_teknofest_aventra_ws/install/ika_description:/home/sukru/ika_teknofest_aventra_ws/install/ika_bringup:/home/sukru/ika_teknofest_aventra_ws/install/ika_gazebo:/home/sukru/dev_ws/install/my_package:/home/sukru/dev_ws/install/my_bot:/home/sukru/ika_teknofest_aventra_ws/install/ika_control:/home/sukru/ai_autonomi_ws/install/ika_autonomi:/home/sukru/Desktop/otonom_atis/install/python_pkg:/home/sukru/ros_ws_vacuum_bot/install/vacuum_teleop:/home/sukru/ros_ws_vacuum_bot/install/vacuum_sensors:/home/sukru/ros_ws_vacuum_bot/install/vacuum_navigation:/home/sukru/ros_ws_vacuum_bot/install/vacuum_msgs:/home/sukru/ros_ws_vacuum_bot/install/vacuum_mapping:/home/sukru/ros_ws_vacuum_bot/install/vacuum_description:/home/sukru/ros_ws_vacuum_bot/install/vacuum_control:/home/sukru/ros_ws_vacuum_bot/install/vacuum_bringup:/home/sukru/ros_ws_demo/install/python_pkg:/opt/ros/humble PYTHONPATH=/home/sukru/ika_teknofest_aventra_ws/install/ika_control/lib/python3.10/site-packages:/home/sukru/ika_teknofest_aventra_ws/install/ika_ui_bridge/lib/python3.10/site-packages:/home/sukru/ika_teknofest_aventra_ws/install/ika_targeting/lib/python3.10/site-packages:/home/sukru/ika_teknofest_aventra_ws/install/ika_perception/lib/python3.10/site-packages:/home/sukru/ika_teknofest_aventra_ws/install/ika_navigation/lib/python3.10/site-packages:/home/sukru/ika_teknofest_aventra_ws/install/ika_mission_manager/lib/python3.10/site-packages:/home/sukru/ika_teknofest_aventra_ws/install/ika_localization/lib/python3.10/site-packages:/home/sukru/ika_teknofest_aventra_ws/install/ika_hardware/lib/python3.10/site-packages:/home/sukru/ika_teknofest_aventra_ws/install/ika_data_logger/lib/python3.10/site-packages:/home/sukru/ika_teknofest_aventra_ws/install/ika_behaviors/lib/python3.10/site-packages:/home/sukru/ika_teknofest_aventra_ws/install/ika_sensors/lib/python3.10/site-packages:/home/sukru/ika_teknofest_aventra_ws/install/ika_msgs/local/lib/python3.10/dist-packages:/home/sukru/ai_autonomi_ws/install/ika_autonomi/lib/python3.10/site-packages:/home/sukru/Desktop/otonom_atis/build/python_pkg:/home/sukru/Desktop/otonom_atis/install/python_pkg/lib/python3.10/site-packages:/home/sukru/ros_ws_vacuum_bot/install/vacuum_teleop/lib/python3.10/site-packages:/home/sukru/ros_ws_vacuum_bot/install/vacuum_sensors/lib/python3.10/site-packages:/home/sukru/ros_ws_vacuum_bot/install/vacuum_navigation/lib/python3.10/site-packages:/home/sukru/ros_ws_vacuum_bot/install/vacuum_msgs/lib/python3.10/site-packages:/home/sukru/ros_ws_vacuum_bot/install/vacuum_mapping/lib/python3.10/site-packages:/home/sukru/ros_ws_vacuum_bot/install/vacuum_description/lib/python3.10/site-packages:/home/sukru/ros_ws_vacuum_bot/install/vacuum_control/lib/python3.10/site-packages:/home/sukru/ros_ws_vacuum_bot/install/vacuum_bringup/lib/python3.10/site-packages:/home/sukru/ros_ws_demo/install/python_pkg/lib/python3.10/site-packages:/opt/ros/humble/lib/python3.10/site-packages:/opt/ros/humble/local/lib/python3.10/dist-packages /usr/bin/cmake --install /home/sukru/ika_teknofest_aventra_ws/build/ika_gazebo
[2.791s] Level 1:colcon.colcon_core.environment:checking '/home/sukru/ika_teknofest_aventra_ws/install/ika_gazebo' for CMake config files
[2.791s] Level 1:colcon.colcon_core.shell:create_environment_hook('ika_gazebo', 'cmake_prefix_path')
[2.791s] INFO:colcon.colcon_core.shell:Creating environment hook '/home/sukru/ika_teknofest_aventra_ws/install/ika_gazebo/share/ika_gazebo/hook/cmake_prefix_path.ps1'
[2.792s] INFO:colcon.colcon_core.shell:Creating environment descriptor '/home/sukru/ika_teknofest_aventra_ws/install/ika_gazebo/share/ika_gazebo/hook/cmake_prefix_path.dsv'
[2.792s] INFO:colcon.colcon_core.shell:Creating environment hook '/home/sukru/ika_teknofest_aventra_ws/install/ika_gazebo/share/ika_gazebo/hook/cmake_prefix_path.sh'
[2.792s] Level 1:colcon.colcon_core.environment:checking '/home/sukru/ika_teknofest_aventra_ws/install/ika_gazebo/lib'
[2.792s] Level 1:colcon.colcon_core.environment:checking '/home/sukru/ika_teknofest_aventra_ws/install/ika_gazebo/bin'
[2.792s] Level 1:colcon.colcon_core.environment:checking '/home/sukru/ika_teknofest_aventra_ws/install/ika_gazebo/lib/pkgconfig/ika_gazebo.pc'
[2.793s] Level 1:colcon.colcon_core.environment:checking '/home/sukru/ika_teknofest_aventra_ws/install/ika_gazebo/lib/python3.10/site-packages'
[2.793s] Level 1:colcon.colcon_core.environment:checking '/home/sukru/ika_teknofest_aventra_ws/install/ika_gazebo/bin'
[2.793s] INFO:colcon.colcon_core.shell:Creating package script '/home/sukru/ika_teknofest_aventra_ws/install/ika_gazebo/share/ika_gazebo/package.ps1'
[2.793s] INFO:colcon.colcon_core.shell:Creating package descriptor '/home/sukru/ika_teknofest_aventra_ws/install/ika_gazebo/share/ika_gazebo/package.dsv'
[2.794s] INFO:colcon.colcon_core.shell:Creating package script '/home/sukru/ika_teknofest_aventra_ws/install/ika_gazebo/share/ika_gazebo/package.sh'
[2.794s] INFO:colcon.colcon_core.shell:Creating package script '/home/sukru/ika_teknofest_aventra_ws/install/ika_gazebo/share/ika_gazebo/package.bash'
[2.794s] INFO:colcon.colcon_core.shell:Creating package script '/home/sukru/ika_teknofest_aventra_ws/install/ika_gazebo/share/ika_gazebo/package.zsh'
[2.794s] Level 1:colcon.colcon_core.environment:create_file_with_runtime_dependencies(/home/sukru/ika_teknofest_aventra_ws/install/ika_gazebo/share/colcon-core/packages/ika_gazebo)
[2.795s] Level 1:colcon.colcon_core.environment:create_environment_scripts_only(ika_gazebo)
[2.795s] Level 1:colcon.colcon_core.environment:checking '/home/sukru/ika_teknofest_aventra_ws/install/ika_gazebo' for CMake module files
[2.795s] Level 1:colcon.colcon_core.environment:checking '/home/sukru/ika_teknofest_aventra_ws/install/ika_gazebo' for CMake config files
[2.795s] Level 1:colcon.colcon_core.shell:create_environment_hook('ika_gazebo', 'cmake_prefix_path')
[2.795s] INFO:colcon.colcon_core.shell:Creating environment hook '/home/sukru/ika_teknofest_aventra_ws/install/ika_gazebo/share/ika_gazebo/hook/cmake_prefix_path.ps1'
[2.795s] INFO:colcon.colcon_core.shell:Creating environment descriptor '/home/sukru/ika_teknofest_aventra_ws/install/ika_gazebo/share/ika_gazebo/hook/cmake_prefix_path.dsv'
[2.796s] INFO:colcon.colcon_core.shell:Creating environment hook '/home/sukru/ika_teknofest_aventra_ws/install/ika_gazebo/share/ika_gazebo/hook/cmake_prefix_path.sh'
[2.796s] Level 1:colcon.colcon_core.environment:checking '/home/sukru/ika_teknofest_aventra_ws/install/ika_gazebo/lib'
[2.796s] Level 1:colcon.colcon_core.environment:checking '/home/sukru/ika_teknofest_aventra_ws/install/ika_gazebo/bin'
[2.796s] Level 1:colcon.colcon_core.environment:checking '/home/sukru/ika_teknofest_aventra_ws/install/ika_gazebo/lib/pkgconfig/ika_gazebo.pc'
[2.796s] Level 1:colcon.colcon_core.environment:checking '/home/sukru/ika_teknofest_aventra_ws/install/ika_gazebo/lib/python3.10/site-packages'
[2.796s] Level 1:colcon.colcon_core.environment:checking '/home/sukru/ika_teknofest_aventra_ws/install/ika_gazebo/bin'
[2.797s] INFO:colcon.colcon_core.shell:Creating package script '/home/sukru/ika_teknofest_aventra_ws/install/ika_gazebo/share/ika_gazebo/package.ps1'
[2.797s] INFO:colcon.colcon_core.shell:Creating package descriptor '/home/sukru/ika_teknofest_aventra_ws/install/ika_gazebo/share/ika_gazebo/package.dsv'
[2.797s] INFO:colcon.colcon_core.shell:Creating package script '/home/sukru/ika_teknofest_aventra_ws/install/ika_gazebo/share/ika_gazebo/package.sh'
[2.797s] INFO:colcon.colcon_core.shell:Creating package script '/home/sukru/ika_teknofest_aventra_ws/install/ika_gazebo/share/ika_gazebo/package.bash'
[2.798s] INFO:colcon.colcon_core.shell:Creating package script '/home/sukru/ika_teknofest_aventra_ws/install/ika_gazebo/share/ika_gazebo/package.zsh'
[2.798s] Level 1:colcon.colcon_core.environment:create_file_with_runtime_dependencies(/home/sukru/ika_teknofest_aventra_ws/install/ika_gazebo/share/colcon-core/packages/ika_gazebo)
[2.799s] INFO:colcon.colcon_ros.task.ament_cmake.build:Building ROS package in '/home/sukru/ika_teknofest_aventra_ws/src/ika_bringup' with build type 'ament_cmake'
[2.799s] INFO:colcon.colcon_cmake.task.cmake.build:Building CMake package in '/home/sukru/ika_teknofest_aventra_ws/src/ika_bringup'
[2.799s] INFO:colcon.colcon_core.shell:Skip shell extension 'powershell' for command environment: Not usable outside of PowerShell
[2.799s] DEBUG:colcon.colcon_core.shell:Skip shell extension 'dsv' for command environment
[2.808s] DEBUG:colcon.colcon_core.event_handler.log_command:Invoking command in '/home/sukru/ika_teknofest_aventra_ws/build/ika_bringup': AMENT_PREFIX_PATH=/home/sukru/ika_teknofest_aventra_ws/install/ika_control:/home/sukru/ika_teknofest_aventra_ws/install/ika_bringup:/home/sukru/ika_teknofest_aventra_ws/install/ika_gazebo:/home/sukru/ika_teknofest_aventra_ws/install/ika_description:/home/sukru/ai_autonomi_ws/install/ika_autonomi:/home/sukru/Desktop/otonom_atis/install/python_pkg:/home/sukru/dev_ws/install/my_package:/home/sukru/dev_ws/install/my_bot:/home/sukru/ros_ws_vacuum_bot/install/vacuum_teleop:/home/sukru/ros_ws_vacuum_bot/install/vacuum_sensors:/home/sukru/ros_ws_vacuum_bot/install/vacuum_navigation:/home/sukru/ros_ws_vacuum_bot/install/vacuum_msgs:/home/sukru/ros_ws_vacuum_bot/install/vacuum_mapping:/home/sukru/ros_ws_vacuum_bot/install/vacuum_description:/home/sukru/ros_ws_vacuum_bot/install/vacuum_control:/home/sukru/ros_ws_vacuum_bot/install/vacuum_bringup:/home/sukru/ros_ws_demo/install/python_pkg:/opt/ros/humble CMAKE_PREFIX_PATH=/home/sukru/ika_teknofest_aventra_ws/install/ika_gazebo:/home/sukru/ika_teknofest_aventra_ws/install/ika_description:/home/sukru/ika_teknofest_aventra_ws/install/ika_bringup:/home/sukru/dev_ws/install/my_package:/home/sukru/dev_ws/install/my_bot:/home/sukru/ika_teknofest_aventra_ws/install/ika_control:/home/sukru/ai_autonomi_ws/install/ika_autonomi:/home/sukru/Desktop/otonom_atis/install/python_pkg:/home/sukru/ros_ws_vacuum_bot/install/vacuum_teleop:/home/sukru/ros_ws_vacuum_bot/install/vacuum_sensors:/home/sukru/ros_ws_vacuum_bot/install/vacuum_navigation:/home/sukru/ros_ws_vacuum_bot/install/vacuum_msgs:/home/sukru/ros_ws_vacuum_bot/install/vacuum_mapping:/home/sukru/ros_ws_vacuum_bot/install/vacuum_description:/home/sukru/ros_ws_vacuum_bot/install/vacuum_control:/home/sukru/ros_ws_vacuum_bot/install/vacuum_bringup:/home/sukru/ros_ws_demo/install/python_pkg:/opt/ros/humble PYTHONPATH=/home/sukru/ika_teknofest_aventra_ws/install/ika_control/lib/python3.10/site-packages:/home/sukru/ika_teknofest_aventra_ws/install/ika_ui_bridge/lib/python3.10/site-packages:/home/sukru/ika_teknofest_aventra_ws/install/ika_targeting/lib/python3.10/site-packages:/home/sukru/ika_teknofest_aventra_ws/install/ika_perception/lib/python3.10/site-packages:/home/sukru/ika_teknofest_aventra_ws/install/ika_navigation/lib/python3.10/site-packages:/home/sukru/ika_teknofest_aventra_ws/install/ika_mission_manager/lib/python3.10/site-packages:/home/sukru/ika_teknofest_aventra_ws/install/ika_localization/lib/python3.10/site-packages:/home/sukru/ika_teknofest_aventra_ws/install/ika_hardware/lib/python3.10/site-packages:/home/sukru/ika_teknofest_aventra_ws/install/ika_data_logger/lib/python3.10/site-packages:/home/sukru/ika_teknofest_aventra_ws/install/ika_behaviors/lib/python3.10/site-packages:/home/sukru/ika_teknofest_aventra_ws/install/ika_sensors/lib/python3.10/site-packages:/home/sukru/ika_teknofest_aventra_ws/install/ika_msgs/local/lib/python3.10/dist-packages:/home/sukru/ai_autonomi_ws/install/ika_autonomi/lib/python3.10/site-packages:/home/sukru/Desktop/otonom_atis/build/python_pkg:/home/sukru/Desktop/otonom_atis/install/python_pkg/lib/python3.10/site-packages:/home/sukru/ros_ws_vacuum_bot/install/vacuum_teleop/lib/python3.10/site-packages:/home/sukru/ros_ws_vacuum_bot/install/vacuum_sensors/lib/python3.10/site-packages:/home/sukru/ros_ws_vacuum_bot/install/vacuum_navigation/lib/python3.10/site-packages:/home/sukru/ros_ws_vacuum_bot/install/vacuum_msgs/lib/python3.10/site-packages:/home/sukru/ros_ws_vacuum_bot/install/vacuum_mapping/lib/python3.10/site-packages:/home/sukru/ros_ws_vacuum_bot/install/vacuum_description/lib/python3.10/site-packages:/home/sukru/ros_ws_vacuum_bot/install/vacuum_control/lib/python3.10/site-packages:/home/sukru/ros_ws_vacuum_bot/install/vacuum_bringup/lib/python3.10/site-packages:/home/sukru/ros_ws_demo/install/python_pkg/lib/python3.10/site-packages:/opt/ros/humble/lib/python3.10/site-packages:/opt/ros/humble/local/lib/python3.10/dist-packages /usr/bin/cmake --build /home/sukru/ika_teknofest_aventra_ws/build/ika_bringup -- -j12 -l12
[2.841s] DEBUG:colcon.colcon_core.event_handler.log_command:Invoked command in '/home/sukru/ika_teknofest_aventra_ws/build/ika_bringup' returned '0': AMENT_PREFIX_PATH=/home/sukru/ika_teknofest_aventra_ws/install/ika_control:/home/sukru/ika_teknofest_aventra_ws/install/ika_bringup:/home/sukru/ika_teknofest_aventra_ws/install/ika_gazebo:/home/sukru/ika_teknofest_aventra_ws/install/ika_description:/home/sukru/ai_autonomi_ws/install/ika_autonomi:/home/sukru/Desktop/otonom_atis/install/python_pkg:/home/sukru/dev_ws/install/my_package:/home/sukru/dev_ws/install/my_bot:/home/sukru/ros_ws_vacuum_bot/install/vacuum_teleop:/home/sukru/ros_ws_vacuum_bot/install/vacuum_sensors:/home/sukru/ros_ws_vacuum_bot/install/vacuum_navigation:/home/sukru/ros_ws_vacuum_bot/install/vacuum_msgs:/home/sukru/ros_ws_vacuum_bot/install/vacuum_mapping:/home/sukru/ros_ws_vacuum_bot/install/vacuum_description:/home/sukru/ros_ws_vacuum_bot/install/vacuum_control:/home/sukru/ros_ws_vacuum_bot/install/vacuum_bringup:/home/sukru/ros_ws_demo/install/python_pkg:/opt/ros/humble CMAKE_PREFIX_PATH=/home/sukru/ika_teknofest_aventra_ws/install/ika_gazebo:/home/sukru/ika_teknofest_aventra_ws/install/ika_description:/home/sukru/ika_teknofest_aventra_ws/install/ika_bringup:/home/sukru/dev_ws/install/my_package:/home/sukru/dev_ws/install/my_bot:/home/sukru/ika_teknofest_aventra_ws/install/ika_control:/home/sukru/ai_autonomi_ws/install/ika_autonomi:/home/sukru/Desktop/otonom_atis/install/python_pkg:/home/sukru/ros_ws_vacuum_bot/install/vacuum_teleop:/home/sukru/ros_ws_vacuum_bot/install/vacuum_sensors:/home/sukru/ros_ws_vacuum_bot/install/vacuum_navigation:/home/sukru/ros_ws_vacuum_bot/install/vacuum_msgs:/home/sukru/ros_ws_vacuum_bot/install/vacuum_mapping:/home/sukru/ros_ws_vacuum_bot/install/vacuum_description:/home/sukru/ros_ws_vacuum_bot/install/vacuum_control:/home/sukru/ros_ws_vacuum_bot/install/vacuum_bringup:/home/sukru/ros_ws_demo/install/python_pkg:/opt/ros/humble PYTHONPATH=/home/sukru/ika_teknofest_aventra_ws/install/ika_control/lib/python3.10/site-packages:/home/sukru/ika_teknofest_aventra_ws/install/ika_ui_bridge/lib/python3.10/site-packages:/home/sukru/ika_teknofest_aventra_ws/install/ika_targeting/lib/python3.10/site-packages:/home/sukru/ika_teknofest_aventra_ws/install/ika_perception/lib/python3.10/site-packages:/home/sukru/ika_teknofest_aventra_ws/install/ika_navigation/lib/python3.10/site-packages:/home/sukru/ika_teknofest_aventra_ws/install/ika_mission_manager/lib/python3.10/site-packages:/home/sukru/ika_teknofest_aventra_ws/install/ika_localization/lib/python3.10/site-packages:/home/sukru/ika_teknofest_aventra_ws/install/ika_hardware/lib/python3.10/site-packages:/home/sukru/ika_teknofest_aventra_ws/install/ika_data_logger/lib/python3.10/site-packages:/home/sukru/ika_teknofest_aventra_ws/install/ika_behaviors/lib/python3.10/site-packages:/home/sukru/ika_teknofest_aventra_ws/install/ika_sensors/lib/python3.10/site-packages:/home/sukru/ika_teknofest_aventra_ws/install/ika_msgs/local/lib/python3.10/dist-packages:/home/sukru/ai_autonomi_ws/install/ika_autonomi/lib/python3.10/site-packages:/home/sukru/Desktop/otonom_atis/build/python_pkg:/home/sukru/Desktop/otonom_atis/install/python_pkg/lib/python3.10/site-packages:/home/sukru/ros_ws_vacuum_bot/install/vacuum_teleop/lib/python3.10/site-packages:/home/sukru/ros_ws_vacuum_bot/install/vacuum_sensors/lib/python3.10/site-packages:/home/sukru/ros_ws_vacuum_bot/install/vacuum_navigation/lib/python3.10/site-packages:/home/sukru/ros_ws_vacuum_bot/install/vacuum_msgs/lib/python3.10/site-packages:/home/sukru/ros_ws_vacuum_bot/install/vacuum_mapping/lib/python3.10/site-packages:/home/sukru/ros_ws_vacuum_bot/install/vacuum_description/lib/python3.10/site-packages:/home/sukru/ros_ws_vacuum_bot/install/vacuum_control/lib/python3.10/site-packages:/home/sukru/ros_ws_vacuum_bot/install/vacuum_bringup/lib/python3.10/site-packages:/home/sukru/ros_ws_demo/install/python_pkg/lib/python3.10/site-packages:/opt/ros/humble/lib/python3.10/site-packages:/opt/ros/humble/local/lib/python3.10/dist-packages /usr/bin/cmake --build /home/sukru/ika_teknofest_aventra_ws/build/ika_bringup -- -j12 -l12
[2.842s] DEBUG:colcon.colcon_core.event_handler.log_command:Invoking command in '/home/sukru/ika_teknofest_aventra_ws/build/ika_bringup': AMENT_PREFIX_PATH=/home/sukru/ika_teknofest_aventra_ws/install/ika_control:/home/sukru/ika_teknofest_aventra_ws/install/ika_bringup:/home/sukru/ika_teknofest_aventra_ws/install/ika_gazebo:/home/sukru/ika_teknofest_aventra_ws/install/ika_description:/home/sukru/ai_autonomi_ws/install/ika_autonomi:/home/sukru/Desktop/otonom_atis/install/python_pkg:/home/sukru/dev_ws/install/my_package:/home/sukru/dev_ws/install/my_bot:/home/sukru/ros_ws_vacuum_bot/install/vacuum_teleop:/home/sukru/ros_ws_vacuum_bot/install/vacuum_sensors:/home/sukru/ros_ws_vacuum_bot/install/vacuum_navigation:/home/sukru/ros_ws_vacuum_bot/install/vacuum_msgs:/home/sukru/ros_ws_vacuum_bot/install/vacuum_mapping:/home/sukru/ros_ws_vacuum_bot/install/vacuum_description:/home/sukru/ros_ws_vacuum_bot/install/vacuum_control:/home/sukru/ros_ws_vacuum_bot/install/vacuum_bringup:/home/sukru/ros_ws_demo/install/python_pkg:/opt/ros/humble CMAKE_PREFIX_PATH=/home/sukru/ika_teknofest_aventra_ws/install/ika_gazebo:/home/sukru/ika_teknofest_aventra_ws/install/ika_description:/home/sukru/ika_teknofest_aventra_ws/install/ika_bringup:/home/sukru/dev_ws/install/my_package:/home/sukru/dev_ws/install/my_bot:/home/sukru/ika_teknofest_aventra_ws/install/ika_control:/home/sukru/ai_autonomi_ws/install/ika_autonomi:/home/sukru/Desktop/otonom_atis/install/python_pkg:/home/sukru/ros_ws_vacuum_bot/install/vacuum_teleop:/home/sukru/ros_ws_vacuum_bot/install/vacuum_sensors:/home/sukru/ros_ws_vacuum_bot/install/vacuum_navigation:/home/sukru/ros_ws_vacuum_bot/install/vacuum_msgs:/home/sukru/ros_ws_vacuum_bot/install/vacuum_mapping:/home/sukru/ros_ws_vacuum_bot/install/vacuum_description:/home/sukru/ros_ws_vacuum_bot/install/vacuum_control:/home/sukru/ros_ws_vacuum_bot/install/vacuum_bringup:/home/sukru/ros_ws_demo/install/python_pkg:/opt/ros/humble PYTHONPATH=/home/sukru/ika_teknofest_aventra_ws/install/ika_control/lib/python3.10/site-packages:/home/sukru/ika_teknofest_aventra_ws/install/ika_ui_bridge/lib/python3.10/site-packages:/home/sukru/ika_teknofest_aventra_ws/install/ika_targeting/lib/python3.10/site-packages:/home/sukru/ika_teknofest_aventra_ws/install/ika_perception/lib/python3.10/site-packages:/home/sukru/ika_teknofest_aventra_ws/install/ika_navigation/lib/python3.10/site-packages:/home/sukru/ika_teknofest_aventra_ws/install/ika_mission_manager/lib/python3.10/site-packages:/home/sukru/ika_teknofest_aventra_ws/install/ika_localization/lib/python3.10/site-packages:/home/sukru/ika_teknofest_aventra_ws/install/ika_hardware/lib/python3.10/site-packages:/home/sukru/ika_teknofest_aventra_ws/install/ika_data_logger/lib/python3.10/site-packages:/home/sukru/ika_teknofest_aventra_ws/install/ika_behaviors/lib/python3.10/site-packages:/home/sukru/ika_teknofest_aventra_ws/install/ika_sensors/lib/python3.10/site-packages:/home/sukru/ika_teknofest_aventra_ws/install/ika_msgs/local/lib/python3.10/dist-packages:/home/sukru/ai_autonomi_ws/install/ika_autonomi/lib/python3.10/site-packages:/home/sukru/Desktop/otonom_atis/build/python_pkg:/home/sukru/Desktop/otonom_atis/install/python_pkg/lib/python3.10/site-packages:/home/sukru/ros_ws_vacuum_bot/install/vacuum_teleop/lib/python3.10/site-packages:/home/sukru/ros_ws_vacuum_bot/install/vacuum_sensors/lib/python3.10/site-packages:/home/sukru/ros_ws_vacuum_bot/install/vacuum_navigation/lib/python3.10/site-packages:/home/sukru/ros_ws_vacuum_bot/install/vacuum_msgs/lib/python3.10/site-packages:/home/sukru/ros_ws_vacuum_bot/install/vacuum_mapping/lib/python3.10/site-packages:/home/sukru/ros_ws_vacuum_bot/install/vacuum_description/lib/python3.10/site-packages:/home/sukru/ros_ws_vacuum_bot/install/vacuum_control/lib/python3.10/site-packages:/home/sukru/ros_ws_vacuum_bot/install/vacuum_bringup/lib/python3.10/site-packages:/home/sukru/ros_ws_demo/install/python_pkg/lib/python3.10/site-packages:/opt/ros/humble/lib/python3.10/site-packages:/opt/ros/humble/local/lib/python3.10/dist-packages /usr/bin/cmake --install /home/sukru/ika_teknofest_aventra_ws/build/ika_bringup
[2.847s] Level 1:colcon.colcon_core.environment:create_environment_scripts_only(ika_bringup)
[2.847s] Level 1:colcon.colcon_core.environment:checking '/home/sukru/ika_teknofest_aventra_ws/install/ika_bringup' for CMake module files
[2.848s] Level 1:colcon.colcon_core.environment:checking '/home/sukru/ika_teknofest_aventra_ws/install/ika_bringup' for CMake config files
[2.848s] Level 1:colcon.colcon_core.shell:create_environment_hook('ika_bringup', 'cmake_prefix_path')
[2.848s] INFO:colcon.colcon_core.shell:Creating environment hook '/home/sukru/ika_teknofest_aventra_ws/install/ika_bringup/share/ika_bringup/hook/cmake_prefix_path.ps1'
[2.848s] INFO:colcon.colcon_core.shell:Creating environment descriptor '/home/sukru/ika_teknofest_aventra_ws/install/ika_bringup/share/ika_bringup/hook/cmake_prefix_path.dsv'
[2.849s] INFO:colcon.colcon_core.shell:Creating environment hook '/home/sukru/ika_teknofest_aventra_ws/install/ika_bringup/share/ika_bringup/hook/cmake_prefix_path.sh'
[2.849s] Level 1:colcon.colcon_core.environment:checking '/home/sukru/ika_teknofest_aventra_ws/install/ika_bringup/bin'
[2.849s] Level 1:colcon.colcon_core.environment:checking '/home/sukru/ika_teknofest_aventra_ws/install/ika_bringup/lib/pkgconfig/ika_bringup.pc'
[2.849s] Level 1:colcon.colcon_core.environment:checking '/home/sukru/ika_teknofest_aventra_ws/install/ika_bringup/lib/python3.10/site-packages'
[2.849s] Level 1:colcon.colcon_core.environment:checking '/home/sukru/ika_teknofest_aventra_ws/install/ika_bringup/bin'
[2.850s] INFO:colcon.colcon_core.shell:Creating package script '/home/sukru/ika_teknofest_aventra_ws/install/ika_bringup/share/ika_bringup/package.ps1'
[2.850s] INFO:colcon.colcon_core.shell:Creating package descriptor '/home/sukru/ika_teknofest_aventra_ws/install/ika_bringup/share/ika_bringup/package.dsv'
[2.850s] INFO:colcon.colcon_core.shell:Creating package script '/home/sukru/ika_teknofest_aventra_ws/install/ika_bringup/share/ika_bringup/package.sh'
[2.850s] INFO:colcon.colcon_core.shell:Creating package script '/home/sukru/ika_teknofest_aventra_ws/install/ika_bringup/share/ika_bringup/package.bash'
[2.851s] INFO:colcon.colcon_core.shell:Creating package script '/home/sukru/ika_teknofest_aventra_ws/install/ika_bringup/share/ika_bringup/package.zsh'
[2.851s] Level 1:colcon.colcon_core.environment:create_file_with_runtime_dependencies(/home/sukru/ika_teknofest_aventra_ws/install/ika_bringup/share/colcon-core/packages/ika_bringup)
[2.851s] Level 1:colcon.colcon_core.environment:create_environment_scripts_only(ika_bringup)
[2.851s] Level 1:colcon.colcon_core.environment:checking '/home/sukru/ika_teknofest_aventra_ws/install/ika_bringup' for CMake module files
[2.851s] Level 1:colcon.colcon_core.environment:checking '/home/sukru/ika_teknofest_aventra_ws/install/ika_bringup' for CMake config files
[2.852s] Level 1:colcon.colcon_core.shell:create_environment_hook('ika_bringup', 'cmake_prefix_path')
[2.852s] INFO:colcon.colcon_core.shell:Creating environment hook '/home/sukru/ika_teknofest_aventra_ws/install/ika_bringup/share/ika_bringup/hook/cmake_prefix_path.ps1'
[2.852s] INFO:colcon.colcon_core.shell:Creating environment descriptor '/home/sukru/ika_teknofest_aventra_ws/install/ika_bringup/share/ika_bringup/hook/cmake_prefix_path.dsv'
[2.852s] INFO:colcon.colcon_core.shell:Creating environment hook '/home/sukru/ika_teknofest_aventra_ws/install/ika_bringup/share/ika_bringup/hook/cmake_prefix_path.sh'
[2.852s] Level 1:colcon.colcon_core.environment:checking '/home/sukru/ika_teknofest_aventra_ws/install/ika_bringup/bin'
[2.853s] Level 1:colcon.colcon_core.environment:checking '/home/sukru/ika_teknofest_aventra_ws/install/ika_bringup/lib/pkgconfig/ika_bringup.pc'
[2.853s] Level 1:colcon.colcon_core.environment:checking '/home/sukru/ika_teknofest_aventra_ws/install/ika_bringup/lib/python3.10/site-packages'
[2.853s] Level 1:colcon.colcon_core.environment:checking '/home/sukru/ika_teknofest_aventra_ws/install/ika_bringup/bin'
[2.853s] INFO:colcon.colcon_core.shell:Creating package script '/home/sukru/ika_teknofest_aventra_ws/install/ika_bringup/share/ika_bringup/package.ps1'
[2.853s] INFO:colcon.colcon_core.shell:Creating package descriptor '/home/sukru/ika_teknofest_aventra_ws/install/ika_bringup/share/ika_bringup/package.dsv'
[2.854s] DEBUG:colcon.colcon_core.event_handler.log_command:Invoked command in '/home/sukru/ika_teknofest_aventra_ws/build/ika_bringup' returned '0': AMENT_PREFIX_PATH=/home/sukru/ika_teknofest_aventra_ws/install/ika_control:/home/sukru/ika_teknofest_aventra_ws/install/ika_bringup:/home/sukru/ika_teknofest_aventra_ws/install/ika_gazebo:/home/sukru/ika_teknofest_aventra_ws/install/ika_description:/home/sukru/ai_autonomi_ws/install/ika_autonomi:/home/sukru/Desktop/otonom_atis/install/python_pkg:/home/sukru/dev_ws/install/my_package:/home/sukru/dev_ws/install/my_bot:/home/sukru/ros_ws_vacuum_bot/install/vacuum_teleop:/home/sukru/ros_ws_vacuum_bot/install/vacuum_sensors:/home/sukru/ros_ws_vacuum_bot/install/vacuum_navigation:/home/sukru/ros_ws_vacuum_bot/install/vacuum_msgs:/home/sukru/ros_ws_vacuum_bot/install/vacuum_mapping:/home/sukru/ros_ws_vacuum_bot/install/vacuum_description:/home/sukru/ros_ws_vacuum_bot/install/vacuum_control:/home/sukru/ros_ws_vacuum_bot/install/vacuum_bringup:/home/sukru/ros_ws_demo/install/python_pkg:/opt/ros/humble CMAKE_PREFIX_PATH=/home/sukru/ika_teknofest_aventra_ws/install/ika_gazebo:/home/sukru/ika_teknofest_aventra_ws/install/ika_description:/home/sukru/ika_teknofest_aventra_ws/install/ika_bringup:/home/sukru/dev_ws/install/my_package:/home/sukru/dev_ws/install/my_bot:/home/sukru/ika_teknofest_aventra_ws/install/ika_control:/home/sukru/ai_autonomi_ws/install/ika_autonomi:/home/sukru/Desktop/otonom_atis/install/python_pkg:/home/sukru/ros_ws_vacuum_bot/install/vacuum_teleop:/home/sukru/ros_ws_vacuum_bot/install/vacuum_sensors:/home/sukru/ros_ws_vacuum_bot/install/vacuum_navigation:/home/sukru/ros_ws_vacuum_bot/install/vacuum_msgs:/home/sukru/ros_ws_vacuum_bot/install/vacuum_mapping:/home/sukru/ros_ws_vacuum_bot/install/vacuum_description:/home/sukru/ros_ws_vacuum_bot/install/vacuum_control:/home/sukru/ros_ws_vacuum_bot/install/vacuum_bringup:/home/sukru/ros_ws_demo/install/python_pkg:/opt/ros/humble PYTHONPATH=/home/sukru/ika_teknofest_aventra_ws/install/ika_control/lib/python3.10/site-packages:/home/sukru/ika_teknofest_aventra_ws/install/ika_ui_bridge/lib/python3.10/site-packages:/home/sukru/ika_teknofest_aventra_ws/install/ika_targeting/lib/python3.10/site-packages:/home/sukru/ika_teknofest_aventra_ws/install/ika_perception/lib/python3.10/site-packages:/home/sukru/ika_teknofest_aventra_ws/install/ika_navigation/lib/python3.10/site-packages:/home/sukru/ika_teknofest_aventra_ws/install/ika_mission_manager/lib/python3.10/site-packages:/home/sukru/ika_teknofest_aventra_ws/install/ika_localization/lib/python3.10/site-packages:/home/sukru/ika_teknofest_aventra_ws/install/ika_hardware/lib/python3.10/site-packages:/home/sukru/ika_teknofest_aventra_ws/install/ika_data_logger/lib/python3.10/site-packages:/home/sukru/ika_teknofest_aventra_ws/install/ika_behaviors/lib/python3.10/site-packages:/home/sukru/ika_teknofest_aventra_ws/install/ika_sensors/lib/python3.10/site-packages:/home/sukru/ika_teknofest_aventra_ws/install/ika_msgs/local/lib/python3.10/dist-packages:/home/sukru/ai_autonomi_ws/install/ika_autonomi/lib/python3.10/site-packages:/home/sukru/Desktop/otonom_atis/build/python_pkg:/home/sukru/Desktop/otonom_atis/install/python_pkg/lib/python3.10/site-packages:/home/sukru/ros_ws_vacuum_bot/install/vacuum_teleop/lib/python3.10/site-packages:/home/sukru/ros_ws_vacuum_bot/install/vacuum_sensors/lib/python3.10/site-packages:/home/sukru/ros_ws_vacuum_bot/install/vacuum_navigation/lib/python3.10/site-packages:/home/sukru/ros_ws_vacuum_bot/install/vacuum_msgs/lib/python3.10/site-packages:/home/sukru/ros_ws_vacuum_bot/install/vacuum_mapping/lib/python3.10/site-packages:/home/sukru/ros_ws_vacuum_bot/install/vacuum_description/lib/python3.10/site-packages:/home/sukru/ros_ws_vacuum_bot/install/vacuum_control/lib/python3.10/site-packages:/home/sukru/ros_ws_vacuum_bot/install/vacuum_bringup/lib/python3.10/site-packages:/home/sukru/ros_ws_demo/install/python_pkg/lib/python3.10/site-packages:/opt/ros/humble/lib/python3.10/site-packages:/opt/ros/humble/local/lib/python3.10/dist-packages /usr/bin/cmake --install /home/sukru/ika_teknofest_aventra_ws/build/ika_bringup
[2.854s] INFO:colcon.colcon_core.shell:Creating package script '/home/sukru/ika_teknofest_aventra_ws/install/ika_bringup/share/ika_bringup/package.sh'
[2.854s] INFO:colcon.colcon_core.shell:Creating package script '/home/sukru/ika_teknofest_aventra_ws/install/ika_bringup/share/ika_bringup/package.bash'
[2.855s] INFO:colcon.colcon_core.shell:Creating package script '/home/sukru/ika_teknofest_aventra_ws/install/ika_bringup/share/ika_bringup/package.zsh'
[2.855s] Level 1:colcon.colcon_core.environment:create_file_with_runtime_dependencies(/home/sukru/ika_teknofest_aventra_ws/install/ika_bringup/share/colcon-core/packages/ika_bringup)
[4.929s] DEBUG:colcon.colcon_core.event_handler.log_command:Invoked command in '/home/sukru/ika_teknofest_aventra_ws/build/ika_msgs' returned '0': CMAKE_PREFIX_PATH=${CMAKE_PREFIX_PATH}:/home/sukru/ika_teknofest_aventra_ws/install/ika_control:/home/sukru/ai_autonomi_ws/install/ika_autonomi:/home/sukru/Desktop/otonom_atis/install/python_pkg:/home/sukru/ros_ws_vacuum_bot/install/vacuum_teleop:/home/sukru/ros_ws_vacuum_bot/install/vacuum_sensors:/home/sukru/ros_ws_vacuum_bot/install/vacuum_navigation:/home/sukru/ros_ws_vacuum_bot/install/vacuum_msgs:/home/sukru/ros_ws_vacuum_bot/install/vacuum_mapping:/home/sukru/ros_ws_vacuum_bot/install/vacuum_description:/home/sukru/ros_ws_vacuum_bot/install/vacuum_control:/home/sukru/ros_ws_vacuum_bot/install/vacuum_bringup:/home/sukru/ros_ws_demo/install/python_pkg:/opt/ros/humble /usr/bin/cmake --build /home/sukru/ika_teknofest_aventra_ws/build/ika_msgs -- -j12 -l12
[4.930s] DEBUG:colcon.colcon_core.event_handler.log_command:Invoking command in '/home/sukru/ika_teknofest_aventra_ws/build/ika_msgs': CMAKE_PREFIX_PATH=${CMAKE_PREFIX_PATH}:/home/sukru/ika_teknofest_aventra_ws/install/ika_control:/home/sukru/ai_autonomi_ws/install/ika_autonomi:/home/sukru/Desktop/otonom_atis/install/python_pkg:/home/sukru/ros_ws_vacuum_bot/install/vacuum_teleop:/home/sukru/ros_ws_vacuum_bot/install/vacuum_sensors:/home/sukru/ros_ws_vacuum_bot/install/vacuum_navigation:/home/sukru/ros_ws_vacuum_bot/install/vacuum_msgs:/home/sukru/ros_ws_vacuum_bot/install/vacuum_mapping:/home/sukru/ros_ws_vacuum_bot/install/vacuum_description:/home/sukru/ros_ws_vacuum_bot/install/vacuum_control:/home/sukru/ros_ws_vacuum_bot/install/vacuum_bringup:/home/sukru/ros_ws_demo/install/python_pkg:/opt/ros/humble /usr/bin/cmake --install /home/sukru/ika_teknofest_aventra_ws/build/ika_msgs
[4.994s] Level 1:colcon.colcon_core.environment:create_environment_scripts_only(ika_msgs)
[4.994s] Level 1:colcon.colcon_core.environment:checking '/home/sukru/ika_teknofest_aventra_ws/install/ika_msgs' for CMake module files
[4.994s] DEBUG:colcon.colcon_core.event_handler.log_command:Invoked command in '/home/sukru/ika_teknofest_aventra_ws/build/ika_msgs' returned '0': CMAKE_PREFIX_PATH=${CMAKE_PREFIX_PATH}:/home/sukru/ika_teknofest_aventra_ws/install/ika_control:/home/sukru/ai_autonomi_ws/install/ika_autonomi:/home/sukru/Desktop/otonom_atis/install/python_pkg:/home/sukru/ros_ws_vacuum_bot/install/vacuum_teleop:/home/sukru/ros_ws_vacuum_bot/install/vacuum_sensors:/home/sukru/ros_ws_vacuum_bot/install/vacuum_navigation:/home/sukru/ros_ws_vacuum_bot/install/vacuum_msgs:/home/sukru/ros_ws_vacuum_bot/install/vacuum_mapping:/home/sukru/ros_ws_vacuum_bot/install/vacuum_description:/home/sukru/ros_ws_vacuum_bot/install/vacuum_control:/home/sukru/ros_ws_vacuum_bot/install/vacuum_bringup:/home/sukru/ros_ws_demo/install/python_pkg:/opt/ros/humble /usr/bin/cmake --install /home/sukru/ika_teknofest_aventra_ws/build/ika_msgs
[4.995s] Level 1:colcon.colcon_core.environment:checking '/home/sukru/ika_teknofest_aventra_ws/install/ika_msgs' for CMake config files
[4.995s] Level 1:colcon.colcon_core.shell:create_environment_hook('ika_msgs', 'cmake_prefix_path')
[4.995s] INFO:colcon.colcon_core.shell:Creating environment hook '/home/sukru/ika_teknofest_aventra_ws/install/ika_msgs/share/ika_msgs/hook/cmake_prefix_path.ps1'
[4.995s] INFO:colcon.colcon_core.shell:Creating environment descriptor '/home/sukru/ika_teknofest_aventra_ws/install/ika_msgs/share/ika_msgs/hook/cmake_prefix_path.dsv'
[4.996s] INFO:colcon.colcon_core.shell:Creating environment hook '/home/sukru/ika_teknofest_aventra_ws/install/ika_msgs/share/ika_msgs/hook/cmake_prefix_path.sh'
[4.996s] Level 1:colcon.colcon_core.environment:checking '/home/sukru/ika_teknofest_aventra_ws/install/ika_msgs/lib'
[4.996s] Level 1:colcon.colcon_core.shell:create_environment_hook('ika_msgs', 'ld_library_path_lib')
[4.996s] INFO:colcon.colcon_core.shell:Creating environment hook '/home/sukru/ika_teknofest_aventra_ws/install/ika_msgs/share/ika_msgs/hook/ld_library_path_lib.ps1'
[4.996s] INFO:colcon.colcon_core.shell:Creating environment descriptor '/home/sukru/ika_teknofest_aventra_ws/install/ika_msgs/share/ika_msgs/hook/ld_library_path_lib.dsv'
[4.996s] INFO:colcon.colcon_core.shell:Creating environment hook '/home/sukru/ika_teknofest_aventra_ws/install/ika_msgs/share/ika_msgs/hook/ld_library_path_lib.sh'
[4.997s] Level 1:colcon.colcon_core.environment:checking '/home/sukru/ika_teknofest_aventra_ws/install/ika_msgs/bin'
[4.997s] Level 1:colcon.colcon_core.environment:checking '/home/sukru/ika_teknofest_aventra_ws/install/ika_msgs/lib/pkgconfig/ika_msgs.pc'
[4.997s] Level 1:colcon.colcon_core.environment:checking '/home/sukru/ika_teknofest_aventra_ws/install/ika_msgs/lib/python3.10/site-packages'
[4.997s] Level 1:colcon.colcon_core.environment:checking '/home/sukru/ika_teknofest_aventra_ws/install/ika_msgs/bin'
[4.997s] INFO:colcon.colcon_core.shell:Creating package script '/home/sukru/ika_teknofest_aventra_ws/install/ika_msgs/share/ika_msgs/package.ps1'
[4.997s] INFO:colcon.colcon_core.shell:Creating package descriptor '/home/sukru/ika_teknofest_aventra_ws/install/ika_msgs/share/ika_msgs/package.dsv'
[4.997s] INFO:colcon.colcon_core.shell:Creating package script '/home/sukru/ika_teknofest_aventra_ws/install/ika_msgs/share/ika_msgs/package.sh'
[4.998s] INFO:colcon.colcon_core.shell:Creating package script '/home/sukru/ika_teknofest_aventra_ws/install/ika_msgs/share/ika_msgs/package.bash'
[4.998s] INFO:colcon.colcon_core.shell:Creating package script '/home/sukru/ika_teknofest_aventra_ws/install/ika_msgs/share/ika_msgs/package.zsh'
[4.998s] Level 1:colcon.colcon_core.environment:create_file_with_runtime_dependencies(/home/sukru/ika_teknofest_aventra_ws/install/ika_msgs/share/colcon-core/packages/ika_msgs)
[4.998s] Level 1:colcon.colcon_core.environment:create_environment_scripts_only(ika_msgs)
[4.998s] Level 1:colcon.colcon_core.environment:checking '/home/sukru/ika_teknofest_aventra_ws/install/ika_msgs' for CMake module files
[4.999s] Level 1:colcon.colcon_core.environment:checking '/home/sukru/ika_teknofest_aventra_ws/install/ika_msgs' for CMake config files
[4.999s] Level 1:colcon.colcon_core.shell:create_environment_hook('ika_msgs', 'cmake_prefix_path')
[4.999s] INFO:colcon.colcon_core.shell:Creating environment hook '/home/sukru/ika_teknofest_aventra_ws/install/ika_msgs/share/ika_msgs/hook/cmake_prefix_path.ps1'
[4.999s] INFO:colcon.colcon_core.shell:Creating environment descriptor '/home/sukru/ika_teknofest_aventra_ws/install/ika_msgs/share/ika_msgs/hook/cmake_prefix_path.dsv'
[4.999s] INFO:colcon.colcon_core.shell:Creating environment hook '/home/sukru/ika_teknofest_aventra_ws/install/ika_msgs/share/ika_msgs/hook/cmake_prefix_path.sh'
[5.000s] Level 1:colcon.colcon_core.environment:checking '/home/sukru/ika_teknofest_aventra_ws/install/ika_msgs/lib'
[5.000s] Level 1:colcon.colcon_core.shell:create_environment_hook('ika_msgs', 'ld_library_path_lib')
[5.000s] INFO:colcon.colcon_core.shell:Creating environment hook '/home/sukru/ika_teknofest_aventra_ws/install/ika_msgs/share/ika_msgs/hook/ld_library_path_lib.ps1'
[5.000s] INFO:colcon.colcon_core.shell:Creating environment descriptor '/home/sukru/ika_teknofest_aventra_ws/install/ika_msgs/share/ika_msgs/hook/ld_library_path_lib.dsv'
[5.000s] INFO:colcon.colcon_core.shell:Creating environment hook '/home/sukru/ika_teknofest_aventra_ws/install/ika_msgs/share/ika_msgs/hook/ld_library_path_lib.sh'
[5.000s] Level 1:colcon.colcon_core.environment:checking '/home/sukru/ika_teknofest_aventra_ws/install/ika_msgs/bin'
[5.000s] Level 1:colcon.colcon_core.environment:checking '/home/sukru/ika_teknofest_aventra_ws/install/ika_msgs/lib/pkgconfig/ika_msgs.pc'
[5.000s] Level 1:colcon.colcon_core.environment:checking '/home/sukru/ika_teknofest_aventra_ws/install/ika_msgs/lib/python3.10/site-packages'
[5.001s] Level 1:colcon.colcon_core.environment:checking '/home/sukru/ika_teknofest_aventra_ws/install/ika_msgs/bin'
[5.001s] INFO:colcon.colcon_core.shell:Creating package script '/home/sukru/ika_teknofest_aventra_ws/install/ika_msgs/share/ika_msgs/package.ps1'
[5.001s] INFO:colcon.colcon_core.shell:Creating package descriptor '/home/sukru/ika_teknofest_aventra_ws/install/ika_msgs/share/ika_msgs/package.dsv'
[5.001s] INFO:colcon.colcon_core.shell:Creating package script '/home/sukru/ika_teknofest_aventra_ws/install/ika_msgs/share/ika_msgs/package.sh'
[5.001s] INFO:colcon.colcon_core.shell:Creating package script '/home/sukru/ika_teknofest_aventra_ws/install/ika_msgs/share/ika_msgs/package.bash'
[5.002s] INFO:colcon.colcon_core.shell:Creating package script '/home/sukru/ika_teknofest_aventra_ws/install/ika_msgs/share/ika_msgs/package.zsh'
[5.002s] Level 1:colcon.colcon_core.environment:create_file_with_runtime_dependencies(/home/sukru/ika_teknofest_aventra_ws/install/ika_msgs/share/colcon-core/packages/ika_msgs)
[5.002s] INFO:colcon.colcon_ros.task.ament_python.build:Building ROS package in '/home/sukru/ika_teknofest_aventra_ws/src/ika_sensors' with build type 'ament_python'
[5.002s] Level 1:colcon.colcon_core.shell:create_environment_hook('ika_sensors', 'ament_prefix_path')
[5.002s] INFO:colcon.colcon_core.shell:Creating environment hook '/home/sukru/ika_teknofest_aventra_ws/install/ika_sensors/share/ika_sensors/hook/ament_prefix_path.ps1'
[5.003s] INFO:colcon.colcon_core.shell:Creating environment descriptor '/home/sukru/ika_teknofest_aventra_ws/install/ika_sensors/share/ika_sensors/hook/ament_prefix_path.dsv'
[5.003s] INFO:colcon.colcon_core.shell:Creating environment hook '/home/sukru/ika_teknofest_aventra_ws/install/ika_sensors/share/ika_sensors/hook/ament_prefix_path.sh'
[5.003s] INFO:colcon.colcon_core.shell:Skip shell extension 'powershell' for command environment: Not usable outside of PowerShell
[5.003s] DEBUG:colcon.colcon_core.shell:Skip shell extension 'dsv' for command environment
[5.171s] INFO:colcon.colcon_core.task.python.build:Building Python package in '/home/sukru/ika_teknofest_aventra_ws/src/ika_sensors'
[5.171s] INFO:colcon.colcon_core.shell:Skip shell extension 'powershell' for command environment: Not usable outside of PowerShell
[5.171s] DEBUG:colcon.colcon_core.shell:Skip shell extension 'dsv' for command environment
[5.407s] DEBUG:colcon.colcon_core.event_handler.log_command:Invoking command in '/home/sukru/ika_teknofest_aventra_ws/src/ika_sensors': AMENT_PREFIX_PATH=/home/sukru/ika_teknofest_aventra_ws/install/ika_msgs:${AMENT_PREFIX_PATH} CMAKE_PREFIX_PATH=/home/sukru/ika_teknofest_aventra_ws/install/ika_msgs:${CMAKE_PREFIX_PATH} PYTHONPATH=/home/sukru/ika_teknofest_aventra_ws/build/ika_sensors/prefix_override:/usr/lib/python3/dist-packages/colcon_core/task/python/colcon_distutils_commands:/home/sukru/ika_teknofest_aventra_ws/install/ika_sensors/lib/python3.10/site-packages:${PYTHONPATH} /usr/bin/python3 -W ignore:setup.py install is deprecated -W ignore:easy_install command is deprecated setup.py egg_info --egg-base ../../build/ika_sensors build --build-base /home/sukru/ika_teknofest_aventra_ws/build/ika_sensors/build install --record /home/sukru/ika_teknofest_aventra_ws/build/ika_sensors/install.log --single-version-externally-managed install_data
[5.618s] Level 1:colcon.colcon_core.environment:checking '/home/sukru/ika_teknofest_aventra_ws/install/ika_sensors' for CMake module files
[5.618s] DEBUG:colcon.colcon_core.event_handler.log_command:Invoked command in '/home/sukru/ika_teknofest_aventra_ws/src/ika_sensors' returned '0': AMENT_PREFIX_PATH=/home/sukru/ika_teknofest_aventra_ws/install/ika_msgs:${AMENT_PREFIX_PATH} CMAKE_PREFIX_PATH=/home/sukru/ika_teknofest_aventra_ws/install/ika_msgs:${CMAKE_PREFIX_PATH} PYTHONPATH=/home/sukru/ika_teknofest_aventra_ws/build/ika_sensors/prefix_override:/usr/lib/python3/dist-packages/colcon_core/task/python/colcon_distutils_commands:/home/sukru/ika_teknofest_aventra_ws/install/ika_sensors/lib/python3.10/site-packages:${PYTHONPATH} /usr/bin/python3 -W ignore:setup.py install is deprecated -W ignore:easy_install command is deprecated setup.py egg_info --egg-base ../../build/ika_sensors build --build-base /home/sukru/ika_teknofest_aventra_ws/build/ika_sensors/build install --record /home/sukru/ika_teknofest_aventra_ws/build/ika_sensors/install.log --single-version-externally-managed install_data
[5.619s] Level 1:colcon.colcon_core.environment:checking '/home/sukru/ika_teknofest_aventra_ws/install/ika_sensors' for CMake config files
[5.619s] Level 1:colcon.colcon_core.environment:checking '/home/sukru/ika_teknofest_aventra_ws/install/ika_sensors/lib'
[5.619s] Level 1:colcon.colcon_core.environment:checking '/home/sukru/ika_teknofest_aventra_ws/install/ika_sensors/bin'
[5.619s] Level 1:colcon.colcon_core.environment:checking '/home/sukru/ika_teknofest_aventra_ws/install/ika_sensors/lib/pkgconfig/ika_sensors.pc'
[5.619s] Level 1:colcon.colcon_core.environment:checking '/home/sukru/ika_teknofest_aventra_ws/install/ika_sensors/lib/python3.10/site-packages'
[5.619s] Level 1:colcon.colcon_core.shell:create_environment_hook('ika_sensors', 'pythonpath')
[5.620s] INFO:colcon.colcon_core.shell:Creating environment hook '/home/sukru/ika_teknofest_aventra_ws/install/ika_sensors/share/ika_sensors/hook/pythonpath.ps1'
[5.620s] INFO:colcon.colcon_core.shell:Creating environment descriptor '/home/sukru/ika_teknofest_aventra_ws/install/ika_sensors/share/ika_sensors/hook/pythonpath.dsv'
[5.620s] INFO:colcon.colcon_core.shell:Creating environment hook '/home/sukru/ika_teknofest_aventra_ws/install/ika_sensors/share/ika_sensors/hook/pythonpath.sh'
[5.620s] Level 1:colcon.colcon_core.environment:checking '/home/sukru/ika_teknofest_aventra_ws/install/ika_sensors/bin'
[5.620s] Level 1:colcon.colcon_core.environment:create_environment_scripts_only(ika_sensors)
[5.621s] INFO:colcon.colcon_core.shell:Creating package script '/home/sukru/ika_teknofest_aventra_ws/install/ika_sensors/share/ika_sensors/package.ps1'
[5.621s] INFO:colcon.colcon_core.shell:Creating package descriptor '/home/sukru/ika_teknofest_aventra_ws/install/ika_sensors/share/ika_sensors/package.dsv'
[5.621s] INFO:colcon.colcon_core.shell:Creating package script '/home/sukru/ika_teknofest_aventra_ws/install/ika_sensors/share/ika_sensors/package.sh'
[5.621s] INFO:colcon.colcon_core.shell:Creating package script '/home/sukru/ika_teknofest_aventra_ws/install/ika_sensors/share/ika_sensors/package.bash'
[5.622s] INFO:colcon.colcon_core.shell:Creating package script '/home/sukru/ika_teknofest_aventra_ws/install/ika_sensors/share/ika_sensors/package.zsh'
[5.622s] Level 1:colcon.colcon_core.environment:create_file_with_runtime_dependencies(/home/sukru/ika_teknofest_aventra_ws/install/ika_sensors/share/colcon-core/packages/ika_sensors)
[5.622s] DEBUG:colcon.colcon_parallel_executor.executor.parallel:closing loop
[5.622s] DEBUG:colcon.colcon_parallel_executor.executor.parallel:loop closed
[5.622s] DEBUG:colcon.colcon_parallel_executor.executor.parallel:run_until_complete finished with '0'
[5.622s] DEBUG:colcon.colcon_core.event_reactor:joining thread
[5.627s] INFO:colcon.colcon_core.plugin_system:Skipping extension 'colcon_notification.desktop_notification.terminal_notifier': Not used on non-Darwin systems
[5.627s] INFO:colcon.colcon_core.plugin_system:Skipping extension 'colcon_notification.desktop_notification.win32': Not used on non-Windows systems
[5.627s] INFO:colcon.colcon_notification.desktop_notification:Sending desktop notification using 'notify2'
[5.634s] DEBUG:colcon.colcon_core.event_reactor:joined thread
[5.634s] INFO:colcon.colcon_core.shell:Creating prefix script '/home/sukru/ika_teknofest_aventra_ws/install/local_setup.ps1'
[5.635s] INFO:colcon.colcon_core.shell:Creating prefix util module '/home/sukru/ika_teknofest_aventra_ws/install/_local_setup_util_ps1.py'
[5.635s] INFO:colcon.colcon_core.shell:Creating prefix chain script '/home/sukru/ika_teknofest_aventra_ws/install/setup.ps1'
[5.637s] INFO:colcon.colcon_core.shell:Creating prefix script '/home/sukru/ika_teknofest_aventra_ws/install/local_setup.sh'
[5.637s] INFO:colcon.colcon_core.shell:Creating prefix util module '/home/sukru/ika_teknofest_aventra_ws/install/_local_setup_util_sh.py'
[5.637s] INFO:colcon.colcon_core.shell:Creating prefix chain script '/home/sukru/ika_teknofest_aventra_ws/install/setup.sh'
[5.639s] INFO:colcon.colcon_core.shell:Creating prefix script '/home/sukru/ika_teknofest_aventra_ws/install/local_setup.bash'
[5.639s] INFO:colcon.colcon_core.shell:Creating prefix chain script '/home/sukru/ika_teknofest_aventra_ws/install/setup.bash'
[5.640s] INFO:colcon.colcon_core.shell:Creating prefix script '/home/sukru/ika_teknofest_aventra_ws/install/local_setup.zsh'
[5.640s] INFO:colcon.colcon_core.shell:Creating prefix chain script '/home/sukru/ika_teknofest_aventra_ws/install/setup.zsh'
