[0.058s] DEBUG:colcon:Command line arguments: ['/usr/bin/colcon', 'build', '--symlink-install']
[0.058s] DEBUG:colcon:Parsed command line arguments: Namespace(log_base=None, log_level=None, verb_name='build', build_base='build', install_base='install', merge_install=False, symlink_install=True, test_result_base=None, continue_on_error=False, executor='parallel', parallel_workers=12, event_handlers=None, ignore_user_meta=False, metas=['./colcon.meta'], base_paths=['.'], packages_ignore=None, packages_ignore_regex=None, paths=None, packages_up_to=None, packages_up_to_regex=None, packages_above=None, packages_above_and_dependencies=None, packages_above_depth=None, packages_select_by_dep=None, packages_skip_by_dep=None, packages_skip_up_to=None, packages_select_build_failed=False, packages_skip_build_finished=False, packages_select_test_failures=False, packages_skip_test_passed=False, packages_select=None, packages_skip=None, packages_select_regex=None, packages_skip_regex=None, packages_start=None, packages_end=None, allow_overriding=[], cmake_args=None, cmake_target=None, cmake_target_skip_unavailable=False, cmake_clean_cache=False, cmake_clean_first=False, cmake_force_configure=False, ament_cmake_args=None, catkin_cmake_args=None, catkin_skip_building_tests=False, mixin_files=None, mixin=None, verb_parser=<colcon_mixin.mixin.mixin_argument.MixinArgumentDecorator object at 0x7fd21e091d20>, verb_extension=<colcon_core.verb.build.BuildVerb object at 0x7fd21e091870>, main=<bound method BuildVerb.main of <colcon_core.verb.build.BuildVerb object at 0x7fd21e091870>>, mixin_verb=('build',))
[0.154s] Level 1:colcon.colcon_core.package_discovery:discover_packages(colcon_meta) check parameters
[0.154s] Level 1:colcon.colcon_core.package_discovery:discover_packages(recursive) check parameters
[0.154s] Level 1:colcon.colcon_core.package_discovery:discover_packages(ignore) check parameters
[0.154s] Level 1:colcon.colcon_core.package_discovery:discover_packages(path) check parameters
[0.154s] Level 1:colcon.colcon_core.package_discovery:discover_packages(colcon_meta) discover
[0.154s] Level 1:colcon.colcon_core.package_discovery:discover_packages(recursive) discover
[0.154s] INFO:colcon.colcon_core.package_discovery:Crawling recursively for packages in '/home/sukru/ika_teknofest_aventra_ws'
[0.154s] Level 1:colcon.colcon_core.package_identification:_identify(.) by extensions ['ignore', 'ignore_ament_install']
[0.154s] Level 1:colcon.colcon_core.package_identification:_identify(.) by extension 'ignore'
[0.154s] Level 1:colcon.colcon_core.package_identification:_identify(.) by extension 'ignore_ament_install'
[0.154s] Level 1:colcon.colcon_core.package_identification:_identify(.) by extensions ['colcon_pkg']
[0.154s] Level 1:colcon.colcon_core.package_identification:_identify(.) by extension 'colcon_pkg'
[0.154s] Level 1:colcon.colcon_core.package_identification:_identify(.) by extensions ['colcon_meta']
[0.154s] Level 1:colcon.colcon_core.package_identification:_identify(.) by extension 'colcon_meta'
[0.154s] Level 1:colcon.colcon_core.package_identification:_identify(.) by extensions ['ros']
[0.154s] Level 1:colcon.colcon_core.package_identification:_identify(.) by extension 'ros'
[0.164s] Level 1:colcon.colcon_core.package_identification:_identify(.) by extensions ['cmake', 'python']
[0.164s] Level 1:colcon.colcon_core.package_identification:_identify(.) by extension 'cmake'
[0.164s] Level 1:colcon.colcon_core.package_identification:_identify(.) by extension 'python'
[0.164s] Level 1:colcon.colcon_core.package_identification:_identify(.) by extensions ['python_setup_py']
[0.164s] Level 1:colcon.colcon_core.package_identification:_identify(.) by extension 'python_setup_py'
[0.165s] Level 1:colcon.colcon_core.package_identification:_identify(build) by extensions ['ignore', 'ignore_ament_install']
[0.165s] Level 1:colcon.colcon_core.package_identification:_identify(build) by extension 'ignore'
[0.165s] Level 1:colcon.colcon_core.package_identification:_identify(build) ignored
[0.165s] Level 1:colcon.colcon_core.package_identification:_identify(install) by extensions ['ignore', 'ignore_ament_install']
[0.165s] Level 1:colcon.colcon_core.package_identification:_identify(install) by extension 'ignore'
[0.165s] Level 1:colcon.colcon_core.package_identification:_identify(install) ignored
[0.165s] Level 1:colcon.colcon_core.package_identification:_identify(log) by extensions ['ignore', 'ignore_ament_install']
[0.165s] Level 1:colcon.colcon_core.package_identification:_identify(log) by extension 'ignore'
[0.165s] Level 1:colcon.colcon_core.package_identification:_identify(log) ignored
[0.165s] Level 1:colcon.colcon_core.package_identification:_identify(src) by extensions ['ignore', 'ignore_ament_install']
[0.165s] Level 1:colcon.colcon_core.package_identification:_identify(src) by extension 'ignore'
[0.165s] Level 1:colcon.colcon_core.package_identification:_identify(src) by extension 'ignore_ament_install'
[0.165s] Level 1:colcon.colcon_core.package_identification:_identify(src) by extensions ['colcon_pkg']
[0.165s] Level 1:colcon.colcon_core.package_identification:_identify(src) by extension 'colcon_pkg'
[0.165s] Level 1:colcon.colcon_core.package_identification:_identify(src) by extensions ['colcon_meta']
[0.165s] Level 1:colcon.colcon_core.package_identification:_identify(src) by extension 'colcon_meta'
[0.165s] Level 1:colcon.colcon_core.package_identification:_identify(src) by extensions ['ros']
[0.165s] Level 1:colcon.colcon_core.package_identification:_identify(src) by extension 'ros'
[0.165s] Level 1:colcon.colcon_core.package_identification:_identify(src) by extensions ['cmake', 'python']
[0.165s] Level 1:colcon.colcon_core.package_identification:_identify(src) by extension 'cmake'
[0.165s] Level 1:colcon.colcon_core.package_identification:_identify(src) by extension 'python'
[0.165s] Level 1:colcon.colcon_core.package_identification:_identify(src) by extensions ['python_setup_py']
[0.165s] Level 1:colcon.colcon_core.package_identification:_identify(src) by extension 'python_setup_py'
[0.165s] Level 1:colcon.colcon_core.package_identification:_identify(src/ika_behaviors) by extensions ['ignore', 'ignore_ament_install']
[0.165s] Level 1:colcon.colcon_core.package_identification:_identify(src/ika_behaviors) by extension 'ignore'
[0.165s] Level 1:colcon.colcon_core.package_identification:_identify(src/ika_behaviors) by extension 'ignore_ament_install'
[0.165s] Level 1:colcon.colcon_core.package_identification:_identify(src/ika_behaviors) by extensions ['colcon_pkg']
[0.165s] Level 1:colcon.colcon_core.package_identification:_identify(src/ika_behaviors) by extension 'colcon_pkg'
[0.165s] Level 1:colcon.colcon_core.package_identification:_identify(src/ika_behaviors) by extensions ['colcon_meta']
[0.165s] Level 1:colcon.colcon_core.package_identification:_identify(src/ika_behaviors) by extension 'colcon_meta'
[0.165s] Level 1:colcon.colcon_core.package_identification:_identify(src/ika_behaviors) by extensions ['ros']
[0.165s] Level 1:colcon.colcon_core.package_identification:_identify(src/ika_behaviors) by extension 'ros'
[0.166s] DEBUG:colcon.colcon_core.package_identification:Package 'src/ika_behaviors' with type 'ros.ament_python' and name 'ika_behaviors'
[0.166s] Level 1:colcon.colcon_core.package_identification:_identify(src/ika_bringup) by extensions ['ignore', 'ignore_ament_install']
[0.167s] Level 1:colcon.colcon_core.package_identification:_identify(src/ika_bringup) by extension 'ignore'
[0.167s] Level 1:colcon.colcon_core.package_identification:_identify(src/ika_bringup) by extension 'ignore_ament_install'
[0.167s] Level 1:colcon.colcon_core.package_identification:_identify(src/ika_bringup) by extensions ['colcon_pkg']
[0.167s] Level 1:colcon.colcon_core.package_identification:_identify(src/ika_bringup) by extension 'colcon_pkg'
[0.167s] Level 1:colcon.colcon_core.package_identification:_identify(src/ika_bringup) by extensions ['colcon_meta']
[0.167s] Level 1:colcon.colcon_core.package_identification:_identify(src/ika_bringup) by extension 'colcon_meta'
[0.167s] Level 1:colcon.colcon_core.package_identification:_identify(src/ika_bringup) by extensions ['ros']
[0.167s] Level 1:colcon.colcon_core.package_identification:_identify(src/ika_bringup) by extension 'ros'
[0.167s] DEBUG:colcon.colcon_core.package_identification:Package 'src/ika_bringup' with type 'ros.ament_cmake' and name 'ika_bringup'
[0.167s] Level 1:colcon.colcon_core.package_identification:_identify(src/ika_control) by extensions ['ignore', 'ignore_ament_install']
[0.167s] Level 1:colcon.colcon_core.package_identification:_identify(src/ika_control) by extension 'ignore'
[0.167s] Level 1:colcon.colcon_core.package_identification:_identify(src/ika_control) by extension 'ignore_ament_install'
[0.167s] Level 1:colcon.colcon_core.package_identification:_identify(src/ika_control) by extensions ['colcon_pkg']
[0.167s] Level 1:colcon.colcon_core.package_identification:_identify(src/ika_control) by extension 'colcon_pkg'
[0.167s] Level 1:colcon.colcon_core.package_identification:_identify(src/ika_control) by extensions ['colcon_meta']
[0.167s] Level 1:colcon.colcon_core.package_identification:_identify(src/ika_control) by extension 'colcon_meta'
[0.167s] Level 1:colcon.colcon_core.package_identification:_identify(src/ika_control) by extensions ['ros']
[0.167s] Level 1:colcon.colcon_core.package_identification:_identify(src/ika_control) by extension 'ros'
[0.167s] DEBUG:colcon.colcon_core.package_identification:Package 'src/ika_control' with type 'ros.ament_python' and name 'ika_control'
[0.168s] Level 1:colcon.colcon_core.package_identification:_identify(src/ika_data_logger) by extensions ['ignore', 'ignore_ament_install']
[0.168s] Level 1:colcon.colcon_core.package_identification:_identify(src/ika_data_logger) by extension 'ignore'
[0.168s] Level 1:colcon.colcon_core.package_identification:_identify(src/ika_data_logger) by extension 'ignore_ament_install'
[0.168s] Level 1:colcon.colcon_core.package_identification:_identify(src/ika_data_logger) by extensions ['colcon_pkg']
[0.168s] Level 1:colcon.colcon_core.package_identification:_identify(src/ika_data_logger) by extension 'colcon_pkg'
[0.168s] Level 1:colcon.colcon_core.package_identification:_identify(src/ika_data_logger) by extensions ['colcon_meta']
[0.168s] Level 1:colcon.colcon_core.package_identification:_identify(src/ika_data_logger) by extension 'colcon_meta'
[0.168s] Level 1:colcon.colcon_core.package_identification:_identify(src/ika_data_logger) by extensions ['ros']
[0.168s] Level 1:colcon.colcon_core.package_identification:_identify(src/ika_data_logger) by extension 'ros'
[0.168s] DEBUG:colcon.colcon_core.package_identification:Package 'src/ika_data_logger' with type 'ros.ament_python' and name 'ika_data_logger'
[0.168s] Level 1:colcon.colcon_core.package_identification:_identify(src/ika_description) by extensions ['ignore', 'ignore_ament_install']
[0.168s] Level 1:colcon.colcon_core.package_identification:_identify(src/ika_description) by extension 'ignore'
[0.168s] Level 1:colcon.colcon_core.package_identification:_identify(src/ika_description) by extension 'ignore_ament_install'
[0.168s] Level 1:colcon.colcon_core.package_identification:_identify(src/ika_description) by extensions ['colcon_pkg']
[0.168s] Level 1:colcon.colcon_core.package_identification:_identify(src/ika_description) by extension 'colcon_pkg'
[0.168s] Level 1:colcon.colcon_core.package_identification:_identify(src/ika_description) by extensions ['colcon_meta']
[0.168s] Level 1:colcon.colcon_core.package_identification:_identify(src/ika_description) by extension 'colcon_meta'
[0.168s] Level 1:colcon.colcon_core.package_identification:_identify(src/ika_description) by extensions ['ros']
[0.168s] Level 1:colcon.colcon_core.package_identification:_identify(src/ika_description) by extension 'ros'
[0.168s] DEBUG:colcon.colcon_core.package_identification:Package 'src/ika_description' with type 'ros.ament_cmake' and name 'ika_description'
[0.168s] Level 1:colcon.colcon_core.package_identification:_identify(src/ika_gazebo) by extensions ['ignore', 'ignore_ament_install']
[0.169s] Level 1:colcon.colcon_core.package_identification:_identify(src/ika_gazebo) by extension 'ignore'
[0.169s] Level 1:colcon.colcon_core.package_identification:_identify(src/ika_gazebo) by extension 'ignore_ament_install'
[0.169s] Level 1:colcon.colcon_core.package_identification:_identify(src/ika_gazebo) by extensions ['colcon_pkg']
[0.169s] Level 1:colcon.colcon_core.package_identification:_identify(src/ika_gazebo) by extension 'colcon_pkg'
[0.169s] Level 1:colcon.colcon_core.package_identification:_identify(src/ika_gazebo) by extensions ['colcon_meta']
[0.169s] Level 1:colcon.colcon_core.package_identification:_identify(src/ika_gazebo) by extension 'colcon_meta'
[0.169s] Level 1:colcon.colcon_core.package_identification:_identify(src/ika_gazebo) by extensions ['ros']
[0.169s] Level 1:colcon.colcon_core.package_identification:_identify(src/ika_gazebo) by extension 'ros'
[0.169s] DEBUG:colcon.colcon_core.package_identification:Package 'src/ika_gazebo' with type 'ros.ament_cmake' and name 'ika_gazebo'
[0.169s] Level 1:colcon.colcon_core.package_identification:_identify(src/ika_hardware) by extensions ['ignore', 'ignore_ament_install']
[0.169s] Level 1:colcon.colcon_core.package_identification:_identify(src/ika_hardware) by extension 'ignore'
[0.169s] Level 1:colcon.colcon_core.package_identification:_identify(src/ika_hardware) by extension 'ignore_ament_install'
[0.169s] Level 1:colcon.colcon_core.package_identification:_identify(src/ika_hardware) by extensions ['colcon_pkg']
[0.169s] Level 1:colcon.colcon_core.package_identification:_identify(src/ika_hardware) by extension 'colcon_pkg'
[0.169s] Level 1:colcon.colcon_core.package_identification:_identify(src/ika_hardware) by extensions ['colcon_meta']
[0.169s] Level 1:colcon.colcon_core.package_identification:_identify(src/ika_hardware) by extension 'colcon_meta'
[0.169s] Level 1:colcon.colcon_core.package_identification:_identify(src/ika_hardware) by extensions ['ros']
[0.169s] Level 1:colcon.colcon_core.package_identification:_identify(src/ika_hardware) by extension 'ros'
[0.170s] DEBUG:colcon.colcon_core.package_identification:Package 'src/ika_hardware' with type 'ros.ament_python' and name 'ika_hardware'
[0.170s] Level 1:colcon.colcon_core.package_identification:_identify(src/ika_localization) by extensions ['ignore', 'ignore_ament_install']
[0.170s] Level 1:colcon.colcon_core.package_identification:_identify(src/ika_localization) by extension 'ignore'
[0.170s] Level 1:colcon.colcon_core.package_identification:_identify(src/ika_localization) by extension 'ignore_ament_install'
[0.170s] Level 1:colcon.colcon_core.package_identification:_identify(src/ika_localization) by extensions ['colcon_pkg']
[0.170s] Level 1:colcon.colcon_core.package_identification:_identify(src/ika_localization) by extension 'colcon_pkg'
[0.170s] Level 1:colcon.colcon_core.package_identification:_identify(src/ika_localization) by extensions ['colcon_meta']
[0.170s] Level 1:colcon.colcon_core.package_identification:_identify(src/ika_localization) by extension 'colcon_meta'
[0.170s] Level 1:colcon.colcon_core.package_identification:_identify(src/ika_localization) by extensions ['ros']
[0.170s] Level 1:colcon.colcon_core.package_identification:_identify(src/ika_localization) by extension 'ros'
[0.170s] DEBUG:colcon.colcon_core.package_identification:Package 'src/ika_localization' with type 'ros.ament_python' and name 'ika_localization'
[0.170s] Level 1:colcon.colcon_core.package_identification:_identify(src/ika_mission_manager) by extensions ['ignore', 'ignore_ament_install']
[0.170s] Level 1:colcon.colcon_core.package_identification:_identify(src/ika_mission_manager) by extension 'ignore'
[0.170s] Level 1:colcon.colcon_core.package_identification:_identify(src/ika_mission_manager) by extension 'ignore_ament_install'
[0.170s] Level 1:colcon.colcon_core.package_identification:_identify(src/ika_mission_manager) by extensions ['colcon_pkg']
[0.170s] Level 1:colcon.colcon_core.package_identification:_identify(src/ika_mission_manager) by extension 'colcon_pkg'
[0.170s] Level 1:colcon.colcon_core.package_identification:_identify(src/ika_mission_manager) by extensions ['colcon_meta']
[0.170s] Level 1:colcon.colcon_core.package_identification:_identify(src/ika_mission_manager) by extension 'colcon_meta'
[0.170s] Level 1:colcon.colcon_core.package_identification:_identify(src/ika_mission_manager) by extensions ['ros']
[0.170s] Level 1:colcon.colcon_core.package_identification:_identify(src/ika_mission_manager) by extension 'ros'
[0.170s] DEBUG:colcon.colcon_core.package_identification:Package 'src/ika_mission_manager' with type 'ros.ament_python' and name 'ika_mission_manager'
[0.171s] Level 1:colcon.colcon_core.package_identification:_identify(src/ika_msgs) by extensions ['ignore', 'ignore_ament_install']
[0.171s] Level 1:colcon.colcon_core.package_identification:_identify(src/ika_msgs) by extension 'ignore'
[0.171s] Level 1:colcon.colcon_core.package_identification:_identify(src/ika_msgs) by extension 'ignore_ament_install'
[0.171s] Level 1:colcon.colcon_core.package_identification:_identify(src/ika_msgs) by extensions ['colcon_pkg']
[0.171s] Level 1:colcon.colcon_core.package_identification:_identify(src/ika_msgs) by extension 'colcon_pkg'
[0.171s] Level 1:colcon.colcon_core.package_identification:_identify(src/ika_msgs) by extensions ['colcon_meta']
[0.171s] Level 1:colcon.colcon_core.package_identification:_identify(src/ika_msgs) by extension 'colcon_meta'
[0.171s] Level 1:colcon.colcon_core.package_identification:_identify(src/ika_msgs) by extensions ['ros']
[0.171s] Level 1:colcon.colcon_core.package_identification:_identify(src/ika_msgs) by extension 'ros'
[0.171s] DEBUG:colcon.colcon_core.package_identification:Package 'src/ika_msgs' with type 'ros.ament_cmake' and name 'ika_msgs'
[0.171s] Level 1:colcon.colcon_core.package_identification:_identify(src/ika_navigation) by extensions ['ignore', 'ignore_ament_install']
[0.171s] Level 1:colcon.colcon_core.package_identification:_identify(src/ika_navigation) by extension 'ignore'
[0.171s] Level 1:colcon.colcon_core.package_identification:_identify(src/ika_navigation) by extension 'ignore_ament_install'
[0.171s] Level 1:colcon.colcon_core.package_identification:_identify(src/ika_navigation) by extensions ['colcon_pkg']
[0.171s] Level 1:colcon.colcon_core.package_identification:_identify(src/ika_navigation) by extension 'colcon_pkg'
[0.171s] Level 1:colcon.colcon_core.package_identification:_identify(src/ika_navigation) by extensions ['colcon_meta']
[0.171s] Level 1:colcon.colcon_core.package_identification:_identify(src/ika_navigation) by extension 'colcon_meta'
[0.171s] Level 1:colcon.colcon_core.package_identification:_identify(src/ika_navigation) by extensions ['ros']
[0.171s] Level 1:colcon.colcon_core.package_identification:_identify(src/ika_navigation) by extension 'ros'
[0.172s] DEBUG:colcon.colcon_core.package_identification:Package 'src/ika_navigation' with type 'ros.ament_python' and name 'ika_navigation'
[0.172s] Level 1:colcon.colcon_core.package_identification:_identify(src/ika_perception) by extensions ['ignore', 'ignore_ament_install']
[0.172s] Level 1:colcon.colcon_core.package_identification:_identify(src/ika_perception) by extension 'ignore'
[0.172s] Level 1:colcon.colcon_core.package_identification:_identify(src/ika_perception) by extension 'ignore_ament_install'
[0.172s] Level 1:colcon.colcon_core.package_identification:_identify(src/ika_perception) by extensions ['colcon_pkg']
[0.172s] Level 1:colcon.colcon_core.package_identification:_identify(src/ika_perception) by extension 'colcon_pkg'
[0.172s] Level 1:colcon.colcon_core.package_identification:_identify(src/ika_perception) by extensions ['colcon_meta']
[0.172s] Level 1:colcon.colcon_core.package_identification:_identify(src/ika_perception) by extension 'colcon_meta'
[0.172s] Level 1:colcon.colcon_core.package_identification:_identify(src/ika_perception) by extensions ['ros']
[0.172s] Level 1:colcon.colcon_core.package_identification:_identify(src/ika_perception) by extension 'ros'
[0.172s] DEBUG:colcon.colcon_core.package_identification:Package 'src/ika_perception' with type 'ros.ament_python' and name 'ika_perception'
[0.172s] Level 1:colcon.colcon_core.package_identification:_identify(src/ika_sensors) by extensions ['ignore', 'ignore_ament_install']
[0.172s] Level 1:colcon.colcon_core.package_identification:_identify(src/ika_sensors) by extension 'ignore'
[0.172s] Level 1:colcon.colcon_core.package_identification:_identify(src/ika_sensors) by extension 'ignore_ament_install'
[0.172s] Level 1:colcon.colcon_core.package_identification:_identify(src/ika_sensors) by extensions ['colcon_pkg']
[0.172s] Level 1:colcon.colcon_core.package_identification:_identify(src/ika_sensors) by extension 'colcon_pkg'
[0.172s] Level 1:colcon.colcon_core.package_identification:_identify(src/ika_sensors) by extensions ['colcon_meta']
[0.172s] Level 1:colcon.colcon_core.package_identification:_identify(src/ika_sensors) by extension 'colcon_meta'
[0.172s] Level 1:colcon.colcon_core.package_identification:_identify(src/ika_sensors) by extensions ['ros']
[0.172s] Level 1:colcon.colcon_core.package_identification:_identify(src/ika_sensors) by extension 'ros'
[0.173s] DEBUG:colcon.colcon_core.package_identification:Package 'src/ika_sensors' with type 'ros.ament_python' and name 'ika_sensors'
[0.173s] Level 1:colcon.colcon_core.package_identification:_identify(src/ika_targeting) by extensions ['ignore', 'ignore_ament_install']
[0.173s] Level 1:colcon.colcon_core.package_identification:_identify(src/ika_targeting) by extension 'ignore'
[0.173s] Level 1:colcon.colcon_core.package_identification:_identify(src/ika_targeting) by extension 'ignore_ament_install'
[0.173s] Level 1:colcon.colcon_core.package_identification:_identify(src/ika_targeting) by extensions ['colcon_pkg']
[0.173s] Level 1:colcon.colcon_core.package_identification:_identify(src/ika_targeting) by extension 'colcon_pkg'
[0.173s] Level 1:colcon.colcon_core.package_identification:_identify(src/ika_targeting) by extensions ['colcon_meta']
[0.173s] Level 1:colcon.colcon_core.package_identification:_identify(src/ika_targeting) by extension 'colcon_meta'
[0.173s] Level 1:colcon.colcon_core.package_identification:_identify(src/ika_targeting) by extensions ['ros']
[0.173s] Level 1:colcon.colcon_core.package_identification:_identify(src/ika_targeting) by extension 'ros'
[0.173s] DEBUG:colcon.colcon_core.package_identification:Package 'src/ika_targeting' with type 'ros.ament_python' and name 'ika_targeting'
[0.173s] Level 1:colcon.colcon_core.package_identification:_identify(src/ika_ui_bridge) by extensions ['ignore', 'ignore_ament_install']
[0.173s] Level 1:colcon.colcon_core.package_identification:_identify(src/ika_ui_bridge) by extension 'ignore'
[0.173s] Level 1:colcon.colcon_core.package_identification:_identify(src/ika_ui_bridge) by extension 'ignore_ament_install'
[0.173s] Level 1:colcon.colcon_core.package_identification:_identify(src/ika_ui_bridge) by extensions ['colcon_pkg']
[0.173s] Level 1:colcon.colcon_core.package_identification:_identify(src/ika_ui_bridge) by extension 'colcon_pkg'
[0.173s] Level 1:colcon.colcon_core.package_identification:_identify(src/ika_ui_bridge) by extensions ['colcon_meta']
[0.173s] Level 1:colcon.colcon_core.package_identification:_identify(src/ika_ui_bridge) by extension 'colcon_meta'
[0.173s] Level 1:colcon.colcon_core.package_identification:_identify(src/ika_ui_bridge) by extensions ['ros']
[0.173s] Level 1:colcon.colcon_core.package_identification:_identify(src/ika_ui_bridge) by extension 'ros'
[0.174s] DEBUG:colcon.colcon_core.package_identification:Package 'src/ika_ui_bridge' with type 'ros.ament_python' and name 'ika_ui_bridge'
[0.174s] Level 1:colcon.colcon_core.package_discovery:discover_packages(recursive) using defaults
[0.174s] Level 1:colcon.colcon_core.package_discovery:discover_packages(ignore) discover
[0.174s] Level 1:colcon.colcon_core.package_discovery:discover_packages(ignore) using defaults
[0.174s] Level 1:colcon.colcon_core.package_discovery:discover_packages(path) discover
[0.174s] Level 1:colcon.colcon_core.package_discovery:discover_packages(path) using defaults
[0.185s] Level 1:colcon.colcon_core.package_discovery:discover_packages(prefix_path) check parameters
[0.185s] Level 1:colcon.colcon_core.package_discovery:discover_packages(prefix_path) discover
[0.186s] WARNING:colcon.colcon_ros.prefix_path.ament:The path '/home/sukru/ika_teknofest_aventra_ws/install/ika_ui_bridge' in the environment variable AMENT_PREFIX_PATH doesn't exist
[0.186s] WARNING:colcon.colcon_ros.prefix_path.ament:The path '/home/sukru/ika_teknofest_aventra_ws/install/ika_targeting' in the environment variable AMENT_PREFIX_PATH doesn't exist
[0.186s] WARNING:colcon.colcon_ros.prefix_path.ament:The path '/home/sukru/ika_teknofest_aventra_ws/install/ika_sensors' in the environment variable AMENT_PREFIX_PATH doesn't exist
[0.186s] WARNING:colcon.colcon_ros.prefix_path.ament:The path '/home/sukru/ika_teknofest_aventra_ws/install/ika_perception' in the environment variable AMENT_PREFIX_PATH doesn't exist
[0.186s] WARNING:colcon.colcon_ros.prefix_path.ament:The path '/home/sukru/ika_teknofest_aventra_ws/install/ika_navigation' in the environment variable AMENT_PREFIX_PATH doesn't exist
[0.186s] WARNING:colcon.colcon_ros.prefix_path.ament:The path '/home/sukru/ika_teknofest_aventra_ws/install/ika_msgs' in the environment variable AMENT_PREFIX_PATH doesn't exist
[0.186s] WARNING:colcon.colcon_ros.prefix_path.ament:The path '/home/sukru/ika_teknofest_aventra_ws/install/ika_mission_manager' in the environment variable AMENT_PREFIX_PATH doesn't exist
[0.186s] WARNING:colcon.colcon_ros.prefix_path.ament:The path '/home/sukru/ika_teknofest_aventra_ws/install/ika_localization' in the environment variable AMENT_PREFIX_PATH doesn't exist
[0.186s] WARNING:colcon.colcon_ros.prefix_path.ament:The path '/home/sukru/ika_teknofest_aventra_ws/install/ika_hardware' in the environment variable AMENT_PREFIX_PATH doesn't exist
[0.186s] WARNING:colcon.colcon_ros.prefix_path.ament:The path '/home/sukru/ika_teknofest_aventra_ws/install/ika_bringup' in the environment variable AMENT_PREFIX_PATH doesn't exist
[0.186s] WARNING:colcon.colcon_ros.prefix_path.ament:The path '/home/sukru/ika_teknofest_aventra_ws/install/ika_gazebo' in the environment variable AMENT_PREFIX_PATH doesn't exist
[0.186s] WARNING:colcon.colcon_ros.prefix_path.ament:The path '/home/sukru/ika_teknofest_aventra_ws/install/ika_description' in the environment variable AMENT_PREFIX_PATH doesn't exist
[0.186s] WARNING:colcon.colcon_ros.prefix_path.ament:The path '/home/sukru/ika_teknofest_aventra_ws/install/ika_data_logger' in the environment variable AMENT_PREFIX_PATH doesn't exist
[0.186s] WARNING:colcon.colcon_ros.prefix_path.ament:The path '/home/sukru/ika_teknofest_aventra_ws/install/ika_control' in the environment variable AMENT_PREFIX_PATH doesn't exist
[0.186s] WARNING:colcon.colcon_ros.prefix_path.ament:The path '/home/sukru/ika_teknofest_aventra_ws/install/ika_behaviors' in the environment variable AMENT_PREFIX_PATH doesn't exist
[0.186s] WARNING:colcon.colcon_ros.prefix_path.catkin:The path '/home/sukru/ika_teknofest_aventra_ws/install/ika_msgs' in the environment variable CMAKE_PREFIX_PATH doesn't exist
[0.186s] WARNING:colcon.colcon_ros.prefix_path.catkin:The path '/home/sukru/ika_teknofest_aventra_ws/install/ika_bringup' in the environment variable CMAKE_PREFIX_PATH doesn't exist
[0.187s] WARNING:colcon.colcon_ros.prefix_path.catkin:The path '/home/sukru/ika_teknofest_aventra_ws/install/ika_gazebo' in the environment variable CMAKE_PREFIX_PATH doesn't exist
[0.187s] WARNING:colcon.colcon_ros.prefix_path.catkin:The path '/home/sukru/ika_teknofest_aventra_ws/install/ika_description' in the environment variable CMAKE_PREFIX_PATH doesn't exist
[0.187s] DEBUG:colcon.colcon_installed_package_information.package_discovery:Found 0 installed packages in /home/sukru/ika_teknofest_aventra_ws/install
[0.187s] DEBUG:colcon.colcon_installed_package_information.package_discovery:Found 1 installed packages in /home/sukru/ai_autonomi_ws/install
[0.187s] DEBUG:colcon.colcon_installed_package_information.package_discovery:Found 1 installed packages in /home/sukru/Desktop/otonom_atis/install
[0.187s] DEBUG:colcon.colcon_installed_package_information.package_discovery:Found 2 installed packages in /home/sukru/dev_ws/install
[0.188s] DEBUG:colcon.colcon_installed_package_information.package_discovery:Found 8 installed packages in /home/sukru/ros_ws_vacuum_bot/install
[0.188s] DEBUG:colcon.colcon_installed_package_information.package_discovery:Found 1 installed packages in /home/sukru/ros_ws_demo/install
[0.189s] DEBUG:colcon.colcon_installed_package_information.package_discovery:Found 372 installed packages in /opt/ros/humble
[0.190s] Level 1:colcon.colcon_core.package_discovery:discover_packages(prefix_path) using defaults
[0.214s] Level 5:colcon.colcon_core.verb:set package 'ika_behaviors' build argument 'cmake_args' from command line to 'None'
[0.214s] Level 5:colcon.colcon_core.verb:set package 'ika_behaviors' build argument 'cmake_target' from command line to 'None'
[0.214s] Level 5:colcon.colcon_core.verb:set package 'ika_behaviors' build argument 'cmake_target_skip_unavailable' from command line to 'False'
[0.214s] Level 5:colcon.colcon_core.verb:set package 'ika_behaviors' build argument 'cmake_clean_cache' from command line to 'False'
[0.214s] Level 5:colcon.colcon_core.verb:set package 'ika_behaviors' build argument 'cmake_clean_first' from command line to 'False'
[0.214s] Level 5:colcon.colcon_core.verb:set package 'ika_behaviors' build argument 'cmake_force_configure' from command line to 'False'
[0.214s] Level 5:colcon.colcon_core.verb:set package 'ika_behaviors' build argument 'ament_cmake_args' from command line to 'None'
[0.214s] Level 5:colcon.colcon_core.verb:set package 'ika_behaviors' build argument 'catkin_cmake_args' from command line to 'None'
[0.214s] Level 5:colcon.colcon_core.verb:set package 'ika_behaviors' build argument 'catkin_skip_building_tests' from command line to 'False'
[0.214s] DEBUG:colcon.colcon_core.verb:Building package 'ika_behaviors' with the following arguments: {'ament_cmake_args': None, 'build_base': '/home/sukru/ika_teknofest_aventra_ws/build/ika_behaviors', 'catkin_cmake_args': None, 'catkin_skip_building_tests': False, 'cmake_args': None, 'cmake_clean_cache': False, 'cmake_clean_first': False, 'cmake_force_configure': False, 'cmake_target': None, 'cmake_target_skip_unavailable': False, 'install_base': '/home/sukru/ika_teknofest_aventra_ws/install/ika_behaviors', 'merge_install': False, 'path': '/home/sukru/ika_teknofest_aventra_ws/src/ika_behaviors', 'symlink_install': True, 'test_result_base': None}
[0.214s] Level 5:colcon.colcon_core.verb:set package 'ika_control' build argument 'cmake_args' from command line to 'None'
[0.214s] Level 5:colcon.colcon_core.verb:set package 'ika_control' build argument 'cmake_target' from command line to 'None'
[0.214s] Level 5:colcon.colcon_core.verb:set package 'ika_control' build argument 'cmake_target_skip_unavailable' from command line to 'False'
[0.214s] Level 5:colcon.colcon_core.verb:set package 'ika_control' build argument 'cmake_clean_cache' from command line to 'False'
[0.214s] Level 5:colcon.colcon_core.verb:set package 'ika_control' build argument 'cmake_clean_first' from command line to 'False'
[0.214s] Level 5:colcon.colcon_core.verb:set package 'ika_control' build argument 'cmake_force_configure' from command line to 'False'
[0.214s] Level 5:colcon.colcon_core.verb:set package 'ika_control' build argument 'ament_cmake_args' from command line to 'None'
[0.214s] Level 5:colcon.colcon_core.verb:set package 'ika_control' build argument 'catkin_cmake_args' from command line to 'None'
[0.214s] Level 5:colcon.colcon_core.verb:set package 'ika_control' build argument 'catkin_skip_building_tests' from command line to 'False'
[0.214s] DEBUG:colcon.colcon_core.verb:Building package 'ika_control' with the following arguments: {'ament_cmake_args': None, 'build_base': '/home/sukru/ika_teknofest_aventra_ws/build/ika_control', 'catkin_cmake_args': None, 'catkin_skip_building_tests': False, 'cmake_args': None, 'cmake_clean_cache': False, 'cmake_clean_first': False, 'cmake_force_configure': False, 'cmake_target': None, 'cmake_target_skip_unavailable': False, 'install_base': '/home/sukru/ika_teknofest_aventra_ws/install/ika_control', 'merge_install': False, 'path': '/home/sukru/ika_teknofest_aventra_ws/src/ika_control', 'symlink_install': True, 'test_result_base': None}
[0.214s] Level 5:colcon.colcon_core.verb:set package 'ika_data_logger' build argument 'cmake_args' from command line to 'None'
[0.214s] Level 5:colcon.colcon_core.verb:set package 'ika_data_logger' build argument 'cmake_target' from command line to 'None'
[0.214s] Level 5:colcon.colcon_core.verb:set package 'ika_data_logger' build argument 'cmake_target_skip_unavailable' from command line to 'False'
[0.214s] Level 5:colcon.colcon_core.verb:set package 'ika_data_logger' build argument 'cmake_clean_cache' from command line to 'False'
[0.214s] Level 5:colcon.colcon_core.verb:set package 'ika_data_logger' build argument 'cmake_clean_first' from command line to 'False'
[0.214s] Level 5:colcon.colcon_core.verb:set package 'ika_data_logger' build argument 'cmake_force_configure' from command line to 'False'
[0.215s] Level 5:colcon.colcon_core.verb:set package 'ika_data_logger' build argument 'ament_cmake_args' from command line to 'None'
[0.215s] Level 5:colcon.colcon_core.verb:set package 'ika_data_logger' build argument 'catkin_cmake_args' from command line to 'None'
[0.215s] Level 5:colcon.colcon_core.verb:set package 'ika_data_logger' build argument 'catkin_skip_building_tests' from command line to 'False'
[0.215s] DEBUG:colcon.colcon_core.verb:Building package 'ika_data_logger' with the following arguments: {'ament_cmake_args': None, 'build_base': '/home/sukru/ika_teknofest_aventra_ws/build/ika_data_logger', 'catkin_cmake_args': None, 'catkin_skip_building_tests': False, 'cmake_args': None, 'cmake_clean_cache': False, 'cmake_clean_first': False, 'cmake_force_configure': False, 'cmake_target': None, 'cmake_target_skip_unavailable': False, 'install_base': '/home/sukru/ika_teknofest_aventra_ws/install/ika_data_logger', 'merge_install': False, 'path': '/home/sukru/ika_teknofest_aventra_ws/src/ika_data_logger', 'symlink_install': True, 'test_result_base': None}
[0.215s] Level 5:colcon.colcon_core.verb:set package 'ika_hardware' build argument 'cmake_args' from command line to 'None'
[0.215s] Level 5:colcon.colcon_core.verb:set package 'ika_hardware' build argument 'cmake_target' from command line to 'None'
[0.215s] Level 5:colcon.colcon_core.verb:set package 'ika_hardware' build argument 'cmake_target_skip_unavailable' from command line to 'False'
[0.215s] Level 5:colcon.colcon_core.verb:set package 'ika_hardware' build argument 'cmake_clean_cache' from command line to 'False'
[0.215s] Level 5:colcon.colcon_core.verb:set package 'ika_hardware' build argument 'cmake_clean_first' from command line to 'False'
[0.215s] Level 5:colcon.colcon_core.verb:set package 'ika_hardware' build argument 'cmake_force_configure' from command line to 'False'
[0.215s] Level 5:colcon.colcon_core.verb:set package 'ika_hardware' build argument 'ament_cmake_args' from command line to 'None'
[0.215s] Level 5:colcon.colcon_core.verb:set package 'ika_hardware' build argument 'catkin_cmake_args' from command line to 'None'
[0.215s] Level 5:colcon.colcon_core.verb:set package 'ika_hardware' build argument 'catkin_skip_building_tests' from command line to 'False'
[0.215s] DEBUG:colcon.colcon_core.verb:Building package 'ika_hardware' with the following arguments: {'ament_cmake_args': None, 'build_base': '/home/sukru/ika_teknofest_aventra_ws/build/ika_hardware', 'catkin_cmake_args': None, 'catkin_skip_building_tests': False, 'cmake_args': None, 'cmake_clean_cache': False, 'cmake_clean_first': False, 'cmake_force_configure': False, 'cmake_target': None, 'cmake_target_skip_unavailable': False, 'install_base': '/home/sukru/ika_teknofest_aventra_ws/install/ika_hardware', 'merge_install': False, 'path': '/home/sukru/ika_teknofest_aventra_ws/src/ika_hardware', 'symlink_install': True, 'test_result_base': None}
[0.215s] Level 5:colcon.colcon_core.verb:set package 'ika_localization' build argument 'cmake_args' from command line to 'None'
[0.215s] Level 5:colcon.colcon_core.verb:set package 'ika_localization' build argument 'cmake_target' from command line to 'None'
[0.215s] Level 5:colcon.colcon_core.verb:set package 'ika_localization' build argument 'cmake_target_skip_unavailable' from command line to 'False'
[0.215s] Level 5:colcon.colcon_core.verb:set package 'ika_localization' build argument 'cmake_clean_cache' from command line to 'False'
[0.215s] Level 5:colcon.colcon_core.verb:set package 'ika_localization' build argument 'cmake_clean_first' from command line to 'False'
[0.215s] Level 5:colcon.colcon_core.verb:set package 'ika_localization' build argument 'cmake_force_configure' from command line to 'False'
[0.215s] Level 5:colcon.colcon_core.verb:set package 'ika_localization' build argument 'ament_cmake_args' from command line to 'None'
[0.215s] Level 5:colcon.colcon_core.verb:set package 'ika_localization' build argument 'catkin_cmake_args' from command line to 'None'
[0.215s] Level 5:colcon.colcon_core.verb:set package 'ika_localization' build argument 'catkin_skip_building_tests' from command line to 'False'
[0.215s] DEBUG:colcon.colcon_core.verb:Building package 'ika_localization' with the following arguments: {'ament_cmake_args': None, 'build_base': '/home/sukru/ika_teknofest_aventra_ws/build/ika_localization', 'catkin_cmake_args': None, 'catkin_skip_building_tests': False, 'cmake_args': None, 'cmake_clean_cache': False, 'cmake_clean_first': False, 'cmake_force_configure': False, 'cmake_target': None, 'cmake_target_skip_unavailable': False, 'install_base': '/home/sukru/ika_teknofest_aventra_ws/install/ika_localization', 'merge_install': False, 'path': '/home/sukru/ika_teknofest_aventra_ws/src/ika_localization', 'symlink_install': True, 'test_result_base': None}
[0.215s] Level 5:colcon.colcon_core.verb:set package 'ika_mission_manager' build argument 'cmake_args' from command line to 'None'
[0.215s] Level 5:colcon.colcon_core.verb:set package 'ika_mission_manager' build argument 'cmake_target' from command line to 'None'
[0.215s] Level 5:colcon.colcon_core.verb:set package 'ika_mission_manager' build argument 'cmake_target_skip_unavailable' from command line to 'False'
[0.215s] Level 5:colcon.colcon_core.verb:set package 'ika_mission_manager' build argument 'cmake_clean_cache' from command line to 'False'
[0.215s] Level 5:colcon.colcon_core.verb:set package 'ika_mission_manager' build argument 'cmake_clean_first' from command line to 'False'
[0.216s] Level 5:colcon.colcon_core.verb:set package 'ika_mission_manager' build argument 'cmake_force_configure' from command line to 'False'
[0.216s] Level 5:colcon.colcon_core.verb:set package 'ika_mission_manager' build argument 'ament_cmake_args' from command line to 'None'
[0.216s] Level 5:colcon.colcon_core.verb:set package 'ika_mission_manager' build argument 'catkin_cmake_args' from command line to 'None'
[0.216s] Level 5:colcon.colcon_core.verb:set package 'ika_mission_manager' build argument 'catkin_skip_building_tests' from command line to 'False'
[0.216s] DEBUG:colcon.colcon_core.verb:Building package 'ika_mission_manager' with the following arguments: {'ament_cmake_args': None, 'build_base': '/home/sukru/ika_teknofest_aventra_ws/build/ika_mission_manager', 'catkin_cmake_args': None, 'catkin_skip_building_tests': False, 'cmake_args': None, 'cmake_clean_cache': False, 'cmake_clean_first': False, 'cmake_force_configure': False, 'cmake_target': None, 'cmake_target_skip_unavailable': False, 'install_base': '/home/sukru/ika_teknofest_aventra_ws/install/ika_mission_manager', 'merge_install': False, 'path': '/home/sukru/ika_teknofest_aventra_ws/src/ika_mission_manager', 'symlink_install': True, 'test_result_base': None}
[0.216s] Level 5:colcon.colcon_core.verb:set package 'ika_msgs' build argument 'cmake_args' from command line to 'None'
[0.216s] Level 5:colcon.colcon_core.verb:set package 'ika_msgs' build argument 'cmake_target' from command line to 'None'
[0.216s] Level 5:colcon.colcon_core.verb:set package 'ika_msgs' build argument 'cmake_target_skip_unavailable' from command line to 'False'
[0.216s] Level 5:colcon.colcon_core.verb:set package 'ika_msgs' build argument 'cmake_clean_cache' from command line to 'False'
[0.216s] Level 5:colcon.colcon_core.verb:set package 'ika_msgs' build argument 'cmake_clean_first' from command line to 'False'
[0.216s] Level 5:colcon.colcon_core.verb:set package 'ika_msgs' build argument 'cmake_force_configure' from command line to 'False'
[0.216s] Level 5:colcon.colcon_core.verb:set package 'ika_msgs' build argument 'ament_cmake_args' from command line to 'None'
[0.216s] Level 5:colcon.colcon_core.verb:set package 'ika_msgs' build argument 'catkin_cmake_args' from command line to 'None'
[0.216s] Level 5:colcon.colcon_core.verb:set package 'ika_msgs' build argument 'catkin_skip_building_tests' from command line to 'False'
[0.216s] DEBUG:colcon.colcon_core.verb:Building package 'ika_msgs' with the following arguments: {'ament_cmake_args': None, 'build_base': '/home/sukru/ika_teknofest_aventra_ws/build/ika_msgs', 'catkin_cmake_args': None, 'catkin_skip_building_tests': False, 'cmake_args': None, 'cmake_clean_cache': False, 'cmake_clean_first': False, 'cmake_force_configure': False, 'cmake_target': None, 'cmake_target_skip_unavailable': False, 'install_base': '/home/sukru/ika_teknofest_aventra_ws/install/ika_msgs', 'merge_install': False, 'path': '/home/sukru/ika_teknofest_aventra_ws/src/ika_msgs', 'symlink_install': True, 'test_result_base': None}
[0.216s] Level 5:colcon.colcon_core.verb:set package 'ika_navigation' build argument 'cmake_args' from command line to 'None'
[0.216s] Level 5:colcon.colcon_core.verb:set package 'ika_navigation' build argument 'cmake_target' from command line to 'None'
[0.216s] Level 5:colcon.colcon_core.verb:set package 'ika_navigation' build argument 'cmake_target_skip_unavailable' from command line to 'False'
[0.216s] Level 5:colcon.colcon_core.verb:set package 'ika_navigation' build argument 'cmake_clean_cache' from command line to 'False'
[0.216s] Level 5:colcon.colcon_core.verb:set package 'ika_navigation' build argument 'cmake_clean_first' from command line to 'False'
[0.216s] Level 5:colcon.colcon_core.verb:set package 'ika_navigation' build argument 'cmake_force_configure' from command line to 'False'
[0.216s] Level 5:colcon.colcon_core.verb:set package 'ika_navigation' build argument 'ament_cmake_args' from command line to 'None'
[0.216s] Level 5:colcon.colcon_core.verb:set package 'ika_navigation' build argument 'catkin_cmake_args' from command line to 'None'
[0.216s] Level 5:colcon.colcon_core.verb:set package 'ika_navigation' build argument 'catkin_skip_building_tests' from command line to 'False'
[0.216s] DEBUG:colcon.colcon_core.verb:Building package 'ika_navigation' with the following arguments: {'ament_cmake_args': None, 'build_base': '/home/sukru/ika_teknofest_aventra_ws/build/ika_navigation', 'catkin_cmake_args': None, 'catkin_skip_building_tests': False, 'cmake_args': None, 'cmake_clean_cache': False, 'cmake_clean_first': False, 'cmake_force_configure': False, 'cmake_target': None, 'cmake_target_skip_unavailable': False, 'install_base': '/home/sukru/ika_teknofest_aventra_ws/install/ika_navigation', 'merge_install': False, 'path': '/home/sukru/ika_teknofest_aventra_ws/src/ika_navigation', 'symlink_install': True, 'test_result_base': None}
[0.216s] Level 5:colcon.colcon_core.verb:set package 'ika_perception' build argument 'cmake_args' from command line to 'None'
[0.216s] Level 5:colcon.colcon_core.verb:set package 'ika_perception' build argument 'cmake_target' from command line to 'None'
[0.216s] Level 5:colcon.colcon_core.verb:set package 'ika_perception' build argument 'cmake_target_skip_unavailable' from command line to 'False'
[0.216s] Level 5:colcon.colcon_core.verb:set package 'ika_perception' build argument 'cmake_clean_cache' from command line to 'False'
[0.216s] Level 5:colcon.colcon_core.verb:set package 'ika_perception' build argument 'cmake_clean_first' from command line to 'False'
[0.216s] Level 5:colcon.colcon_core.verb:set package 'ika_perception' build argument 'cmake_force_configure' from command line to 'False'
[0.216s] Level 5:colcon.colcon_core.verb:set package 'ika_perception' build argument 'ament_cmake_args' from command line to 'None'
[0.216s] Level 5:colcon.colcon_core.verb:set package 'ika_perception' build argument 'catkin_cmake_args' from command line to 'None'
[0.216s] Level 5:colcon.colcon_core.verb:set package 'ika_perception' build argument 'catkin_skip_building_tests' from command line to 'False'
[0.216s] DEBUG:colcon.colcon_core.verb:Building package 'ika_perception' with the following arguments: {'ament_cmake_args': None, 'build_base': '/home/sukru/ika_teknofest_aventra_ws/build/ika_perception', 'catkin_cmake_args': None, 'catkin_skip_building_tests': False, 'cmake_args': None, 'cmake_clean_cache': False, 'cmake_clean_first': False, 'cmake_force_configure': False, 'cmake_target': None, 'cmake_target_skip_unavailable': False, 'install_base': '/home/sukru/ika_teknofest_aventra_ws/install/ika_perception', 'merge_install': False, 'path': '/home/sukru/ika_teknofest_aventra_ws/src/ika_perception', 'symlink_install': True, 'test_result_base': None}
[0.217s] Level 5:colcon.colcon_core.verb:set package 'ika_targeting' build argument 'cmake_args' from command line to 'None'
[0.217s] Level 5:colcon.colcon_core.verb:set package 'ika_targeting' build argument 'cmake_target' from command line to 'None'
[0.217s] Level 5:colcon.colcon_core.verb:set package 'ika_targeting' build argument 'cmake_target_skip_unavailable' from command line to 'False'
[0.217s] Level 5:colcon.colcon_core.verb:set package 'ika_targeting' build argument 'cmake_clean_cache' from command line to 'False'
[0.217s] Level 5:colcon.colcon_core.verb:set package 'ika_targeting' build argument 'cmake_clean_first' from command line to 'False'
[0.217s] Level 5:colcon.colcon_core.verb:set package 'ika_targeting' build argument 'cmake_force_configure' from command line to 'False'
[0.217s] Level 5:colcon.colcon_core.verb:set package 'ika_targeting' build argument 'ament_cmake_args' from command line to 'None'
[0.217s] Level 5:colcon.colcon_core.verb:set package 'ika_targeting' build argument 'catkin_cmake_args' from command line to 'None'
[0.217s] Level 5:colcon.colcon_core.verb:set package 'ika_targeting' build argument 'catkin_skip_building_tests' from command line to 'False'
[0.217s] DEBUG:colcon.colcon_core.verb:Building package 'ika_targeting' with the following arguments: {'ament_cmake_args': None, 'build_base': '/home/sukru/ika_teknofest_aventra_ws/build/ika_targeting', 'catkin_cmake_args': None, 'catkin_skip_building_tests': False, 'cmake_args': None, 'cmake_clean_cache': False, 'cmake_clean_first': False, 'cmake_force_configure': False, 'cmake_target': None, 'cmake_target_skip_unavailable': False, 'install_base': '/home/sukru/ika_teknofest_aventra_ws/install/ika_targeting', 'merge_install': False, 'path': '/home/sukru/ika_teknofest_aventra_ws/src/ika_targeting', 'symlink_install': True, 'test_result_base': None}
[0.217s] Level 5:colcon.colcon_core.verb:set package 'ika_ui_bridge' build argument 'cmake_args' from command line to 'None'
[0.217s] Level 5:colcon.colcon_core.verb:set package 'ika_ui_bridge' build argument 'cmake_target' from command line to 'None'
[0.217s] Level 5:colcon.colcon_core.verb:set package 'ika_ui_bridge' build argument 'cmake_target_skip_unavailable' from command line to 'False'
[0.217s] Level 5:colcon.colcon_core.verb:set package 'ika_ui_bridge' build argument 'cmake_clean_cache' from command line to 'False'
[0.217s] Level 5:colcon.colcon_core.verb:set package 'ika_ui_bridge' build argument 'cmake_clean_first' from command line to 'False'
[0.217s] Level 5:colcon.colcon_core.verb:set package 'ika_ui_bridge' build argument 'cmake_force_configure' from command line to 'False'
[0.217s] Level 5:colcon.colcon_core.verb:set package 'ika_ui_bridge' build argument 'ament_cmake_args' from command line to 'None'
[0.217s] Level 5:colcon.colcon_core.verb:set package 'ika_ui_bridge' build argument 'catkin_cmake_args' from command line to 'None'
[0.217s] Level 5:colcon.colcon_core.verb:set package 'ika_ui_bridge' build argument 'catkin_skip_building_tests' from command line to 'False'
[0.217s] DEBUG:colcon.colcon_core.verb:Building package 'ika_ui_bridge' with the following arguments: {'ament_cmake_args': None, 'build_base': '/home/sukru/ika_teknofest_aventra_ws/build/ika_ui_bridge', 'catkin_cmake_args': None, 'catkin_skip_building_tests': False, 'cmake_args': None, 'cmake_clean_cache': False, 'cmake_clean_first': False, 'cmake_force_configure': False, 'cmake_target': None, 'cmake_target_skip_unavailable': False, 'install_base': '/home/sukru/ika_teknofest_aventra_ws/install/ika_ui_bridge', 'merge_install': False, 'path': '/home/sukru/ika_teknofest_aventra_ws/src/ika_ui_bridge', 'symlink_install': True, 'test_result_base': None}
[0.217s] Level 5:colcon.colcon_core.verb:set package 'ika_description' build argument 'cmake_args' from command line to 'None'
[0.217s] Level 5:colcon.colcon_core.verb:set package 'ika_description' build argument 'cmake_target' from command line to 'None'
[0.217s] Level 5:colcon.colcon_core.verb:set package 'ika_description' build argument 'cmake_target_skip_unavailable' from command line to 'False'
[0.217s] Level 5:colcon.colcon_core.verb:set package 'ika_description' build argument 'cmake_clean_cache' from command line to 'False'
[0.217s] Level 5:colcon.colcon_core.verb:set package 'ika_description' build argument 'cmake_clean_first' from command line to 'False'
[0.217s] Level 5:colcon.colcon_core.verb:set package 'ika_description' build argument 'cmake_force_configure' from command line to 'False'
[0.217s] Level 5:colcon.colcon_core.verb:set package 'ika_description' build argument 'ament_cmake_args' from command line to 'None'
[0.217s] Level 5:colcon.colcon_core.verb:set package 'ika_description' build argument 'catkin_cmake_args' from command line to 'None'
[0.217s] Level 5:colcon.colcon_core.verb:set package 'ika_description' build argument 'catkin_skip_building_tests' from command line to 'False'
[0.217s] DEBUG:colcon.colcon_core.verb:Building package 'ika_description' with the following arguments: {'ament_cmake_args': None, 'build_base': '/home/sukru/ika_teknofest_aventra_ws/build/ika_description', 'catkin_cmake_args': None, 'catkin_skip_building_tests': False, 'cmake_args': None, 'cmake_clean_cache': False, 'cmake_clean_first': False, 'cmake_force_configure': False, 'cmake_target': None, 'cmake_target_skip_unavailable': False, 'install_base': '/home/sukru/ika_teknofest_aventra_ws/install/ika_description', 'merge_install': False, 'path': '/home/sukru/ika_teknofest_aventra_ws/src/ika_description', 'symlink_install': True, 'test_result_base': None}
[0.218s] Level 5:colcon.colcon_core.verb:set package 'ika_sensors' build argument 'cmake_args' from command line to 'None'
[0.218s] Level 5:colcon.colcon_core.verb:set package 'ika_sensors' build argument 'cmake_target' from command line to 'None'
[0.218s] Level 5:colcon.colcon_core.verb:set package 'ika_sensors' build argument 'cmake_target_skip_unavailable' from command line to 'False'
[0.218s] Level 5:colcon.colcon_core.verb:set package 'ika_sensors' build argument 'cmake_clean_cache' from command line to 'False'
[0.218s] Level 5:colcon.colcon_core.verb:set package 'ika_sensors' build argument 'cmake_clean_first' from command line to 'False'
[0.218s] Level 5:colcon.colcon_core.verb:set package 'ika_sensors' build argument 'cmake_force_configure' from command line to 'False'
[0.218s] Level 5:colcon.colcon_core.verb:set package 'ika_sensors' build argument 'ament_cmake_args' from command line to 'None'
[0.218s] Level 5:colcon.colcon_core.verb:set package 'ika_sensors' build argument 'catkin_cmake_args' from command line to 'None'
[0.218s] Level 5:colcon.colcon_core.verb:set package 'ika_sensors' build argument 'catkin_skip_building_tests' from command line to 'False'
[0.218s] DEBUG:colcon.colcon_core.verb:Building package 'ika_sensors' with the following arguments: {'ament_cmake_args': None, 'build_base': '/home/sukru/ika_teknofest_aventra_ws/build/ika_sensors', 'catkin_cmake_args': None, 'catkin_skip_building_tests': False, 'cmake_args': None, 'cmake_clean_cache': False, 'cmake_clean_first': False, 'cmake_force_configure': False, 'cmake_target': None, 'cmake_target_skip_unavailable': False, 'install_base': '/home/sukru/ika_teknofest_aventra_ws/install/ika_sensors', 'merge_install': False, 'path': '/home/sukru/ika_teknofest_aventra_ws/src/ika_sensors', 'symlink_install': True, 'test_result_base': None}
[0.218s] Level 5:colcon.colcon_core.verb:set package 'ika_gazebo' build argument 'cmake_args' from command line to 'None'
[0.218s] Level 5:colcon.colcon_core.verb:set package 'ika_gazebo' build argument 'cmake_target' from command line to 'None'
[0.218s] Level 5:colcon.colcon_core.verb:set package 'ika_gazebo' build argument 'cmake_target_skip_unavailable' from command line to 'False'
[0.218s] Level 5:colcon.colcon_core.verb:set package 'ika_gazebo' build argument 'cmake_clean_cache' from command line to 'False'
[0.218s] Level 5:colcon.colcon_core.verb:set package 'ika_gazebo' build argument 'cmake_clean_first' from command line to 'False'
[0.218s] Level 5:colcon.colcon_core.verb:set package 'ika_gazebo' build argument 'cmake_force_configure' from command line to 'False'
[0.218s] Level 5:colcon.colcon_core.verb:set package 'ika_gazebo' build argument 'ament_cmake_args' from command line to 'None'
[0.218s] Level 5:colcon.colcon_core.verb:set package 'ika_gazebo' build argument 'catkin_cmake_args' from command line to 'None'
[0.218s] Level 5:colcon.colcon_core.verb:set package 'ika_gazebo' build argument 'catkin_skip_building_tests' from command line to 'False'
[0.218s] DEBUG:colcon.colcon_core.verb:Building package 'ika_gazebo' with the following arguments: {'ament_cmake_args': None, 'build_base': '/home/sukru/ika_teknofest_aventra_ws/build/ika_gazebo', 'catkin_cmake_args': None, 'catkin_skip_building_tests': False, 'cmake_args': None, 'cmake_clean_cache': False, 'cmake_clean_first': False, 'cmake_force_configure': False, 'cmake_target': None, 'cmake_target_skip_unavailable': False, 'install_base': '/home/sukru/ika_teknofest_aventra_ws/install/ika_gazebo', 'merge_install': False, 'path': '/home/sukru/ika_teknofest_aventra_ws/src/ika_gazebo', 'symlink_install': True, 'test_result_base': None}
[0.218s] Level 5:colcon.colcon_core.verb:set package 'ika_bringup' build argument 'cmake_args' from command line to 'None'
[0.218s] Level 5:colcon.colcon_core.verb:set package 'ika_bringup' build argument 'cmake_target' from command line to 'None'
[0.218s] Level 5:colcon.colcon_core.verb:set package 'ika_bringup' build argument 'cmake_target_skip_unavailable' from command line to 'False'
[0.218s] Level 5:colcon.colcon_core.verb:set package 'ika_bringup' build argument 'cmake_clean_cache' from command line to 'False'
[0.218s] Level 5:colcon.colcon_core.verb:set package 'ika_bringup' build argument 'cmake_clean_first' from command line to 'False'
[0.218s] Level 5:colcon.colcon_core.verb:set package 'ika_bringup' build argument 'cmake_force_configure' from command line to 'False'
[0.218s] Level 5:colcon.colcon_core.verb:set package 'ika_bringup' build argument 'ament_cmake_args' from command line to 'None'
[0.218s] Level 5:colcon.colcon_core.verb:set package 'ika_bringup' build argument 'catkin_cmake_args' from command line to 'None'
[0.218s] Level 5:colcon.colcon_core.verb:set package 'ika_bringup' build argument 'catkin_skip_building_tests' from command line to 'False'
[0.218s] DEBUG:colcon.colcon_core.verb:Building package 'ika_bringup' with the following arguments: {'ament_cmake_args': None, 'build_base': '/home/sukru/ika_teknofest_aventra_ws/build/ika_bringup', 'catkin_cmake_args': None, 'catkin_skip_building_tests': False, 'cmake_args': None, 'cmake_clean_cache': False, 'cmake_clean_first': False, 'cmake_force_configure': False, 'cmake_target': None, 'cmake_target_skip_unavailable': False, 'install_base': '/home/sukru/ika_teknofest_aventra_ws/install/ika_bringup', 'merge_install': False, 'path': '/home/sukru/ika_teknofest_aventra_ws/src/ika_bringup', 'symlink_install': True, 'test_result_base': None}
[0.218s] INFO:colcon.colcon_core.executor:Executing jobs using 'parallel' executor
[0.219s] DEBUG:colcon.colcon_parallel_executor.executor.parallel:run_until_complete
[0.220s] INFO:colcon.colcon_ros.task.ament_python.build:Building ROS package in '/home/sukru/ika_teknofest_aventra_ws/src/ika_control' with build type 'ament_python'
[0.220s] Level 1:colcon.colcon_core.shell:create_environment_hook('ika_control', 'ament_prefix_path')
[0.221s] INFO:colcon.colcon_core.plugin_system:Skipping extension 'colcon_core.shell.bat': Not used on non-Windows systems
[0.221s] INFO:colcon.colcon_core.shell:Creating environment hook '/home/sukru/ika_teknofest_aventra_ws/install/ika_control/share/ika_control/hook/ament_prefix_path.ps1'
[0.222s] INFO:colcon.colcon_core.shell:Creating environment descriptor '/home/sukru/ika_teknofest_aventra_ws/install/ika_control/share/ika_control/hook/ament_prefix_path.dsv'
[0.222s] INFO:colcon.colcon_core.shell:Creating environment hook '/home/sukru/ika_teknofest_aventra_ws/install/ika_control/share/ika_control/hook/ament_prefix_path.sh'
[0.222s] INFO:colcon.colcon_core.shell:Skip shell extension 'powershell' for command environment: Not usable outside of PowerShell
[0.222s] DEBUG:colcon.colcon_core.shell:Skip shell extension 'dsv' for command environment
[0.225s] INFO:colcon.colcon_ros.task.ament_cmake.build:Building ROS package in '/home/sukru/ika_teknofest_aventra_ws/src/ika_msgs' with build type 'ament_cmake'
[0.225s] INFO:colcon.colcon_cmake.task.cmake.build:Building CMake package in '/home/sukru/ika_teknofest_aventra_ws/src/ika_msgs'
[0.226s] INFO:colcon.colcon_core.shell:Skip shell extension 'powershell' for command environment: Not usable outside of PowerShell
[0.226s] DEBUG:colcon.colcon_core.shell:Skip shell extension 'dsv' for command environment
[0.229s] INFO:colcon.colcon_ros.task.ament_python.build:Building ROS package in '/home/sukru/ika_teknofest_aventra_ws/src/ika_behaviors' with build type 'ament_python'
[0.229s] Level 1:colcon.colcon_core.shell:create_environment_hook('ika_behaviors', 'ament_prefix_path')
[0.229s] INFO:colcon.colcon_core.shell:Creating environment hook '/home/sukru/ika_teknofest_aventra_ws/install/ika_behaviors/share/ika_behaviors/hook/ament_prefix_path.ps1'
[0.229s] INFO:colcon.colcon_core.shell:Creating environment descriptor '/home/sukru/ika_teknofest_aventra_ws/install/ika_behaviors/share/ika_behaviors/hook/ament_prefix_path.dsv'
[0.229s] INFO:colcon.colcon_core.shell:Creating environment hook '/home/sukru/ika_teknofest_aventra_ws/install/ika_behaviors/share/ika_behaviors/hook/ament_prefix_path.sh'
[0.229s] INFO:colcon.colcon_core.shell:Skip shell extension 'powershell' for command environment: Not usable outside of PowerShell
[0.230s] DEBUG:colcon.colcon_core.shell:Skip shell extension 'dsv' for command environment
[0.232s] INFO:colcon.colcon_ros.task.ament_python.build:Building ROS package in '/home/sukru/ika_teknofest_aventra_ws/src/ika_data_logger' with build type 'ament_python'
[0.232s] Level 1:colcon.colcon_core.shell:create_environment_hook('ika_data_logger', 'ament_prefix_path')
[0.233s] INFO:colcon.colcon_core.shell:Creating environment hook '/home/sukru/ika_teknofest_aventra_ws/install/ika_data_logger/share/ika_data_logger/hook/ament_prefix_path.ps1'
[0.233s] INFO:colcon.colcon_core.shell:Creating environment descriptor '/home/sukru/ika_teknofest_aventra_ws/install/ika_data_logger/share/ika_data_logger/hook/ament_prefix_path.dsv'
[0.233s] INFO:colcon.colcon_core.shell:Creating environment hook '/home/sukru/ika_teknofest_aventra_ws/install/ika_data_logger/share/ika_data_logger/hook/ament_prefix_path.sh'
[0.233s] INFO:colcon.colcon_core.shell:Skip shell extension 'powershell' for command environment: Not usable outside of PowerShell
[0.233s] DEBUG:colcon.colcon_core.shell:Skip shell extension 'dsv' for command environment
[0.236s] INFO:colcon.colcon_ros.task.ament_python.build:Building ROS package in '/home/sukru/ika_teknofest_aventra_ws/src/ika_hardware' with build type 'ament_python'
[0.236s] Level 1:colcon.colcon_core.shell:create_environment_hook('ika_hardware', 'ament_prefix_path')
[0.236s] INFO:colcon.colcon_core.shell:Creating environment hook '/home/sukru/ika_teknofest_aventra_ws/install/ika_hardware/share/ika_hardware/hook/ament_prefix_path.ps1'
[0.237s] INFO:colcon.colcon_core.shell:Creating environment descriptor '/home/sukru/ika_teknofest_aventra_ws/install/ika_hardware/share/ika_hardware/hook/ament_prefix_path.dsv'
[0.237s] INFO:colcon.colcon_core.shell:Creating environment hook '/home/sukru/ika_teknofest_aventra_ws/install/ika_hardware/share/ika_hardware/hook/ament_prefix_path.sh'
[0.237s] INFO:colcon.colcon_core.shell:Skip shell extension 'powershell' for command environment: Not usable outside of PowerShell
[0.237s] DEBUG:colcon.colcon_core.shell:Skip shell extension 'dsv' for command environment
[0.240s] INFO:colcon.colcon_ros.task.ament_python.build:Building ROS package in '/home/sukru/ika_teknofest_aventra_ws/src/ika_localization' with build type 'ament_python'
[0.240s] Level 1:colcon.colcon_core.shell:create_environment_hook('ika_localization', 'ament_prefix_path')
[0.240s] INFO:colcon.colcon_core.shell:Creating environment hook '/home/sukru/ika_teknofest_aventra_ws/install/ika_localization/share/ika_localization/hook/ament_prefix_path.ps1'
[0.241s] INFO:colcon.colcon_core.shell:Creating environment descriptor '/home/sukru/ika_teknofest_aventra_ws/install/ika_localization/share/ika_localization/hook/ament_prefix_path.dsv'
[0.241s] INFO:colcon.colcon_core.shell:Creating environment hook '/home/sukru/ika_teknofest_aventra_ws/install/ika_localization/share/ika_localization/hook/ament_prefix_path.sh'
[0.241s] INFO:colcon.colcon_core.shell:Skip shell extension 'powershell' for command environment: Not usable outside of PowerShell
[0.241s] DEBUG:colcon.colcon_core.shell:Skip shell extension 'dsv' for command environment
[0.244s] INFO:colcon.colcon_ros.task.ament_python.build:Building ROS package in '/home/sukru/ika_teknofest_aventra_ws/src/ika_mission_manager' with build type 'ament_python'
[0.244s] Level 1:colcon.colcon_core.shell:create_environment_hook('ika_mission_manager', 'ament_prefix_path')
[0.244s] INFO:colcon.colcon_core.shell:Creating environment hook '/home/sukru/ika_teknofest_aventra_ws/install/ika_mission_manager/share/ika_mission_manager/hook/ament_prefix_path.ps1'
[0.245s] INFO:colcon.colcon_core.shell:Creating environment descriptor '/home/sukru/ika_teknofest_aventra_ws/install/ika_mission_manager/share/ika_mission_manager/hook/ament_prefix_path.dsv'
[0.245s] INFO:colcon.colcon_core.shell:Creating environment hook '/home/sukru/ika_teknofest_aventra_ws/install/ika_mission_manager/share/ika_mission_manager/hook/ament_prefix_path.sh'
[0.245s] INFO:colcon.colcon_core.shell:Skip shell extension 'powershell' for command environment: Not usable outside of PowerShell
[0.245s] DEBUG:colcon.colcon_core.shell:Skip shell extension 'dsv' for command environment
[0.249s] INFO:colcon.colcon_ros.task.ament_python.build:Building ROS package in '/home/sukru/ika_teknofest_aventra_ws/src/ika_navigation' with build type 'ament_python'
[0.249s] Level 1:colcon.colcon_core.shell:create_environment_hook('ika_navigation', 'ament_prefix_path')
[0.249s] INFO:colcon.colcon_core.shell:Creating environment hook '/home/sukru/ika_teknofest_aventra_ws/install/ika_navigation/share/ika_navigation/hook/ament_prefix_path.ps1'
[0.249s] INFO:colcon.colcon_core.shell:Creating environment descriptor '/home/sukru/ika_teknofest_aventra_ws/install/ika_navigation/share/ika_navigation/hook/ament_prefix_path.dsv'
[0.249s] INFO:colcon.colcon_core.shell:Creating environment hook '/home/sukru/ika_teknofest_aventra_ws/install/ika_navigation/share/ika_navigation/hook/ament_prefix_path.sh'
[0.250s] INFO:colcon.colcon_core.shell:Skip shell extension 'powershell' for command environment: Not usable outside of PowerShell
[0.250s] DEBUG:colcon.colcon_core.shell:Skip shell extension 'dsv' for command environment
[0.253s] INFO:colcon.colcon_ros.task.ament_python.build:Building ROS package in '/home/sukru/ika_teknofest_aventra_ws/src/ika_perception' with build type 'ament_python'
[0.253s] Level 1:colcon.colcon_core.shell:create_environment_hook('ika_perception', 'ament_prefix_path')
[0.253s] INFO:colcon.colcon_core.shell:Creating environment hook '/home/sukru/ika_teknofest_aventra_ws/install/ika_perception/share/ika_perception/hook/ament_prefix_path.ps1'
[0.253s] INFO:colcon.colcon_core.shell:Creating environment descriptor '/home/sukru/ika_teknofest_aventra_ws/install/ika_perception/share/ika_perception/hook/ament_prefix_path.dsv'
[0.253s] INFO:colcon.colcon_core.shell:Creating environment hook '/home/sukru/ika_teknofest_aventra_ws/install/ika_perception/share/ika_perception/hook/ament_prefix_path.sh'
[0.253s] INFO:colcon.colcon_core.shell:Skip shell extension 'powershell' for command environment: Not usable outside of PowerShell
[0.253s] DEBUG:colcon.colcon_core.shell:Skip shell extension 'dsv' for command environment
[0.257s] INFO:colcon.colcon_ros.task.ament_python.build:Building ROS package in '/home/sukru/ika_teknofest_aventra_ws/src/ika_targeting' with build type 'ament_python'
[0.257s] Level 1:colcon.colcon_core.shell:create_environment_hook('ika_targeting', 'ament_prefix_path')
[0.257s] INFO:colcon.colcon_core.shell:Creating environment hook '/home/sukru/ika_teknofest_aventra_ws/install/ika_targeting/share/ika_targeting/hook/ament_prefix_path.ps1'
[0.257s] INFO:colcon.colcon_core.shell:Creating environment descriptor '/home/sukru/ika_teknofest_aventra_ws/install/ika_targeting/share/ika_targeting/hook/ament_prefix_path.dsv'
[0.257s] INFO:colcon.colcon_core.shell:Creating environment hook '/home/sukru/ika_teknofest_aventra_ws/install/ika_targeting/share/ika_targeting/hook/ament_prefix_path.sh'
[0.257s] INFO:colcon.colcon_core.shell:Skip shell extension 'powershell' for command environment: Not usable outside of PowerShell
[0.257s] DEBUG:colcon.colcon_core.shell:Skip shell extension 'dsv' for command environment
[0.262s] INFO:colcon.colcon_ros.task.ament_python.build:Building ROS package in '/home/sukru/ika_teknofest_aventra_ws/src/ika_ui_bridge' with build type 'ament_python'
[0.263s] Level 1:colcon.colcon_core.shell:create_environment_hook('ika_ui_bridge', 'ament_prefix_path')
[0.263s] INFO:colcon.colcon_core.shell:Creating environment hook '/home/sukru/ika_teknofest_aventra_ws/install/ika_ui_bridge/share/ika_ui_bridge/hook/ament_prefix_path.ps1'
[0.263s] INFO:colcon.colcon_core.shell:Creating environment descriptor '/home/sukru/ika_teknofest_aventra_ws/install/ika_ui_bridge/share/ika_ui_bridge/hook/ament_prefix_path.dsv'
[0.263s] INFO:colcon.colcon_core.shell:Creating environment hook '/home/sukru/ika_teknofest_aventra_ws/install/ika_ui_bridge/share/ika_ui_bridge/hook/ament_prefix_path.sh'
[0.263s] INFO:colcon.colcon_core.shell:Skip shell extension 'powershell' for command environment: Not usable outside of PowerShell
[0.263s] DEBUG:colcon.colcon_core.shell:Skip shell extension 'dsv' for command environment
[0.420s] INFO:colcon.colcon_core.task.python.build:Building Python package in '/home/sukru/ika_teknofest_aventra_ws/src/ika_control'
[0.420s] INFO:colcon.colcon_core.shell:Skip shell extension 'powershell' for command environment: Not usable outside of PowerShell
[0.420s] DEBUG:colcon.colcon_core.shell:Skip shell extension 'dsv' for command environment
[0.426s] DEBUG:colcon.colcon_core.event_handler.log_command:Invoking command in '/home/sukru/ika_teknofest_aventra_ws/build/ika_msgs': CMAKE_PREFIX_PATH=${CMAKE_PREFIX_PATH}:/home/sukru/ika_teknofest_aventra_ws/install/ika_ui_bridge:/home/sukru/ika_teknofest_aventra_ws/install/ika_targeting:/home/sukru/ika_teknofest_aventra_ws/install/ika_sensors:/home/sukru/ika_teknofest_aventra_ws/install/ika_perception:/home/sukru/ika_teknofest_aventra_ws/install/ika_navigation:/home/sukru/ika_teknofest_aventra_ws/install/ika_mission_manager:/home/sukru/ika_teknofest_aventra_ws/install/ika_localization:/home/sukru/ika_teknofest_aventra_ws/install/ika_hardware:/home/sukru/ika_teknofest_aventra_ws/install/ika_data_logger:/home/sukru/ika_teknofest_aventra_ws/install/ika_control:/home/sukru/ika_teknofest_aventra_ws/install/ika_behaviors:/home/sukru/ai_autonomi_ws/install/ika_autonomi:/home/sukru/Desktop/otonom_atis/install/python_pkg:/home/sukru/ros_ws_vacuum_bot/install/vacuum_teleop:/home/sukru/ros_ws_vacuum_bot/install/vacuum_sensors:/home/sukru/ros_ws_vacuum_bot/install/vacuum_navigation:/home/sukru/ros_ws_vacuum_bot/install/vacuum_msgs:/home/sukru/ros_ws_vacuum_bot/install/vacuum_mapping:/home/sukru/ros_ws_vacuum_bot/install/vacuum_description:/home/sukru/ros_ws_vacuum_bot/install/vacuum_control:/home/sukru/ros_ws_vacuum_bot/install/vacuum_bringup:/home/sukru/ros_ws_demo/install/python_pkg:/opt/ros/humble /usr/bin/cmake /home/sukru/ika_teknofest_aventra_ws/src/ika_msgs -DAMENT_CMAKE_SYMLINK_INSTALL=1 -DCMAKE_INSTALL_PREFIX=/home/sukru/ika_teknofest_aventra_ws/install/ika_msgs
[0.579s] INFO:colcon.colcon_core.task.python.build:Building Python package in '/home/sukru/ika_teknofest_aventra_ws/src/ika_behaviors'
[0.579s] INFO:colcon.colcon_core.shell:Skip shell extension 'powershell' for command environment: Not usable outside of PowerShell
[0.579s] DEBUG:colcon.colcon_core.shell:Skip shell extension 'dsv' for command environment
[0.741s] INFO:colcon.colcon_core.task.python.build:Building Python package in '/home/sukru/ika_teknofest_aventra_ws/src/ika_data_logger'
[0.742s] INFO:colcon.colcon_core.shell:Skip shell extension 'powershell' for command environment: Not usable outside of PowerShell
[0.742s] DEBUG:colcon.colcon_core.shell:Skip shell extension 'dsv' for command environment
[0.911s] INFO:colcon.colcon_core.task.python.build:Building Python package in '/home/sukru/ika_teknofest_aventra_ws/src/ika_hardware'
[0.911s] INFO:colcon.colcon_core.shell:Skip shell extension 'powershell' for command environment: Not usable outside of PowerShell
[0.911s] DEBUG:colcon.colcon_core.shell:Skip shell extension 'dsv' for command environment
[1.070s] INFO:colcon.colcon_core.task.python.build:Building Python package in '/home/sukru/ika_teknofest_aventra_ws/src/ika_localization'
[1.070s] INFO:colcon.colcon_core.shell:Skip shell extension 'powershell' for command environment: Not usable outside of PowerShell
[1.070s] DEBUG:colcon.colcon_core.shell:Skip shell extension 'dsv' for command environment
[1.246s] INFO:colcon.colcon_core.task.python.build:Building Python package in '/home/sukru/ika_teknofest_aventra_ws/src/ika_mission_manager'
[1.247s] INFO:colcon.colcon_core.shell:Skip shell extension 'powershell' for command environment: Not usable outside of PowerShell
[1.247s] DEBUG:colcon.colcon_core.shell:Skip shell extension 'dsv' for command environment
[1.409s] INFO:colcon.colcon_core.task.python.build:Building Python package in '/home/sukru/ika_teknofest_aventra_ws/src/ika_navigation'
[1.409s] INFO:colcon.colcon_core.shell:Skip shell extension 'powershell' for command environment: Not usable outside of PowerShell
[1.409s] DEBUG:colcon.colcon_core.shell:Skip shell extension 'dsv' for command environment
[1.575s] INFO:colcon.colcon_core.task.python.build:Building Python package in '/home/sukru/ika_teknofest_aventra_ws/src/ika_perception'
[1.576s] INFO:colcon.colcon_core.shell:Skip shell extension 'powershell' for command environment: Not usable outside of PowerShell
[1.576s] DEBUG:colcon.colcon_core.shell:Skip shell extension 'dsv' for command environment
[1.739s] INFO:colcon.colcon_core.task.python.build:Building Python package in '/home/sukru/ika_teknofest_aventra_ws/src/ika_targeting'
[1.739s] INFO:colcon.colcon_core.shell:Skip shell extension 'powershell' for command environment: Not usable outside of PowerShell
[1.739s] DEBUG:colcon.colcon_core.shell:Skip shell extension 'dsv' for command environment
[1.910s] INFO:colcon.colcon_core.task.python.build:Building Python package in '/home/sukru/ika_teknofest_aventra_ws/src/ika_ui_bridge'
[1.910s] INFO:colcon.colcon_core.shell:Skip shell extension 'powershell' for command environment: Not usable outside of PowerShell
[1.910s] DEBUG:colcon.colcon_core.shell:Skip shell extension 'dsv' for command environment
[1.919s] DEBUG:colcon.colcon_core.event_handler.log_command:Invoked command in '/home/sukru/ika_teknofest_aventra_ws/build/ika_msgs' returned '0': CMAKE_PREFIX_PATH=${CMAKE_PREFIX_PATH}:/home/sukru/ika_teknofest_aventra_ws/install/ika_ui_bridge:/home/sukru/ika_teknofest_aventra_ws/install/ika_targeting:/home/sukru/ika_teknofest_aventra_ws/install/ika_sensors:/home/sukru/ika_teknofest_aventra_ws/install/ika_perception:/home/sukru/ika_teknofest_aventra_ws/install/ika_navigation:/home/sukru/ika_teknofest_aventra_ws/install/ika_mission_manager:/home/sukru/ika_teknofest_aventra_ws/install/ika_localization:/home/sukru/ika_teknofest_aventra_ws/install/ika_hardware:/home/sukru/ika_teknofest_aventra_ws/install/ika_data_logger:/home/sukru/ika_teknofest_aventra_ws/install/ika_control:/home/sukru/ika_teknofest_aventra_ws/install/ika_behaviors:/home/sukru/ai_autonomi_ws/install/ika_autonomi:/home/sukru/Desktop/otonom_atis/install/python_pkg:/home/sukru/ros_ws_vacuum_bot/install/vacuum_teleop:/home/sukru/ros_ws_vacuum_bot/install/vacuum_sensors:/home/sukru/ros_ws_vacuum_bot/install/vacuum_navigation:/home/sukru/ros_ws_vacuum_bot/install/vacuum_msgs:/home/sukru/ros_ws_vacuum_bot/install/vacuum_mapping:/home/sukru/ros_ws_vacuum_bot/install/vacuum_description:/home/sukru/ros_ws_vacuum_bot/install/vacuum_control:/home/sukru/ros_ws_vacuum_bot/install/vacuum_bringup:/home/sukru/ros_ws_demo/install/python_pkg:/opt/ros/humble /usr/bin/cmake /home/sukru/ika_teknofest_aventra_ws/src/ika_msgs -DAMENT_CMAKE_SYMLINK_INSTALL=1 -DCMAKE_INSTALL_PREFIX=/home/sukru/ika_teknofest_aventra_ws/install/ika_msgs
[1.921s] DEBUG:colcon.colcon_core.event_handler.log_command:Invoking command in '/home/sukru/ika_teknofest_aventra_ws/build/ika_msgs': CMAKE_PREFIX_PATH=${CMAKE_PREFIX_PATH}:/home/sukru/ika_teknofest_aventra_ws/install/ika_ui_bridge:/home/sukru/ika_teknofest_aventra_ws/install/ika_targeting:/home/sukru/ika_teknofest_aventra_ws/install/ika_sensors:/home/sukru/ika_teknofest_aventra_ws/install/ika_perception:/home/sukru/ika_teknofest_aventra_ws/install/ika_navigation:/home/sukru/ika_teknofest_aventra_ws/install/ika_mission_manager:/home/sukru/ika_teknofest_aventra_ws/install/ika_localization:/home/sukru/ika_teknofest_aventra_ws/install/ika_hardware:/home/sukru/ika_teknofest_aventra_ws/install/ika_data_logger:/home/sukru/ika_teknofest_aventra_ws/install/ika_control:/home/sukru/ika_teknofest_aventra_ws/install/ika_behaviors:/home/sukru/ai_autonomi_ws/install/ika_autonomi:/home/sukru/Desktop/otonom_atis/install/python_pkg:/home/sukru/ros_ws_vacuum_bot/install/vacuum_teleop:/home/sukru/ros_ws_vacuum_bot/install/vacuum_sensors:/home/sukru/ros_ws_vacuum_bot/install/vacuum_navigation:/home/sukru/ros_ws_vacuum_bot/install/vacuum_msgs:/home/sukru/ros_ws_vacuum_bot/install/vacuum_mapping:/home/sukru/ros_ws_vacuum_bot/install/vacuum_description:/home/sukru/ros_ws_vacuum_bot/install/vacuum_control:/home/sukru/ros_ws_vacuum_bot/install/vacuum_bringup:/home/sukru/ros_ws_demo/install/python_pkg:/opt/ros/humble /usr/bin/cmake --build /home/sukru/ika_teknofest_aventra_ws/build/ika_msgs -- -j12 -l12
[2.278s] DEBUG:colcon.colcon_core.event_handler.log_command:Invoking command in '/home/sukru/ika_teknofest_aventra_ws/build/ika_localization': PYTHONPATH=/home/sukru/ika_teknofest_aventra_ws/build/ika_localization/prefix_override:/usr/lib/python3/dist-packages/colcon_core/task/python/colcon_distutils_commands:/home/sukru/ika_teknofest_aventra_ws/install/ika_localization/lib/python3.10/site-packages:${PYTHONPATH} /usr/bin/python3 -W ignore:setup.py install is deprecated -W ignore:easy_install command is deprecated setup.py develop --editable --build-directory /home/sukru/ika_teknofest_aventra_ws/build/ika_localization/build --no-deps symlink_data
[2.298s] DEBUG:colcon.colcon_core.event_handler.log_command:Invoking command in '/home/sukru/ika_teknofest_aventra_ws/build/ika_control': PYTHONPATH=/home/sukru/ika_teknofest_aventra_ws/build/ika_control/prefix_override:/usr/lib/python3/dist-packages/colcon_core/task/python/colcon_distutils_commands:/home/sukru/ika_teknofest_aventra_ws/install/ika_control/lib/python3.10/site-packages:${PYTHONPATH} /usr/bin/python3 -W ignore:setup.py install is deprecated -W ignore:easy_install command is deprecated setup.py develop --editable --build-directory /home/sukru/ika_teknofest_aventra_ws/build/ika_control/build --no-deps symlink_data
[2.325s] DEBUG:colcon.colcon_core.event_handler.log_command:Invoking command in '/home/sukru/ika_teknofest_aventra_ws/build/ika_data_logger': PYTHONPATH=/home/sukru/ika_teknofest_aventra_ws/build/ika_data_logger/prefix_override:/usr/lib/python3/dist-packages/colcon_core/task/python/colcon_distutils_commands:/home/sukru/ika_teknofest_aventra_ws/install/ika_data_logger/lib/python3.10/site-packages:${PYTHONPATH} /usr/bin/python3 -W ignore:setup.py install is deprecated -W ignore:easy_install command is deprecated setup.py develop --editable --build-directory /home/sukru/ika_teknofest_aventra_ws/build/ika_data_logger/build --no-deps symlink_data
[2.341s] DEBUG:colcon.colcon_core.event_handler.log_command:Invoking command in '/home/sukru/ika_teknofest_aventra_ws/build/ika_behaviors': PYTHONPATH=/home/sukru/ika_teknofest_aventra_ws/build/ika_behaviors/prefix_override:/usr/lib/python3/dist-packages/colcon_core/task/python/colcon_distutils_commands:/home/sukru/ika_teknofest_aventra_ws/install/ika_behaviors/lib/python3.10/site-packages:${PYTHONPATH} /usr/bin/python3 -W ignore:setup.py install is deprecated -W ignore:easy_install command is deprecated setup.py develop --editable --build-directory /home/sukru/ika_teknofest_aventra_ws/build/ika_behaviors/build --no-deps symlink_data
[2.344s] DEBUG:colcon.colcon_core.event_handler.log_command:Invoking command in '/home/sukru/ika_teknofest_aventra_ws/build/ika_targeting': PYTHONPATH=/home/sukru/ika_teknofest_aventra_ws/build/ika_targeting/prefix_override:/usr/lib/python3/dist-packages/colcon_core/task/python/colcon_distutils_commands:/home/sukru/ika_teknofest_aventra_ws/install/ika_targeting/lib/python3.10/site-packages:${PYTHONPATH} /usr/bin/python3 -W ignore:setup.py install is deprecated -W ignore:easy_install command is deprecated setup.py develop --editable --build-directory /home/sukru/ika_teknofest_aventra_ws/build/ika_targeting/build --no-deps symlink_data
[2.352s] DEBUG:colcon.colcon_core.event_handler.log_command:Invoking command in '/home/sukru/ika_teknofest_aventra_ws/build/ika_ui_bridge': PYTHONPATH=/home/sukru/ika_teknofest_aventra_ws/build/ika_ui_bridge/prefix_override:/usr/lib/python3/dist-packages/colcon_core/task/python/colcon_distutils_commands:/home/sukru/ika_teknofest_aventra_ws/install/ika_ui_bridge/lib/python3.10/site-packages:${PYTHONPATH} /usr/bin/python3 -W ignore:setup.py install is deprecated -W ignore:easy_install command is deprecated setup.py develop --editable --build-directory /home/sukru/ika_teknofest_aventra_ws/build/ika_ui_bridge/build --no-deps symlink_data
[2.365s] DEBUG:colcon.colcon_core.event_handler.log_command:Invoking command in '/home/sukru/ika_teknofest_aventra_ws/build/ika_navigation': PYTHONPATH=/home/sukru/ika_teknofest_aventra_ws/build/ika_navigation/prefix_override:/usr/lib/python3/dist-packages/colcon_core/task/python/colcon_distutils_commands:/home/sukru/ika_teknofest_aventra_ws/install/ika_navigation/lib/python3.10/site-packages:${PYTHONPATH} /usr/bin/python3 -W ignore:setup.py install is deprecated -W ignore:easy_install command is deprecated setup.py develop --editable --build-directory /home/sukru/ika_teknofest_aventra_ws/build/ika_navigation/build --no-deps symlink_data
[2.377s] DEBUG:colcon.colcon_core.event_handler.log_command:Invoking command in '/home/sukru/ika_teknofest_aventra_ws/build/ika_mission_manager': PYTHONPATH=/home/sukru/ika_teknofest_aventra_ws/build/ika_mission_manager/prefix_override:/usr/lib/python3/dist-packages/colcon_core/task/python/colcon_distutils_commands:/home/sukru/ika_teknofest_aventra_ws/install/ika_mission_manager/lib/python3.10/site-packages:${PYTHONPATH} /usr/bin/python3 -W ignore:setup.py install is deprecated -W ignore:easy_install command is deprecated setup.py develop --editable --build-directory /home/sukru/ika_teknofest_aventra_ws/build/ika_mission_manager/build --no-deps symlink_data
[2.401s] DEBUG:colcon.colcon_core.event_handler.log_command:Invoking command in '/home/sukru/ika_teknofest_aventra_ws/build/ika_perception': PYTHONPATH=/home/sukru/ika_teknofest_aventra_ws/build/ika_perception/prefix_override:/usr/lib/python3/dist-packages/colcon_core/task/python/colcon_distutils_commands:/home/sukru/ika_teknofest_aventra_ws/install/ika_perception/lib/python3.10/site-packages:${PYTHONPATH} /usr/bin/python3 -W ignore:setup.py install is deprecated -W ignore:easy_install command is deprecated setup.py develop --editable --build-directory /home/sukru/ika_teknofest_aventra_ws/build/ika_perception/build --no-deps symlink_data
[2.414s] DEBUG:colcon.colcon_core.event_handler.log_command:Invoking command in '/home/sukru/ika_teknofest_aventra_ws/build/ika_hardware': PYTHONPATH=/home/sukru/ika_teknofest_aventra_ws/build/ika_hardware/prefix_override:/usr/lib/python3/dist-packages/colcon_core/task/python/colcon_distutils_commands:/home/sukru/ika_teknofest_aventra_ws/install/ika_hardware/lib/python3.10/site-packages:${PYTHONPATH} /usr/bin/python3 -W ignore:setup.py install is deprecated -W ignore:easy_install command is deprecated setup.py develop --editable --build-directory /home/sukru/ika_teknofest_aventra_ws/build/ika_hardware/build --no-deps symlink_data
[2.740s] Level 1:colcon.colcon_core.shell:create_environment_hook('ika_localization', 'pythonpath_develop')
[2.741s] INFO:colcon.colcon_core.shell:Creating environment hook '/home/sukru/ika_teknofest_aventra_ws/build/ika_localization/share/ika_localization/hook/pythonpath_develop.ps1'
[2.741s] INFO:colcon.colcon_core.shell:Creating environment descriptor '/home/sukru/ika_teknofest_aventra_ws/build/ika_localization/share/ika_localization/hook/pythonpath_develop.dsv'
[2.741s] INFO:colcon.colcon_core.shell:Creating environment hook '/home/sukru/ika_teknofest_aventra_ws/build/ika_localization/share/ika_localization/hook/pythonpath_develop.sh'
[2.744s] Level 1:colcon.colcon_core.environment:checking '/home/sukru/ika_teknofest_aventra_ws/install/ika_localization' for CMake module files
[2.744s] Level 1:colcon.colcon_core.environment:checking '/home/sukru/ika_teknofest_aventra_ws/install/ika_localization' for CMake config files
[2.745s] DEBUG:colcon.colcon_core.event_handler.log_command:Invoked command in '/home/sukru/ika_teknofest_aventra_ws/build/ika_localization' returned '0': PYTHONPATH=/home/sukru/ika_teknofest_aventra_ws/build/ika_localization/prefix_override:/usr/lib/python3/dist-packages/colcon_core/task/python/colcon_distutils_commands:/home/sukru/ika_teknofest_aventra_ws/install/ika_localization/lib/python3.10/site-packages:${PYTHONPATH} /usr/bin/python3 -W ignore:setup.py install is deprecated -W ignore:easy_install command is deprecated setup.py develop --editable --build-directory /home/sukru/ika_teknofest_aventra_ws/build/ika_localization/build --no-deps symlink_data
[2.745s] Level 1:colcon.colcon_core.environment:checking '/home/sukru/ika_teknofest_aventra_ws/install/ika_localization/lib'
[2.745s] Level 1:colcon.colcon_core.environment:checking '/home/sukru/ika_teknofest_aventra_ws/install/ika_localization/bin'
[2.745s] Level 1:colcon.colcon_core.environment:checking '/home/sukru/ika_teknofest_aventra_ws/install/ika_localization/lib/pkgconfig/ika_localization.pc'
[2.745s] Level 1:colcon.colcon_core.environment:checking '/home/sukru/ika_teknofest_aventra_ws/install/ika_localization/lib/python3.10/site-packages'
[2.745s] Level 1:colcon.colcon_core.shell:create_environment_hook('ika_localization', 'pythonpath')
[2.745s] INFO:colcon.colcon_core.shell:Creating environment hook '/home/sukru/ika_teknofest_aventra_ws/install/ika_localization/share/ika_localization/hook/pythonpath.ps1'
[2.746s] INFO:colcon.colcon_core.shell:Creating environment descriptor '/home/sukru/ika_teknofest_aventra_ws/install/ika_localization/share/ika_localization/hook/pythonpath.dsv'
[2.746s] INFO:colcon.colcon_core.shell:Creating environment hook '/home/sukru/ika_teknofest_aventra_ws/install/ika_localization/share/ika_localization/hook/pythonpath.sh'
[2.746s] Level 1:colcon.colcon_core.environment:checking '/home/sukru/ika_teknofest_aventra_ws/install/ika_localization/bin'
[2.746s] Level 1:colcon.colcon_core.environment:create_environment_scripts_only(ika_localization)
[2.747s] INFO:colcon.colcon_core.shell:Creating package script '/home/sukru/ika_teknofest_aventra_ws/install/ika_localization/share/ika_localization/package.ps1'
[2.747s] INFO:colcon.colcon_core.shell:Creating package descriptor '/home/sukru/ika_teknofest_aventra_ws/install/ika_localization/share/ika_localization/package.dsv'
[2.748s] INFO:colcon.colcon_core.shell:Creating package script '/home/sukru/ika_teknofest_aventra_ws/install/ika_localization/share/ika_localization/package.sh'
[2.748s] INFO:colcon.colcon_core.shell:Creating package script '/home/sukru/ika_teknofest_aventra_ws/install/ika_localization/share/ika_localization/package.bash'
[2.749s] INFO:colcon.colcon_core.shell:Creating package script '/home/sukru/ika_teknofest_aventra_ws/install/ika_localization/share/ika_localization/package.zsh'
[2.749s] Level 1:colcon.colcon_core.environment:create_file_with_runtime_dependencies(/home/sukru/ika_teknofest_aventra_ws/install/ika_localization/share/colcon-core/packages/ika_localization)
[2.771s] Level 1:colcon.colcon_core.shell:create_environment_hook('ika_control', 'pythonpath_develop')
[2.771s] INFO:colcon.colcon_core.shell:Creating environment hook '/home/sukru/ika_teknofest_aventra_ws/build/ika_control/share/ika_control/hook/pythonpath_develop.ps1'
[2.772s] INFO:colcon.colcon_core.shell:Creating environment descriptor '/home/sukru/ika_teknofest_aventra_ws/build/ika_control/share/ika_control/hook/pythonpath_develop.dsv'
[2.777s] DEBUG:colcon.colcon_core.event_handler.log_command:Invoked command in '/home/sukru/ika_teknofest_aventra_ws/build/ika_control' returned '0': PYTHONPATH=/home/sukru/ika_teknofest_aventra_ws/build/ika_control/prefix_override:/usr/lib/python3/dist-packages/colcon_core/task/python/colcon_distutils_commands:/home/sukru/ika_teknofest_aventra_ws/install/ika_control/lib/python3.10/site-packages:${PYTHONPATH} /usr/bin/python3 -W ignore:setup.py install is deprecated -W ignore:easy_install command is deprecated setup.py develop --editable --build-directory /home/sukru/ika_teknofest_aventra_ws/build/ika_control/build --no-deps symlink_data
[2.778s] INFO:colcon.colcon_core.shell:Creating environment hook '/home/sukru/ika_teknofest_aventra_ws/build/ika_control/share/ika_control/hook/pythonpath_develop.sh'
[2.778s] Level 1:colcon.colcon_core.environment:checking '/home/sukru/ika_teknofest_aventra_ws/install/ika_control' for CMake module files
[2.779s] Level 1:colcon.colcon_core.environment:checking '/home/sukru/ika_teknofest_aventra_ws/install/ika_control' for CMake config files
[2.779s] Level 1:colcon.colcon_core.environment:checking '/home/sukru/ika_teknofest_aventra_ws/install/ika_control/lib'
[2.779s] Level 1:colcon.colcon_core.environment:checking '/home/sukru/ika_teknofest_aventra_ws/install/ika_control/bin'
[2.779s] Level 1:colcon.colcon_core.environment:checking '/home/sukru/ika_teknofest_aventra_ws/install/ika_control/lib/pkgconfig/ika_control.pc'
[2.779s] Level 1:colcon.colcon_core.environment:checking '/home/sukru/ika_teknofest_aventra_ws/install/ika_control/lib/python3.10/site-packages'
[2.779s] Level 1:colcon.colcon_core.shell:create_environment_hook('ika_control', 'pythonpath')
[2.780s] INFO:colcon.colcon_core.shell:Creating environment hook '/home/sukru/ika_teknofest_aventra_ws/install/ika_control/share/ika_control/hook/pythonpath.ps1'
[2.780s] INFO:colcon.colcon_core.shell:Creating environment descriptor '/home/sukru/ika_teknofest_aventra_ws/install/ika_control/share/ika_control/hook/pythonpath.dsv'
[2.780s] INFO:colcon.colcon_core.shell:Creating environment hook '/home/sukru/ika_teknofest_aventra_ws/install/ika_control/share/ika_control/hook/pythonpath.sh'
[2.780s] Level 1:colcon.colcon_core.environment:checking '/home/sukru/ika_teknofest_aventra_ws/install/ika_control/bin'
[2.781s] Level 1:colcon.colcon_core.environment:create_environment_scripts_only(ika_control)
[2.781s] INFO:colcon.colcon_core.shell:Creating package script '/home/sukru/ika_teknofest_aventra_ws/install/ika_control/share/ika_control/package.ps1'
[2.781s] INFO:colcon.colcon_core.shell:Creating package descriptor '/home/sukru/ika_teknofest_aventra_ws/install/ika_control/share/ika_control/package.dsv'
[2.781s] INFO:colcon.colcon_core.shell:Creating package script '/home/sukru/ika_teknofest_aventra_ws/install/ika_control/share/ika_control/package.sh'
[2.782s] INFO:colcon.colcon_core.shell:Creating package script '/home/sukru/ika_teknofest_aventra_ws/install/ika_control/share/ika_control/package.bash'
[2.782s] INFO:colcon.colcon_core.shell:Creating package script '/home/sukru/ika_teknofest_aventra_ws/install/ika_control/share/ika_control/package.zsh'
[2.782s] Level 1:colcon.colcon_core.environment:create_file_with_runtime_dependencies(/home/sukru/ika_teknofest_aventra_ws/install/ika_control/share/colcon-core/packages/ika_control)
[2.784s] INFO:colcon.colcon_ros.task.ament_cmake.build:Building ROS package in '/home/sukru/ika_teknofest_aventra_ws/src/ika_description' with build type 'ament_cmake'
[2.784s] INFO:colcon.colcon_cmake.task.cmake.build:Building CMake package in '/home/sukru/ika_teknofest_aventra_ws/src/ika_description'
[2.784s] INFO:colcon.colcon_core.shell:Skip shell extension 'powershell' for command environment: Not usable outside of PowerShell
[2.784s] DEBUG:colcon.colcon_core.shell:Skip shell extension 'dsv' for command environment
[2.817s] Level 1:colcon.colcon_core.shell:create_environment_hook('ika_targeting', 'pythonpath_develop')
[2.817s] INFO:colcon.colcon_core.shell:Creating environment hook '/home/sukru/ika_teknofest_aventra_ws/build/ika_targeting/share/ika_targeting/hook/pythonpath_develop.ps1'
[2.817s] INFO:colcon.colcon_core.shell:Creating environment descriptor '/home/sukru/ika_teknofest_aventra_ws/build/ika_targeting/share/ika_targeting/hook/pythonpath_develop.dsv'
[2.818s] INFO:colcon.colcon_core.shell:Creating environment hook '/home/sukru/ika_teknofest_aventra_ws/build/ika_targeting/share/ika_targeting/hook/pythonpath_develop.sh'
[2.818s] Level 1:colcon.colcon_core.environment:checking '/home/sukru/ika_teknofest_aventra_ws/install/ika_targeting' for CMake module files
[2.818s] Level 1:colcon.colcon_core.environment:checking '/home/sukru/ika_teknofest_aventra_ws/install/ika_targeting' for CMake config files
[2.819s] Level 1:colcon.colcon_core.environment:checking '/home/sukru/ika_teknofest_aventra_ws/install/ika_targeting/lib'
[2.819s] Level 1:colcon.colcon_core.environment:checking '/home/sukru/ika_teknofest_aventra_ws/install/ika_targeting/bin'
[2.819s] Level 1:colcon.colcon_core.environment:checking '/home/sukru/ika_teknofest_aventra_ws/install/ika_targeting/lib/pkgconfig/ika_targeting.pc'
[2.819s] Level 1:colcon.colcon_core.environment:checking '/home/sukru/ika_teknofest_aventra_ws/install/ika_targeting/lib/python3.10/site-packages'
[2.819s] Level 1:colcon.colcon_core.shell:create_environment_hook('ika_targeting', 'pythonpath')
[2.819s] INFO:colcon.colcon_core.shell:Creating environment hook '/home/sukru/ika_teknofest_aventra_ws/install/ika_targeting/share/ika_targeting/hook/pythonpath.ps1'
[2.819s] INFO:colcon.colcon_core.shell:Creating environment descriptor '/home/sukru/ika_teknofest_aventra_ws/install/ika_targeting/share/ika_targeting/hook/pythonpath.dsv'
[2.820s] INFO:colcon.colcon_core.shell:Creating environment hook '/home/sukru/ika_teknofest_aventra_ws/install/ika_targeting/share/ika_targeting/hook/pythonpath.sh'
[2.820s] Level 1:colcon.colcon_core.environment:checking '/home/sukru/ika_teknofest_aventra_ws/install/ika_targeting/bin'
[2.820s] Level 1:colcon.colcon_core.environment:create_environment_scripts_only(ika_targeting)
[2.820s] INFO:colcon.colcon_core.shell:Creating package script '/home/sukru/ika_teknofest_aventra_ws/install/ika_targeting/share/ika_targeting/package.ps1'
[2.821s] INFO:colcon.colcon_core.shell:Creating package descriptor '/home/sukru/ika_teknofest_aventra_ws/install/ika_targeting/share/ika_targeting/package.dsv'
[2.821s] INFO:colcon.colcon_core.shell:Creating package script '/home/sukru/ika_teknofest_aventra_ws/install/ika_targeting/share/ika_targeting/package.sh'
[2.821s] INFO:colcon.colcon_core.shell:Creating package script '/home/sukru/ika_teknofest_aventra_ws/install/ika_targeting/share/ika_targeting/package.bash'
[2.821s] INFO:colcon.colcon_core.shell:Creating package script '/home/sukru/ika_teknofest_aventra_ws/install/ika_targeting/share/ika_targeting/package.zsh'
[2.821s] Level 1:colcon.colcon_core.environment:create_file_with_runtime_dependencies(/home/sukru/ika_teknofest_aventra_ws/install/ika_targeting/share/colcon-core/packages/ika_targeting)
[2.822s] DEBUG:colcon.colcon_core.event_handler.log_command:Invoked command in '/home/sukru/ika_teknofest_aventra_ws/build/ika_targeting' returned '0': PYTHONPATH=/home/sukru/ika_teknofest_aventra_ws/build/ika_targeting/prefix_override:/usr/lib/python3/dist-packages/colcon_core/task/python/colcon_distutils_commands:/home/sukru/ika_teknofest_aventra_ws/install/ika_targeting/lib/python3.10/site-packages:${PYTHONPATH} /usr/bin/python3 -W ignore:setup.py install is deprecated -W ignore:easy_install command is deprecated setup.py develop --editable --build-directory /home/sukru/ika_teknofest_aventra_ws/build/ika_targeting/build --no-deps symlink_data
[2.823s] Level 1:colcon.colcon_core.shell:create_environment_hook('ika_ui_bridge', 'pythonpath_develop')
[2.823s] DEBUG:colcon.colcon_core.event_handler.log_command:Invoked command in '/home/sukru/ika_teknofest_aventra_ws/build/ika_ui_bridge' returned '0': PYTHONPATH=/home/sukru/ika_teknofest_aventra_ws/build/ika_ui_bridge/prefix_override:/usr/lib/python3/dist-packages/colcon_core/task/python/colcon_distutils_commands:/home/sukru/ika_teknofest_aventra_ws/install/ika_ui_bridge/lib/python3.10/site-packages:${PYTHONPATH} /usr/bin/python3 -W ignore:setup.py install is deprecated -W ignore:easy_install command is deprecated setup.py develop --editable --build-directory /home/sukru/ika_teknofest_aventra_ws/build/ika_ui_bridge/build --no-deps symlink_data
[2.824s] INFO:colcon.colcon_core.shell:Creating environment hook '/home/sukru/ika_teknofest_aventra_ws/build/ika_ui_bridge/share/ika_ui_bridge/hook/pythonpath_develop.ps1'
[2.824s] INFO:colcon.colcon_core.shell:Creating environment descriptor '/home/sukru/ika_teknofest_aventra_ws/build/ika_ui_bridge/share/ika_ui_bridge/hook/pythonpath_develop.dsv'
[2.824s] INFO:colcon.colcon_core.shell:Creating environment hook '/home/sukru/ika_teknofest_aventra_ws/build/ika_ui_bridge/share/ika_ui_bridge/hook/pythonpath_develop.sh'
[2.824s] Level 1:colcon.colcon_core.environment:checking '/home/sukru/ika_teknofest_aventra_ws/install/ika_ui_bridge' for CMake module files
[2.825s] Level 1:colcon.colcon_core.environment:checking '/home/sukru/ika_teknofest_aventra_ws/install/ika_ui_bridge' for CMake config files
[2.827s] Level 1:colcon.colcon_core.environment:checking '/home/sukru/ika_teknofest_aventra_ws/install/ika_ui_bridge/lib'
[2.827s] Level 1:colcon.colcon_core.environment:checking '/home/sukru/ika_teknofest_aventra_ws/install/ika_ui_bridge/bin'
[2.828s] Level 1:colcon.colcon_core.environment:checking '/home/sukru/ika_teknofest_aventra_ws/install/ika_ui_bridge/lib/pkgconfig/ika_ui_bridge.pc'
[2.828s] Level 1:colcon.colcon_core.environment:checking '/home/sukru/ika_teknofest_aventra_ws/install/ika_ui_bridge/lib/python3.10/site-packages'
[2.828s] Level 1:colcon.colcon_core.shell:create_environment_hook('ika_ui_bridge', 'pythonpath')
[2.828s] INFO:colcon.colcon_core.shell:Creating environment hook '/home/sukru/ika_teknofest_aventra_ws/install/ika_ui_bridge/share/ika_ui_bridge/hook/pythonpath.ps1'
[2.829s] INFO:colcon.colcon_core.shell:Creating environment descriptor '/home/sukru/ika_teknofest_aventra_ws/install/ika_ui_bridge/share/ika_ui_bridge/hook/pythonpath.dsv'
[2.829s] INFO:colcon.colcon_core.shell:Creating environment hook '/home/sukru/ika_teknofest_aventra_ws/install/ika_ui_bridge/share/ika_ui_bridge/hook/pythonpath.sh'
[2.830s] Level 1:colcon.colcon_core.environment:checking '/home/sukru/ika_teknofest_aventra_ws/install/ika_ui_bridge/bin'
[2.830s] Level 1:colcon.colcon_core.environment:create_environment_scripts_only(ika_ui_bridge)
[2.830s] INFO:colcon.colcon_core.shell:Creating package script '/home/sukru/ika_teknofest_aventra_ws/install/ika_ui_bridge/share/ika_ui_bridge/package.ps1'
[2.831s] INFO:colcon.colcon_core.shell:Creating package descriptor '/home/sukru/ika_teknofest_aventra_ws/install/ika_ui_bridge/share/ika_ui_bridge/package.dsv'
[2.831s] INFO:colcon.colcon_core.shell:Creating package script '/home/sukru/ika_teknofest_aventra_ws/install/ika_ui_bridge/share/ika_ui_bridge/package.sh'
[2.831s] INFO:colcon.colcon_core.shell:Creating package script '/home/sukru/ika_teknofest_aventra_ws/install/ika_ui_bridge/share/ika_ui_bridge/package.bash'
[2.832s] INFO:colcon.colcon_core.shell:Creating package script '/home/sukru/ika_teknofest_aventra_ws/install/ika_ui_bridge/share/ika_ui_bridge/package.zsh'
[2.832s] Level 1:colcon.colcon_core.environment:create_file_with_runtime_dependencies(/home/sukru/ika_teknofest_aventra_ws/install/ika_ui_bridge/share/colcon-core/packages/ika_ui_bridge)
[2.834s] DEBUG:colcon.colcon_core.event_handler.log_command:Invoking command in '/home/sukru/ika_teknofest_aventra_ws/build/ika_description': AMENT_PREFIX_PATH=/home/sukru/ika_teknofest_aventra_ws/install/ika_control:/home/sukru/ika_teknofest_aventra_ws/install/ika_ui_bridge:/home/sukru/ika_teknofest_aventra_ws/install/ika_targeting:/home/sukru/ika_teknofest_aventra_ws/install/ika_sensors:/home/sukru/ika_teknofest_aventra_ws/install/ika_perception:/home/sukru/ika_teknofest_aventra_ws/install/ika_navigation:/home/sukru/ika_teknofest_aventra_ws/install/ika_msgs:/home/sukru/ika_teknofest_aventra_ws/install/ika_mission_manager:/home/sukru/ika_teknofest_aventra_ws/install/ika_localization:/home/sukru/ika_teknofest_aventra_ws/install/ika_hardware:/home/sukru/ika_teknofest_aventra_ws/install/ika_bringup:/home/sukru/ika_teknofest_aventra_ws/install/ika_gazebo:/home/sukru/ika_teknofest_aventra_ws/install/ika_description:/home/sukru/ika_teknofest_aventra_ws/install/ika_data_logger:/home/sukru/ika_teknofest_aventra_ws/install/ika_behaviors:/home/sukru/ai_autonomi_ws/install/ika_autonomi:/home/sukru/Desktop/otonom_atis/install/python_pkg:/home/sukru/dev_ws/install/my_package:/home/sukru/dev_ws/install/my_bot:/home/sukru/ros_ws_vacuum_bot/install/vacuum_teleop:/home/sukru/ros_ws_vacuum_bot/install/vacuum_sensors:/home/sukru/ros_ws_vacuum_bot/install/vacuum_navigation:/home/sukru/ros_ws_vacuum_bot/install/vacuum_msgs:/home/sukru/ros_ws_vacuum_bot/install/vacuum_mapping:/home/sukru/ros_ws_vacuum_bot/install/vacuum_description:/home/sukru/ros_ws_vacuum_bot/install/vacuum_control:/home/sukru/ros_ws_vacuum_bot/install/vacuum_bringup:/home/sukru/ros_ws_demo/install/python_pkg:/opt/ros/humble CMAKE_PREFIX_PATH=${CMAKE_PREFIX_PATH}:/home/sukru/ika_teknofest_aventra_ws/install/ika_ui_bridge:/home/sukru/ika_teknofest_aventra_ws/install/ika_targeting:/home/sukru/ika_teknofest_aventra_ws/install/ika_sensors:/home/sukru/ika_teknofest_aventra_ws/install/ika_perception:/home/sukru/ika_teknofest_aventra_ws/install/ika_navigation:/home/sukru/ika_teknofest_aventra_ws/install/ika_mission_manager:/home/sukru/ika_teknofest_aventra_ws/install/ika_localization:/home/sukru/ika_teknofest_aventra_ws/install/ika_hardware:/home/sukru/ika_teknofest_aventra_ws/install/ika_data_logger:/home/sukru/ika_teknofest_aventra_ws/install/ika_control:/home/sukru/ika_teknofest_aventra_ws/install/ika_behaviors:/home/sukru/ai_autonomi_ws/install/ika_autonomi:/home/sukru/Desktop/otonom_atis/install/python_pkg:/home/sukru/ros_ws_vacuum_bot/install/vacuum_teleop:/home/sukru/ros_ws_vacuum_bot/install/vacuum_sensors:/home/sukru/ros_ws_vacuum_bot/install/vacuum_navigation:/home/sukru/ros_ws_vacuum_bot/install/vacuum_msgs:/home/sukru/ros_ws_vacuum_bot/install/vacuum_mapping:/home/sukru/ros_ws_vacuum_bot/install/vacuum_description:/home/sukru/ros_ws_vacuum_bot/install/vacuum_control:/home/sukru/ros_ws_vacuum_bot/install/vacuum_bringup:/home/sukru/ros_ws_demo/install/python_pkg:/opt/ros/humble PYTHONPATH=/home/sukru/ika_teknofest_aventra_ws/build/ika_control:/home/sukru/ika_teknofest_aventra_ws/install/ika_control/lib/python3.10/site-packages:/home/sukru/ika_teknofest_aventra_ws/build/ika_ui_bridge:/home/sukru/ika_teknofest_aventra_ws/install/ika_ui_bridge/lib/python3.10/site-packages:/home/sukru/ika_teknofest_aventra_ws/build/ika_targeting:/home/sukru/ika_teknofest_aventra_ws/install/ika_targeting/lib/python3.10/site-packages:/home/sukru/ika_teknofest_aventra_ws/build/ika_sensors:/home/sukru/ika_teknofest_aventra_ws/install/ika_sensors/lib/python3.10/site-packages:/home/sukru/ika_teknofest_aventra_ws/build/ika_perception:/home/sukru/ika_teknofest_aventra_ws/install/ika_perception/lib/python3.10/site-packages:/home/sukru/ika_teknofest_aventra_ws/build/ika_navigation:/home/sukru/ika_teknofest_aventra_ws/install/ika_navigation/lib/python3.10/site-packages:/home/sukru/ika_teknofest_aventra_ws/install/ika_msgs/local/lib/python3.10/dist-packages:/home/sukru/ika_teknofest_aventra_ws/build/ika_mission_manager:/home/sukru/ika_teknofest_aventra_ws/install/ika_mission_manager/lib/python3.10/site-packages:/home/sukru/ika_teknofest_aventra_ws/build/ika_localization:/home/sukru/ika_teknofest_aventra_ws/install/ika_localization/lib/python3.10/site-packages:/home/sukru/ika_teknofest_aventra_ws/build/ika_hardware:/home/sukru/ika_teknofest_aventra_ws/install/ika_hardware/lib/python3.10/site-packages:/home/sukru/ika_teknofest_aventra_ws/build/ika_data_logger:/home/sukru/ika_teknofest_aventra_ws/install/ika_data_logger/lib/python3.10/site-packages:/home/sukru/ika_teknofest_aventra_ws/build/ika_behaviors:/home/sukru/ika_teknofest_aventra_ws/install/ika_behaviors/lib/python3.10/site-packages:/home/sukru/ai_autonomi_ws/install/ika_autonomi/lib/python3.10/site-packages:/home/sukru/Desktop/otonom_atis/build/python_pkg:/home/sukru/Desktop/otonom_atis/install/python_pkg/lib/python3.10/site-packages:/home/sukru/ros_ws_vacuum_bot/install/vacuum_teleop/lib/python3.10/site-packages:/home/sukru/ros_ws_vacuum_bot/install/vacuum_sensors/lib/python3.10/site-packages:/home/sukru/ros_ws_vacuum_bot/install/vacuum_navigation/lib/python3.10/site-packages:/home/sukru/ros_ws_vacuum_bot/install/vacuum_msgs/lib/python3.10/site-packages:/home/sukru/ros_ws_vacuum_bot/install/vacuum_mapping/lib/python3.10/site-packages:/home/sukru/ros_ws_vacuum_bot/install/vacuum_description/lib/python3.10/site-packages:/home/sukru/ros_ws_vacuum_bot/install/vacuum_control/lib/python3.10/site-packages:/home/sukru/ros_ws_vacuum_bot/install/vacuum_bringup/lib/python3.10/site-packages:/home/sukru/ros_ws_demo/install/python_pkg/lib/python3.10/site-packages:/opt/ros/humble/lib/python3.10/site-packages:/opt/ros/humble/local/lib/python3.10/dist-packages /usr/bin/cmake /home/sukru/ika_teknofest_aventra_ws/src/ika_description -DAMENT_CMAKE_SYMLINK_INSTALL=1 -DCMAKE_INSTALL_PREFIX=/home/sukru/ika_teknofest_aventra_ws/install/ika_description
[2.853s] Level 1:colcon.colcon_core.shell:create_environment_hook('ika_navigation', 'pythonpath_develop')
[2.854s] INFO:colcon.colcon_core.shell:Creating environment hook '/home/sukru/ika_teknofest_aventra_ws/build/ika_navigation/share/ika_navigation/hook/pythonpath_develop.ps1'
[2.854s] INFO:colcon.colcon_core.shell:Creating environment descriptor '/home/sukru/ika_teknofest_aventra_ws/build/ika_navigation/share/ika_navigation/hook/pythonpath_develop.dsv'
[2.855s] INFO:colcon.colcon_core.shell:Creating environment hook '/home/sukru/ika_teknofest_aventra_ws/build/ika_navigation/share/ika_navigation/hook/pythonpath_develop.sh'
[2.855s] Level 1:colcon.colcon_core.environment:checking '/home/sukru/ika_teknofest_aventra_ws/install/ika_navigation' for CMake module files
[2.855s] Level 1:colcon.colcon_core.environment:checking '/home/sukru/ika_teknofest_aventra_ws/install/ika_navigation' for CMake config files
[2.856s] Level 1:colcon.colcon_core.environment:checking '/home/sukru/ika_teknofest_aventra_ws/install/ika_navigation/lib'
[2.856s] Level 1:colcon.colcon_core.environment:checking '/home/sukru/ika_teknofest_aventra_ws/install/ika_navigation/bin'
[2.856s] Level 1:colcon.colcon_core.environment:checking '/home/sukru/ika_teknofest_aventra_ws/install/ika_navigation/lib/pkgconfig/ika_navigation.pc'
[2.856s] Level 1:colcon.colcon_core.environment:checking '/home/sukru/ika_teknofest_aventra_ws/install/ika_navigation/lib/python3.10/site-packages'
[2.856s] Level 1:colcon.colcon_core.shell:create_environment_hook('ika_navigation', 'pythonpath')
[2.856s] INFO:colcon.colcon_core.shell:Creating environment hook '/home/sukru/ika_teknofest_aventra_ws/install/ika_navigation/share/ika_navigation/hook/pythonpath.ps1'
[2.857s] INFO:colcon.colcon_core.shell:Creating environment descriptor '/home/sukru/ika_teknofest_aventra_ws/install/ika_navigation/share/ika_navigation/hook/pythonpath.dsv'
[2.857s] INFO:colcon.colcon_core.shell:Creating environment hook '/home/sukru/ika_teknofest_aventra_ws/install/ika_navigation/share/ika_navigation/hook/pythonpath.sh'
[2.857s] Level 1:colcon.colcon_core.environment:checking '/home/sukru/ika_teknofest_aventra_ws/install/ika_navigation/bin'
[2.857s] Level 1:colcon.colcon_core.environment:create_environment_scripts_only(ika_navigation)
[2.858s] INFO:colcon.colcon_core.shell:Creating package script '/home/sukru/ika_teknofest_aventra_ws/install/ika_navigation/share/ika_navigation/package.ps1'
[2.858s] INFO:colcon.colcon_core.shell:Creating package descriptor '/home/sukru/ika_teknofest_aventra_ws/install/ika_navigation/share/ika_navigation/package.dsv'
[2.858s] INFO:colcon.colcon_core.shell:Creating package script '/home/sukru/ika_teknofest_aventra_ws/install/ika_navigation/share/ika_navigation/package.sh'
[2.859s] INFO:colcon.colcon_core.shell:Creating package script '/home/sukru/ika_teknofest_aventra_ws/install/ika_navigation/share/ika_navigation/package.bash'
[2.859s] INFO:colcon.colcon_core.shell:Creating package script '/home/sukru/ika_teknofest_aventra_ws/install/ika_navigation/share/ika_navigation/package.zsh'
[2.859s] DEBUG:colcon.colcon_core.event_handler.log_command:Invoked command in '/home/sukru/ika_teknofest_aventra_ws/build/ika_navigation' returned '0': PYTHONPATH=/home/sukru/ika_teknofest_aventra_ws/build/ika_navigation/prefix_override:/usr/lib/python3/dist-packages/colcon_core/task/python/colcon_distutils_commands:/home/sukru/ika_teknofest_aventra_ws/install/ika_navigation/lib/python3.10/site-packages:${PYTHONPATH} /usr/bin/python3 -W ignore:setup.py install is deprecated -W ignore:easy_install command is deprecated setup.py develop --editable --build-directory /home/sukru/ika_teknofest_aventra_ws/build/ika_navigation/build --no-deps symlink_data
[2.859s] Level 1:colcon.colcon_core.environment:create_file_with_runtime_dependencies(/home/sukru/ika_teknofest_aventra_ws/install/ika_navigation/share/colcon-core/packages/ika_navigation)
[2.876s] Level 1:colcon.colcon_core.shell:create_environment_hook('ika_data_logger', 'pythonpath_develop')
[2.876s] INFO:colcon.colcon_core.shell:Creating environment hook '/home/sukru/ika_teknofest_aventra_ws/build/ika_data_logger/share/ika_data_logger/hook/pythonpath_develop.ps1'
[2.877s] INFO:colcon.colcon_core.shell:Creating environment descriptor '/home/sukru/ika_teknofest_aventra_ws/build/ika_data_logger/share/ika_data_logger/hook/pythonpath_develop.dsv'
[2.877s] INFO:colcon.colcon_core.shell:Creating environment hook '/home/sukru/ika_teknofest_aventra_ws/build/ika_data_logger/share/ika_data_logger/hook/pythonpath_develop.sh'
[2.877s] Level 1:colcon.colcon_core.environment:checking '/home/sukru/ika_teknofest_aventra_ws/install/ika_data_logger' for CMake module files
[2.877s] Level 1:colcon.colcon_core.environment:checking '/home/sukru/ika_teknofest_aventra_ws/install/ika_data_logger' for CMake config files
[2.878s] Level 1:colcon.colcon_core.environment:checking '/home/sukru/ika_teknofest_aventra_ws/install/ika_data_logger/lib'
[2.878s] Level 1:colcon.colcon_core.environment:checking '/home/sukru/ika_teknofest_aventra_ws/install/ika_data_logger/bin'
[2.878s] Level 1:colcon.colcon_core.environment:checking '/home/sukru/ika_teknofest_aventra_ws/install/ika_data_logger/lib/pkgconfig/ika_data_logger.pc'
[2.878s] Level 1:colcon.colcon_core.environment:checking '/home/sukru/ika_teknofest_aventra_ws/install/ika_data_logger/lib/python3.10/site-packages'
[2.878s] Level 1:colcon.colcon_core.shell:create_environment_hook('ika_data_logger', 'pythonpath')
[2.878s] INFO:colcon.colcon_core.shell:Creating environment hook '/home/sukru/ika_teknofest_aventra_ws/install/ika_data_logger/share/ika_data_logger/hook/pythonpath.ps1'
[2.879s] INFO:colcon.colcon_core.shell:Creating environment descriptor '/home/sukru/ika_teknofest_aventra_ws/install/ika_data_logger/share/ika_data_logger/hook/pythonpath.dsv'
[2.879s] INFO:colcon.colcon_core.shell:Creating environment hook '/home/sukru/ika_teknofest_aventra_ws/install/ika_data_logger/share/ika_data_logger/hook/pythonpath.sh'
[2.879s] Level 1:colcon.colcon_core.environment:checking '/home/sukru/ika_teknofest_aventra_ws/install/ika_data_logger/bin'
[2.879s] Level 1:colcon.colcon_core.environment:create_environment_scripts_only(ika_data_logger)
[2.880s] INFO:colcon.colcon_core.shell:Creating package script '/home/sukru/ika_teknofest_aventra_ws/install/ika_data_logger/share/ika_data_logger/package.ps1'
[2.880s] INFO:colcon.colcon_core.shell:Creating package descriptor '/home/sukru/ika_teknofest_aventra_ws/install/ika_data_logger/share/ika_data_logger/package.dsv'
[2.880s] INFO:colcon.colcon_core.shell:Creating package script '/home/sukru/ika_teknofest_aventra_ws/install/ika_data_logger/share/ika_data_logger/package.sh'
[2.881s] INFO:colcon.colcon_core.shell:Creating package script '/home/sukru/ika_teknofest_aventra_ws/install/ika_data_logger/share/ika_data_logger/package.bash'
[2.881s] INFO:colcon.colcon_core.shell:Creating package script '/home/sukru/ika_teknofest_aventra_ws/install/ika_data_logger/share/ika_data_logger/package.zsh'
[2.881s] Level 1:colcon.colcon_core.environment:create_file_with_runtime_dependencies(/home/sukru/ika_teknofest_aventra_ws/install/ika_data_logger/share/colcon-core/packages/ika_data_logger)
[2.882s] DEBUG:colcon.colcon_core.event_handler.log_command:Invoked command in '/home/sukru/ika_teknofest_aventra_ws/build/ika_data_logger' returned '0': PYTHONPATH=/home/sukru/ika_teknofest_aventra_ws/build/ika_data_logger/prefix_override:/usr/lib/python3/dist-packages/colcon_core/task/python/colcon_distutils_commands:/home/sukru/ika_teknofest_aventra_ws/install/ika_data_logger/lib/python3.10/site-packages:${PYTHONPATH} /usr/bin/python3 -W ignore:setup.py install is deprecated -W ignore:easy_install command is deprecated setup.py develop --editable --build-directory /home/sukru/ika_teknofest_aventra_ws/build/ika_data_logger/build --no-deps symlink_data
[2.883s] Level 1:colcon.colcon_core.shell:create_environment_hook('ika_mission_manager', 'pythonpath_develop')
[2.883s] INFO:colcon.colcon_core.shell:Creating environment hook '/home/sukru/ika_teknofest_aventra_ws/build/ika_mission_manager/share/ika_mission_manager/hook/pythonpath_develop.ps1'
[2.883s] DEBUG:colcon.colcon_core.event_handler.log_command:Invoked command in '/home/sukru/ika_teknofest_aventra_ws/build/ika_mission_manager' returned '0': PYTHONPATH=/home/sukru/ika_teknofest_aventra_ws/build/ika_mission_manager/prefix_override:/usr/lib/python3/dist-packages/colcon_core/task/python/colcon_distutils_commands:/home/sukru/ika_teknofest_aventra_ws/install/ika_mission_manager/lib/python3.10/site-packages:${PYTHONPATH} /usr/bin/python3 -W ignore:setup.py install is deprecated -W ignore:easy_install command is deprecated setup.py develop --editable --build-directory /home/sukru/ika_teknofest_aventra_ws/build/ika_mission_manager/build --no-deps symlink_data
[2.883s] INFO:colcon.colcon_core.shell:Creating environment descriptor '/home/sukru/ika_teknofest_aventra_ws/build/ika_mission_manager/share/ika_mission_manager/hook/pythonpath_develop.dsv'
[2.884s] INFO:colcon.colcon_core.shell:Creating environment hook '/home/sukru/ika_teknofest_aventra_ws/build/ika_mission_manager/share/ika_mission_manager/hook/pythonpath_develop.sh'
[2.884s] Level 1:colcon.colcon_core.environment:checking '/home/sukru/ika_teknofest_aventra_ws/install/ika_mission_manager' for CMake module files
[2.884s] Level 1:colcon.colcon_core.environment:checking '/home/sukru/ika_teknofest_aventra_ws/install/ika_mission_manager' for CMake config files
[2.885s] Level 1:colcon.colcon_core.environment:checking '/home/sukru/ika_teknofest_aventra_ws/install/ika_mission_manager/lib'
[2.885s] Level 1:colcon.colcon_core.environment:checking '/home/sukru/ika_teknofest_aventra_ws/install/ika_mission_manager/bin'
[2.885s] Level 1:colcon.colcon_core.environment:checking '/home/sukru/ika_teknofest_aventra_ws/install/ika_mission_manager/lib/pkgconfig/ika_mission_manager.pc'
[2.885s] Level 1:colcon.colcon_core.environment:checking '/home/sukru/ika_teknofest_aventra_ws/install/ika_mission_manager/lib/python3.10/site-packages'
[2.885s] Level 1:colcon.colcon_core.shell:create_environment_hook('ika_mission_manager', 'pythonpath')
[2.885s] INFO:colcon.colcon_core.shell:Creating environment hook '/home/sukru/ika_teknofest_aventra_ws/install/ika_mission_manager/share/ika_mission_manager/hook/pythonpath.ps1'
[2.885s] INFO:colcon.colcon_core.shell:Creating environment descriptor '/home/sukru/ika_teknofest_aventra_ws/install/ika_mission_manager/share/ika_mission_manager/hook/pythonpath.dsv'
[2.886s] INFO:colcon.colcon_core.shell:Creating environment hook '/home/sukru/ika_teknofest_aventra_ws/install/ika_mission_manager/share/ika_mission_manager/hook/pythonpath.sh'
[2.886s] Level 1:colcon.colcon_core.environment:checking '/home/sukru/ika_teknofest_aventra_ws/install/ika_mission_manager/bin'
[2.886s] Level 1:colcon.colcon_core.environment:create_environment_scripts_only(ika_mission_manager)
[2.887s] INFO:colcon.colcon_core.shell:Creating package script '/home/sukru/ika_teknofest_aventra_ws/install/ika_mission_manager/share/ika_mission_manager/package.ps1'
[2.887s] INFO:colcon.colcon_core.shell:Creating package descriptor '/home/sukru/ika_teknofest_aventra_ws/install/ika_mission_manager/share/ika_mission_manager/package.dsv'
[2.887s] INFO:colcon.colcon_core.shell:Creating package script '/home/sukru/ika_teknofest_aventra_ws/install/ika_mission_manager/share/ika_mission_manager/package.sh'
[2.888s] INFO:colcon.colcon_core.shell:Creating package script '/home/sukru/ika_teknofest_aventra_ws/install/ika_mission_manager/share/ika_mission_manager/package.bash'
[2.888s] INFO:colcon.colcon_core.shell:Creating package script '/home/sukru/ika_teknofest_aventra_ws/install/ika_mission_manager/share/ika_mission_manager/package.zsh'
[2.888s] Level 1:colcon.colcon_core.environment:create_file_with_runtime_dependencies(/home/sukru/ika_teknofest_aventra_ws/install/ika_mission_manager/share/colcon-core/packages/ika_mission_manager)
[2.893s] Level 1:colcon.colcon_core.shell:create_environment_hook('ika_behaviors', 'pythonpath_develop')
[2.893s] DEBUG:colcon.colcon_core.event_handler.log_command:Invoked command in '/home/sukru/ika_teknofest_aventra_ws/build/ika_behaviors' returned '0': PYTHONPATH=/home/sukru/ika_teknofest_aventra_ws/build/ika_behaviors/prefix_override:/usr/lib/python3/dist-packages/colcon_core/task/python/colcon_distutils_commands:/home/sukru/ika_teknofest_aventra_ws/install/ika_behaviors/lib/python3.10/site-packages:${PYTHONPATH} /usr/bin/python3 -W ignore:setup.py install is deprecated -W ignore:easy_install command is deprecated setup.py develop --editable --build-directory /home/sukru/ika_teknofest_aventra_ws/build/ika_behaviors/build --no-deps symlink_data
[2.897s] INFO:colcon.colcon_core.shell:Creating environment hook '/home/sukru/ika_teknofest_aventra_ws/build/ika_behaviors/share/ika_behaviors/hook/pythonpath_develop.ps1'
[2.898s] INFO:colcon.colcon_core.shell:Creating environment descriptor '/home/sukru/ika_teknofest_aventra_ws/build/ika_behaviors/share/ika_behaviors/hook/pythonpath_develop.dsv'
[2.898s] INFO:colcon.colcon_core.shell:Creating environment hook '/home/sukru/ika_teknofest_aventra_ws/build/ika_behaviors/share/ika_behaviors/hook/pythonpath_develop.sh'
[2.898s] Level 1:colcon.colcon_core.environment:checking '/home/sukru/ika_teknofest_aventra_ws/install/ika_behaviors' for CMake module files
[2.899s] Level 1:colcon.colcon_core.environment:checking '/home/sukru/ika_teknofest_aventra_ws/install/ika_behaviors' for CMake config files
[2.899s] Level 1:colcon.colcon_core.environment:checking '/home/sukru/ika_teknofest_aventra_ws/install/ika_behaviors/lib'
[2.899s] Level 1:colcon.colcon_core.environment:checking '/home/sukru/ika_teknofest_aventra_ws/install/ika_behaviors/bin'
[2.899s] Level 1:colcon.colcon_core.environment:checking '/home/sukru/ika_teknofest_aventra_ws/install/ika_behaviors/lib/pkgconfig/ika_behaviors.pc'
[2.899s] Level 1:colcon.colcon_core.environment:checking '/home/sukru/ika_teknofest_aventra_ws/install/ika_behaviors/lib/python3.10/site-packages'
[2.899s] Level 1:colcon.colcon_core.shell:create_environment_hook('ika_behaviors', 'pythonpath')
[2.900s] INFO:colcon.colcon_core.shell:Creating environment hook '/home/sukru/ika_teknofest_aventra_ws/install/ika_behaviors/share/ika_behaviors/hook/pythonpath.ps1'
[2.900s] INFO:colcon.colcon_core.shell:Creating environment descriptor '/home/sukru/ika_teknofest_aventra_ws/install/ika_behaviors/share/ika_behaviors/hook/pythonpath.dsv'
[2.900s] INFO:colcon.colcon_core.shell:Creating environment hook '/home/sukru/ika_teknofest_aventra_ws/install/ika_behaviors/share/ika_behaviors/hook/pythonpath.sh'
[2.900s] Level 1:colcon.colcon_core.environment:checking '/home/sukru/ika_teknofest_aventra_ws/install/ika_behaviors/bin'
[2.901s] Level 1:colcon.colcon_core.environment:create_environment_scripts_only(ika_behaviors)
[2.901s] INFO:colcon.colcon_core.shell:Creating package script '/home/sukru/ika_teknofest_aventra_ws/install/ika_behaviors/share/ika_behaviors/package.ps1'
[2.902s] INFO:colcon.colcon_core.shell:Creating package descriptor '/home/sukru/ika_teknofest_aventra_ws/install/ika_behaviors/share/ika_behaviors/package.dsv'
[2.902s] INFO:colcon.colcon_core.shell:Creating package script '/home/sukru/ika_teknofest_aventra_ws/install/ika_behaviors/share/ika_behaviors/package.sh'
[2.902s] INFO:colcon.colcon_core.shell:Creating package script '/home/sukru/ika_teknofest_aventra_ws/install/ika_behaviors/share/ika_behaviors/package.bash'
[2.904s] INFO:colcon.colcon_core.shell:Creating package script '/home/sukru/ika_teknofest_aventra_ws/install/ika_behaviors/share/ika_behaviors/package.zsh'
[2.904s] Level 1:colcon.colcon_core.environment:create_file_with_runtime_dependencies(/home/sukru/ika_teknofest_aventra_ws/install/ika_behaviors/share/colcon-core/packages/ika_behaviors)
[2.905s] Level 1:colcon.colcon_core.shell:create_environment_hook('ika_hardware', 'pythonpath_develop')
[2.905s] INFO:colcon.colcon_core.shell:Creating environment hook '/home/sukru/ika_teknofest_aventra_ws/build/ika_hardware/share/ika_hardware/hook/pythonpath_develop.ps1'
[2.905s] DEBUG:colcon.colcon_core.event_handler.log_command:Invoked command in '/home/sukru/ika_teknofest_aventra_ws/build/ika_hardware' returned '0': PYTHONPATH=/home/sukru/ika_teknofest_aventra_ws/build/ika_hardware/prefix_override:/usr/lib/python3/dist-packages/colcon_core/task/python/colcon_distutils_commands:/home/sukru/ika_teknofest_aventra_ws/install/ika_hardware/lib/python3.10/site-packages:${PYTHONPATH} /usr/bin/python3 -W ignore:setup.py install is deprecated -W ignore:easy_install command is deprecated setup.py develop --editable --build-directory /home/sukru/ika_teknofest_aventra_ws/build/ika_hardware/build --no-deps symlink_data
[2.906s] INFO:colcon.colcon_core.shell:Creating environment descriptor '/home/sukru/ika_teknofest_aventra_ws/build/ika_hardware/share/ika_hardware/hook/pythonpath_develop.dsv'
[2.906s] INFO:colcon.colcon_core.shell:Creating environment hook '/home/sukru/ika_teknofest_aventra_ws/build/ika_hardware/share/ika_hardware/hook/pythonpath_develop.sh'
[2.907s] Level 1:colcon.colcon_core.environment:checking '/home/sukru/ika_teknofest_aventra_ws/install/ika_hardware' for CMake module files
[2.907s] Level 1:colcon.colcon_core.environment:checking '/home/sukru/ika_teknofest_aventra_ws/install/ika_hardware' for CMake config files
[2.907s] Level 1:colcon.colcon_core.environment:checking '/home/sukru/ika_teknofest_aventra_ws/install/ika_hardware/lib'
[2.907s] Level 1:colcon.colcon_core.environment:checking '/home/sukru/ika_teknofest_aventra_ws/install/ika_hardware/bin'
[2.908s] Level 1:colcon.colcon_core.environment:checking '/home/sukru/ika_teknofest_aventra_ws/install/ika_hardware/lib/pkgconfig/ika_hardware.pc'
[2.908s] Level 1:colcon.colcon_core.environment:checking '/home/sukru/ika_teknofest_aventra_ws/install/ika_hardware/lib/python3.10/site-packages'
[2.908s] Level 1:colcon.colcon_core.shell:create_environment_hook('ika_hardware', 'pythonpath')
[2.908s] INFO:colcon.colcon_core.shell:Creating environment hook '/home/sukru/ika_teknofest_aventra_ws/install/ika_hardware/share/ika_hardware/hook/pythonpath.ps1'
[2.908s] INFO:colcon.colcon_core.shell:Creating environment descriptor '/home/sukru/ika_teknofest_aventra_ws/install/ika_hardware/share/ika_hardware/hook/pythonpath.dsv'
[2.908s] INFO:colcon.colcon_core.shell:Creating environment hook '/home/sukru/ika_teknofest_aventra_ws/install/ika_hardware/share/ika_hardware/hook/pythonpath.sh'
[2.909s] Level 1:colcon.colcon_core.environment:checking '/home/sukru/ika_teknofest_aventra_ws/install/ika_hardware/bin'
[2.909s] Level 1:colcon.colcon_core.environment:create_environment_scripts_only(ika_hardware)
[2.909s] INFO:colcon.colcon_core.shell:Creating package script '/home/sukru/ika_teknofest_aventra_ws/install/ika_hardware/share/ika_hardware/package.ps1'
[2.910s] INFO:colcon.colcon_core.shell:Creating package descriptor '/home/sukru/ika_teknofest_aventra_ws/install/ika_hardware/share/ika_hardware/package.dsv'
[2.910s] INFO:colcon.colcon_core.shell:Creating package script '/home/sukru/ika_teknofest_aventra_ws/install/ika_hardware/share/ika_hardware/package.sh'
[2.910s] INFO:colcon.colcon_core.shell:Creating package script '/home/sukru/ika_teknofest_aventra_ws/install/ika_hardware/share/ika_hardware/package.bash'
[2.910s] INFO:colcon.colcon_core.shell:Creating package script '/home/sukru/ika_teknofest_aventra_ws/install/ika_hardware/share/ika_hardware/package.zsh'
[2.911s] Level 1:colcon.colcon_core.environment:create_file_with_runtime_dependencies(/home/sukru/ika_teknofest_aventra_ws/install/ika_hardware/share/colcon-core/packages/ika_hardware)
[2.929s] Level 1:colcon.colcon_core.shell:create_environment_hook('ika_perception', 'pythonpath_develop')
[2.930s] INFO:colcon.colcon_core.shell:Creating environment hook '/home/sukru/ika_teknofest_aventra_ws/build/ika_perception/share/ika_perception/hook/pythonpath_develop.ps1'
[2.930s] DEBUG:colcon.colcon_core.event_handler.log_command:Invoked command in '/home/sukru/ika_teknofest_aventra_ws/build/ika_perception' returned '0': PYTHONPATH=/home/sukru/ika_teknofest_aventra_ws/build/ika_perception/prefix_override:/usr/lib/python3/dist-packages/colcon_core/task/python/colcon_distutils_commands:/home/sukru/ika_teknofest_aventra_ws/install/ika_perception/lib/python3.10/site-packages:${PYTHONPATH} /usr/bin/python3 -W ignore:setup.py install is deprecated -W ignore:easy_install command is deprecated setup.py develop --editable --build-directory /home/sukru/ika_teknofest_aventra_ws/build/ika_perception/build --no-deps symlink_data
[2.930s] INFO:colcon.colcon_core.shell:Creating environment descriptor '/home/sukru/ika_teknofest_aventra_ws/build/ika_perception/share/ika_perception/hook/pythonpath_develop.dsv'
[2.930s] INFO:colcon.colcon_core.shell:Creating environment hook '/home/sukru/ika_teknofest_aventra_ws/build/ika_perception/share/ika_perception/hook/pythonpath_develop.sh'
[2.931s] Level 1:colcon.colcon_core.environment:checking '/home/sukru/ika_teknofest_aventra_ws/install/ika_perception' for CMake module files
[2.931s] Level 1:colcon.colcon_core.environment:checking '/home/sukru/ika_teknofest_aventra_ws/install/ika_perception' for CMake config files
[2.931s] Level 1:colcon.colcon_core.environment:checking '/home/sukru/ika_teknofest_aventra_ws/install/ika_perception/lib'
[2.932s] Level 1:colcon.colcon_core.environment:checking '/home/sukru/ika_teknofest_aventra_ws/install/ika_perception/bin'
[2.932s] Level 1:colcon.colcon_core.environment:checking '/home/sukru/ika_teknofest_aventra_ws/install/ika_perception/lib/pkgconfig/ika_perception.pc'
[2.932s] Level 1:colcon.colcon_core.environment:checking '/home/sukru/ika_teknofest_aventra_ws/install/ika_perception/lib/python3.10/site-packages'
[2.932s] Level 1:colcon.colcon_core.shell:create_environment_hook('ika_perception', 'pythonpath')
[2.932s] INFO:colcon.colcon_core.shell:Creating environment hook '/home/sukru/ika_teknofest_aventra_ws/install/ika_perception/share/ika_perception/hook/pythonpath.ps1'
[2.932s] INFO:colcon.colcon_core.shell:Creating environment descriptor '/home/sukru/ika_teknofest_aventra_ws/install/ika_perception/share/ika_perception/hook/pythonpath.dsv'
[2.932s] INFO:colcon.colcon_core.shell:Creating environment hook '/home/sukru/ika_teknofest_aventra_ws/install/ika_perception/share/ika_perception/hook/pythonpath.sh'
[2.933s] Level 1:colcon.colcon_core.environment:checking '/home/sukru/ika_teknofest_aventra_ws/install/ika_perception/bin'
[2.933s] Level 1:colcon.colcon_core.environment:create_environment_scripts_only(ika_perception)
[2.933s] INFO:colcon.colcon_core.shell:Creating package script '/home/sukru/ika_teknofest_aventra_ws/install/ika_perception/share/ika_perception/package.ps1'
[2.933s] INFO:colcon.colcon_core.shell:Creating package descriptor '/home/sukru/ika_teknofest_aventra_ws/install/ika_perception/share/ika_perception/package.dsv'
[2.934s] INFO:colcon.colcon_core.shell:Creating package script '/home/sukru/ika_teknofest_aventra_ws/install/ika_perception/share/ika_perception/package.sh'
[2.934s] INFO:colcon.colcon_core.shell:Creating package script '/home/sukru/ika_teknofest_aventra_ws/install/ika_perception/share/ika_perception/package.bash'
[2.934s] INFO:colcon.colcon_core.shell:Creating package script '/home/sukru/ika_teknofest_aventra_ws/install/ika_perception/share/ika_perception/package.zsh'
[2.934s] Level 1:colcon.colcon_core.environment:create_file_with_runtime_dependencies(/home/sukru/ika_teknofest_aventra_ws/install/ika_perception/share/colcon-core/packages/ika_perception)
[3.630s] DEBUG:colcon.colcon_core.event_handler.log_command:Invoked command in '/home/sukru/ika_teknofest_aventra_ws/build/ika_description' returned '0': AMENT_PREFIX_PATH=/home/sukru/ika_teknofest_aventra_ws/install/ika_control:/home/sukru/ika_teknofest_aventra_ws/install/ika_ui_bridge:/home/sukru/ika_teknofest_aventra_ws/install/ika_targeting:/home/sukru/ika_teknofest_aventra_ws/install/ika_sensors:/home/sukru/ika_teknofest_aventra_ws/install/ika_perception:/home/sukru/ika_teknofest_aventra_ws/install/ika_navigation:/home/sukru/ika_teknofest_aventra_ws/install/ika_msgs:/home/sukru/ika_teknofest_aventra_ws/install/ika_mission_manager:/home/sukru/ika_teknofest_aventra_ws/install/ika_localization:/home/sukru/ika_teknofest_aventra_ws/install/ika_hardware:/home/sukru/ika_teknofest_aventra_ws/install/ika_bringup:/home/sukru/ika_teknofest_aventra_ws/install/ika_gazebo:/home/sukru/ika_teknofest_aventra_ws/install/ika_description:/home/sukru/ika_teknofest_aventra_ws/install/ika_data_logger:/home/sukru/ika_teknofest_aventra_ws/install/ika_behaviors:/home/sukru/ai_autonomi_ws/install/ika_autonomi:/home/sukru/Desktop/otonom_atis/install/python_pkg:/home/sukru/dev_ws/install/my_package:/home/sukru/dev_ws/install/my_bot:/home/sukru/ros_ws_vacuum_bot/install/vacuum_teleop:/home/sukru/ros_ws_vacuum_bot/install/vacuum_sensors:/home/sukru/ros_ws_vacuum_bot/install/vacuum_navigation:/home/sukru/ros_ws_vacuum_bot/install/vacuum_msgs:/home/sukru/ros_ws_vacuum_bot/install/vacuum_mapping:/home/sukru/ros_ws_vacuum_bot/install/vacuum_description:/home/sukru/ros_ws_vacuum_bot/install/vacuum_control:/home/sukru/ros_ws_vacuum_bot/install/vacuum_bringup:/home/sukru/ros_ws_demo/install/python_pkg:/opt/ros/humble CMAKE_PREFIX_PATH=${CMAKE_PREFIX_PATH}:/home/sukru/ika_teknofest_aventra_ws/install/ika_ui_bridge:/home/sukru/ika_teknofest_aventra_ws/install/ika_targeting:/home/sukru/ika_teknofest_aventra_ws/install/ika_sensors:/home/sukru/ika_teknofest_aventra_ws/install/ika_perception:/home/sukru/ika_teknofest_aventra_ws/install/ika_navigation:/home/sukru/ika_teknofest_aventra_ws/install/ika_mission_manager:/home/sukru/ika_teknofest_aventra_ws/install/ika_localization:/home/sukru/ika_teknofest_aventra_ws/install/ika_hardware:/home/sukru/ika_teknofest_aventra_ws/install/ika_data_logger:/home/sukru/ika_teknofest_aventra_ws/install/ika_control:/home/sukru/ika_teknofest_aventra_ws/install/ika_behaviors:/home/sukru/ai_autonomi_ws/install/ika_autonomi:/home/sukru/Desktop/otonom_atis/install/python_pkg:/home/sukru/ros_ws_vacuum_bot/install/vacuum_teleop:/home/sukru/ros_ws_vacuum_bot/install/vacuum_sensors:/home/sukru/ros_ws_vacuum_bot/install/vacuum_navigation:/home/sukru/ros_ws_vacuum_bot/install/vacuum_msgs:/home/sukru/ros_ws_vacuum_bot/install/vacuum_mapping:/home/sukru/ros_ws_vacuum_bot/install/vacuum_description:/home/sukru/ros_ws_vacuum_bot/install/vacuum_control:/home/sukru/ros_ws_vacuum_bot/install/vacuum_bringup:/home/sukru/ros_ws_demo/install/python_pkg:/opt/ros/humble PYTHONPATH=/home/sukru/ika_teknofest_aventra_ws/build/ika_control:/home/sukru/ika_teknofest_aventra_ws/install/ika_control/lib/python3.10/site-packages:/home/sukru/ika_teknofest_aventra_ws/build/ika_ui_bridge:/home/sukru/ika_teknofest_aventra_ws/install/ika_ui_bridge/lib/python3.10/site-packages:/home/sukru/ika_teknofest_aventra_ws/build/ika_targeting:/home/sukru/ika_teknofest_aventra_ws/install/ika_targeting/lib/python3.10/site-packages:/home/sukru/ika_teknofest_aventra_ws/build/ika_sensors:/home/sukru/ika_teknofest_aventra_ws/install/ika_sensors/lib/python3.10/site-packages:/home/sukru/ika_teknofest_aventra_ws/build/ika_perception:/home/sukru/ika_teknofest_aventra_ws/install/ika_perception/lib/python3.10/site-packages:/home/sukru/ika_teknofest_aventra_ws/build/ika_navigation:/home/sukru/ika_teknofest_aventra_ws/install/ika_navigation/lib/python3.10/site-packages:/home/sukru/ika_teknofest_aventra_ws/install/ika_msgs/local/lib/python3.10/dist-packages:/home/sukru/ika_teknofest_aventra_ws/build/ika_mission_manager:/home/sukru/ika_teknofest_aventra_ws/install/ika_mission_manager/lib/python3.10/site-packages:/home/sukru/ika_teknofest_aventra_ws/build/ika_localization:/home/sukru/ika_teknofest_aventra_ws/install/ika_localization/lib/python3.10/site-packages:/home/sukru/ika_teknofest_aventra_ws/build/ika_hardware:/home/sukru/ika_teknofest_aventra_ws/install/ika_hardware/lib/python3.10/site-packages:/home/sukru/ika_teknofest_aventra_ws/build/ika_data_logger:/home/sukru/ika_teknofest_aventra_ws/install/ika_data_logger/lib/python3.10/site-packages:/home/sukru/ika_teknofest_aventra_ws/build/ika_behaviors:/home/sukru/ika_teknofest_aventra_ws/install/ika_behaviors/lib/python3.10/site-packages:/home/sukru/ai_autonomi_ws/install/ika_autonomi/lib/python3.10/site-packages:/home/sukru/Desktop/otonom_atis/build/python_pkg:/home/sukru/Desktop/otonom_atis/install/python_pkg/lib/python3.10/site-packages:/home/sukru/ros_ws_vacuum_bot/install/vacuum_teleop/lib/python3.10/site-packages:/home/sukru/ros_ws_vacuum_bot/install/vacuum_sensors/lib/python3.10/site-packages:/home/sukru/ros_ws_vacuum_bot/install/vacuum_navigation/lib/python3.10/site-packages:/home/sukru/ros_ws_vacuum_bot/install/vacuum_msgs/lib/python3.10/site-packages:/home/sukru/ros_ws_vacuum_bot/install/vacuum_mapping/lib/python3.10/site-packages:/home/sukru/ros_ws_vacuum_bot/install/vacuum_description/lib/python3.10/site-packages:/home/sukru/ros_ws_vacuum_bot/install/vacuum_control/lib/python3.10/site-packages:/home/sukru/ros_ws_vacuum_bot/install/vacuum_bringup/lib/python3.10/site-packages:/home/sukru/ros_ws_demo/install/python_pkg/lib/python3.10/site-packages:/opt/ros/humble/lib/python3.10/site-packages:/opt/ros/humble/local/lib/python3.10/dist-packages /usr/bin/cmake /home/sukru/ika_teknofest_aventra_ws/src/ika_description -DAMENT_CMAKE_SYMLINK_INSTALL=1 -DCMAKE_INSTALL_PREFIX=/home/sukru/ika_teknofest_aventra_ws/install/ika_description
[3.634s] DEBUG:colcon.colcon_core.event_handler.log_command:Invoking command in '/home/sukru/ika_teknofest_aventra_ws/build/ika_description': AMENT_PREFIX_PATH=/home/sukru/ika_teknofest_aventra_ws/install/ika_control:/home/sukru/ika_teknofest_aventra_ws/install/ika_ui_bridge:/home/sukru/ika_teknofest_aventra_ws/install/ika_targeting:/home/sukru/ika_teknofest_aventra_ws/install/ika_sensors:/home/sukru/ika_teknofest_aventra_ws/install/ika_perception:/home/sukru/ika_teknofest_aventra_ws/install/ika_navigation:/home/sukru/ika_teknofest_aventra_ws/install/ika_msgs:/home/sukru/ika_teknofest_aventra_ws/install/ika_mission_manager:/home/sukru/ika_teknofest_aventra_ws/install/ika_localization:/home/sukru/ika_teknofest_aventra_ws/install/ika_hardware:/home/sukru/ika_teknofest_aventra_ws/install/ika_bringup:/home/sukru/ika_teknofest_aventra_ws/install/ika_gazebo:/home/sukru/ika_teknofest_aventra_ws/install/ika_description:/home/sukru/ika_teknofest_aventra_ws/install/ika_data_logger:/home/sukru/ika_teknofest_aventra_ws/install/ika_behaviors:/home/sukru/ai_autonomi_ws/install/ika_autonomi:/home/sukru/Desktop/otonom_atis/install/python_pkg:/home/sukru/dev_ws/install/my_package:/home/sukru/dev_ws/install/my_bot:/home/sukru/ros_ws_vacuum_bot/install/vacuum_teleop:/home/sukru/ros_ws_vacuum_bot/install/vacuum_sensors:/home/sukru/ros_ws_vacuum_bot/install/vacuum_navigation:/home/sukru/ros_ws_vacuum_bot/install/vacuum_msgs:/home/sukru/ros_ws_vacuum_bot/install/vacuum_mapping:/home/sukru/ros_ws_vacuum_bot/install/vacuum_description:/home/sukru/ros_ws_vacuum_bot/install/vacuum_control:/home/sukru/ros_ws_vacuum_bot/install/vacuum_bringup:/home/sukru/ros_ws_demo/install/python_pkg:/opt/ros/humble CMAKE_PREFIX_PATH=${CMAKE_PREFIX_PATH}:/home/sukru/ika_teknofest_aventra_ws/install/ika_ui_bridge:/home/sukru/ika_teknofest_aventra_ws/install/ika_targeting:/home/sukru/ika_teknofest_aventra_ws/install/ika_sensors:/home/sukru/ika_teknofest_aventra_ws/install/ika_perception:/home/sukru/ika_teknofest_aventra_ws/install/ika_navigation:/home/sukru/ika_teknofest_aventra_ws/install/ika_mission_manager:/home/sukru/ika_teknofest_aventra_ws/install/ika_localization:/home/sukru/ika_teknofest_aventra_ws/install/ika_hardware:/home/sukru/ika_teknofest_aventra_ws/install/ika_data_logger:/home/sukru/ika_teknofest_aventra_ws/install/ika_control:/home/sukru/ika_teknofest_aventra_ws/install/ika_behaviors:/home/sukru/ai_autonomi_ws/install/ika_autonomi:/home/sukru/Desktop/otonom_atis/install/python_pkg:/home/sukru/ros_ws_vacuum_bot/install/vacuum_teleop:/home/sukru/ros_ws_vacuum_bot/install/vacuum_sensors:/home/sukru/ros_ws_vacuum_bot/install/vacuum_navigation:/home/sukru/ros_ws_vacuum_bot/install/vacuum_msgs:/home/sukru/ros_ws_vacuum_bot/install/vacuum_mapping:/home/sukru/ros_ws_vacuum_bot/install/vacuum_description:/home/sukru/ros_ws_vacuum_bot/install/vacuum_control:/home/sukru/ros_ws_vacuum_bot/install/vacuum_bringup:/home/sukru/ros_ws_demo/install/python_pkg:/opt/ros/humble PYTHONPATH=/home/sukru/ika_teknofest_aventra_ws/build/ika_control:/home/sukru/ika_teknofest_aventra_ws/install/ika_control/lib/python3.10/site-packages:/home/sukru/ika_teknofest_aventra_ws/build/ika_ui_bridge:/home/sukru/ika_teknofest_aventra_ws/install/ika_ui_bridge/lib/python3.10/site-packages:/home/sukru/ika_teknofest_aventra_ws/build/ika_targeting:/home/sukru/ika_teknofest_aventra_ws/install/ika_targeting/lib/python3.10/site-packages:/home/sukru/ika_teknofest_aventra_ws/build/ika_sensors:/home/sukru/ika_teknofest_aventra_ws/install/ika_sensors/lib/python3.10/site-packages:/home/sukru/ika_teknofest_aventra_ws/build/ika_perception:/home/sukru/ika_teknofest_aventra_ws/install/ika_perception/lib/python3.10/site-packages:/home/sukru/ika_teknofest_aventra_ws/build/ika_navigation:/home/sukru/ika_teknofest_aventra_ws/install/ika_navigation/lib/python3.10/site-packages:/home/sukru/ika_teknofest_aventra_ws/install/ika_msgs/local/lib/python3.10/dist-packages:/home/sukru/ika_teknofest_aventra_ws/build/ika_mission_manager:/home/sukru/ika_teknofest_aventra_ws/install/ika_mission_manager/lib/python3.10/site-packages:/home/sukru/ika_teknofest_aventra_ws/build/ika_localization:/home/sukru/ika_teknofest_aventra_ws/install/ika_localization/lib/python3.10/site-packages:/home/sukru/ika_teknofest_aventra_ws/build/ika_hardware:/home/sukru/ika_teknofest_aventra_ws/install/ika_hardware/lib/python3.10/site-packages:/home/sukru/ika_teknofest_aventra_ws/build/ika_data_logger:/home/sukru/ika_teknofest_aventra_ws/install/ika_data_logger/lib/python3.10/site-packages:/home/sukru/ika_teknofest_aventra_ws/build/ika_behaviors:/home/sukru/ika_teknofest_aventra_ws/install/ika_behaviors/lib/python3.10/site-packages:/home/sukru/ai_autonomi_ws/install/ika_autonomi/lib/python3.10/site-packages:/home/sukru/Desktop/otonom_atis/build/python_pkg:/home/sukru/Desktop/otonom_atis/install/python_pkg/lib/python3.10/site-packages:/home/sukru/ros_ws_vacuum_bot/install/vacuum_teleop/lib/python3.10/site-packages:/home/sukru/ros_ws_vacuum_bot/install/vacuum_sensors/lib/python3.10/site-packages:/home/sukru/ros_ws_vacuum_bot/install/vacuum_navigation/lib/python3.10/site-packages:/home/sukru/ros_ws_vacuum_bot/install/vacuum_msgs/lib/python3.10/site-packages:/home/sukru/ros_ws_vacuum_bot/install/vacuum_mapping/lib/python3.10/site-packages:/home/sukru/ros_ws_vacuum_bot/install/vacuum_description/lib/python3.10/site-packages:/home/sukru/ros_ws_vacuum_bot/install/vacuum_control/lib/python3.10/site-packages:/home/sukru/ros_ws_vacuum_bot/install/vacuum_bringup/lib/python3.10/site-packages:/home/sukru/ros_ws_demo/install/python_pkg/lib/python3.10/site-packages:/opt/ros/humble/lib/python3.10/site-packages:/opt/ros/humble/local/lib/python3.10/dist-packages /usr/bin/cmake --build /home/sukru/ika_teknofest_aventra_ws/build/ika_description -- -j12 -l12
[3.675s] DEBUG:colcon.colcon_core.event_handler.log_command:Invoked command in '/home/sukru/ika_teknofest_aventra_ws/build/ika_description' returned '0': AMENT_PREFIX_PATH=/home/sukru/ika_teknofest_aventra_ws/install/ika_control:/home/sukru/ika_teknofest_aventra_ws/install/ika_ui_bridge:/home/sukru/ika_teknofest_aventra_ws/install/ika_targeting:/home/sukru/ika_teknofest_aventra_ws/install/ika_sensors:/home/sukru/ika_teknofest_aventra_ws/install/ika_perception:/home/sukru/ika_teknofest_aventra_ws/install/ika_navigation:/home/sukru/ika_teknofest_aventra_ws/install/ika_msgs:/home/sukru/ika_teknofest_aventra_ws/install/ika_mission_manager:/home/sukru/ika_teknofest_aventra_ws/install/ika_localization:/home/sukru/ika_teknofest_aventra_ws/install/ika_hardware:/home/sukru/ika_teknofest_aventra_ws/install/ika_bringup:/home/sukru/ika_teknofest_aventra_ws/install/ika_gazebo:/home/sukru/ika_teknofest_aventra_ws/install/ika_description:/home/sukru/ika_teknofest_aventra_ws/install/ika_data_logger:/home/sukru/ika_teknofest_aventra_ws/install/ika_behaviors:/home/sukru/ai_autonomi_ws/install/ika_autonomi:/home/sukru/Desktop/otonom_atis/install/python_pkg:/home/sukru/dev_ws/install/my_package:/home/sukru/dev_ws/install/my_bot:/home/sukru/ros_ws_vacuum_bot/install/vacuum_teleop:/home/sukru/ros_ws_vacuum_bot/install/vacuum_sensors:/home/sukru/ros_ws_vacuum_bot/install/vacuum_navigation:/home/sukru/ros_ws_vacuum_bot/install/vacuum_msgs:/home/sukru/ros_ws_vacuum_bot/install/vacuum_mapping:/home/sukru/ros_ws_vacuum_bot/install/vacuum_description:/home/sukru/ros_ws_vacuum_bot/install/vacuum_control:/home/sukru/ros_ws_vacuum_bot/install/vacuum_bringup:/home/sukru/ros_ws_demo/install/python_pkg:/opt/ros/humble CMAKE_PREFIX_PATH=${CMAKE_PREFIX_PATH}:/home/sukru/ika_teknofest_aventra_ws/install/ika_ui_bridge:/home/sukru/ika_teknofest_aventra_ws/install/ika_targeting:/home/sukru/ika_teknofest_aventra_ws/install/ika_sensors:/home/sukru/ika_teknofest_aventra_ws/install/ika_perception:/home/sukru/ika_teknofest_aventra_ws/install/ika_navigation:/home/sukru/ika_teknofest_aventra_ws/install/ika_mission_manager:/home/sukru/ika_teknofest_aventra_ws/install/ika_localization:/home/sukru/ika_teknofest_aventra_ws/install/ika_hardware:/home/sukru/ika_teknofest_aventra_ws/install/ika_data_logger:/home/sukru/ika_teknofest_aventra_ws/install/ika_control:/home/sukru/ika_teknofest_aventra_ws/install/ika_behaviors:/home/sukru/ai_autonomi_ws/install/ika_autonomi:/home/sukru/Desktop/otonom_atis/install/python_pkg:/home/sukru/ros_ws_vacuum_bot/install/vacuum_teleop:/home/sukru/ros_ws_vacuum_bot/install/vacuum_sensors:/home/sukru/ros_ws_vacuum_bot/install/vacuum_navigation:/home/sukru/ros_ws_vacuum_bot/install/vacuum_msgs:/home/sukru/ros_ws_vacuum_bot/install/vacuum_mapping:/home/sukru/ros_ws_vacuum_bot/install/vacuum_description:/home/sukru/ros_ws_vacuum_bot/install/vacuum_control:/home/sukru/ros_ws_vacuum_bot/install/vacuum_bringup:/home/sukru/ros_ws_demo/install/python_pkg:/opt/ros/humble PYTHONPATH=/home/sukru/ika_teknofest_aventra_ws/build/ika_control:/home/sukru/ika_teknofest_aventra_ws/install/ika_control/lib/python3.10/site-packages:/home/sukru/ika_teknofest_aventra_ws/build/ika_ui_bridge:/home/sukru/ika_teknofest_aventra_ws/install/ika_ui_bridge/lib/python3.10/site-packages:/home/sukru/ika_teknofest_aventra_ws/build/ika_targeting:/home/sukru/ika_teknofest_aventra_ws/install/ika_targeting/lib/python3.10/site-packages:/home/sukru/ika_teknofest_aventra_ws/build/ika_sensors:/home/sukru/ika_teknofest_aventra_ws/install/ika_sensors/lib/python3.10/site-packages:/home/sukru/ika_teknofest_aventra_ws/build/ika_perception:/home/sukru/ika_teknofest_aventra_ws/install/ika_perception/lib/python3.10/site-packages:/home/sukru/ika_teknofest_aventra_ws/build/ika_navigation:/home/sukru/ika_teknofest_aventra_ws/install/ika_navigation/lib/python3.10/site-packages:/home/sukru/ika_teknofest_aventra_ws/install/ika_msgs/local/lib/python3.10/dist-packages:/home/sukru/ika_teknofest_aventra_ws/build/ika_mission_manager:/home/sukru/ika_teknofest_aventra_ws/install/ika_mission_manager/lib/python3.10/site-packages:/home/sukru/ika_teknofest_aventra_ws/build/ika_localization:/home/sukru/ika_teknofest_aventra_ws/install/ika_localization/lib/python3.10/site-packages:/home/sukru/ika_teknofest_aventra_ws/build/ika_hardware:/home/sukru/ika_teknofest_aventra_ws/install/ika_hardware/lib/python3.10/site-packages:/home/sukru/ika_teknofest_aventra_ws/build/ika_data_logger:/home/sukru/ika_teknofest_aventra_ws/install/ika_data_logger/lib/python3.10/site-packages:/home/sukru/ika_teknofest_aventra_ws/build/ika_behaviors:/home/sukru/ika_teknofest_aventra_ws/install/ika_behaviors/lib/python3.10/site-packages:/home/sukru/ai_autonomi_ws/install/ika_autonomi/lib/python3.10/site-packages:/home/sukru/Desktop/otonom_atis/build/python_pkg:/home/sukru/Desktop/otonom_atis/install/python_pkg/lib/python3.10/site-packages:/home/sukru/ros_ws_vacuum_bot/install/vacuum_teleop/lib/python3.10/site-packages:/home/sukru/ros_ws_vacuum_bot/install/vacuum_sensors/lib/python3.10/site-packages:/home/sukru/ros_ws_vacuum_bot/install/vacuum_navigation/lib/python3.10/site-packages:/home/sukru/ros_ws_vacuum_bot/install/vacuum_msgs/lib/python3.10/site-packages:/home/sukru/ros_ws_vacuum_bot/install/vacuum_mapping/lib/python3.10/site-packages:/home/sukru/ros_ws_vacuum_bot/install/vacuum_description/lib/python3.10/site-packages:/home/sukru/ros_ws_vacuum_bot/install/vacuum_control/lib/python3.10/site-packages:/home/sukru/ros_ws_vacuum_bot/install/vacuum_bringup/lib/python3.10/site-packages:/home/sukru/ros_ws_demo/install/python_pkg/lib/python3.10/site-packages:/opt/ros/humble/lib/python3.10/site-packages:/opt/ros/humble/local/lib/python3.10/dist-packages /usr/bin/cmake --build /home/sukru/ika_teknofest_aventra_ws/build/ika_description -- -j12 -l12
[3.684s] DEBUG:colcon.colcon_core.event_handler.log_command:Invoking command in '/home/sukru/ika_teknofest_aventra_ws/build/ika_description': AMENT_PREFIX_PATH=/home/sukru/ika_teknofest_aventra_ws/install/ika_control:/home/sukru/ika_teknofest_aventra_ws/install/ika_ui_bridge:/home/sukru/ika_teknofest_aventra_ws/install/ika_targeting:/home/sukru/ika_teknofest_aventra_ws/install/ika_sensors:/home/sukru/ika_teknofest_aventra_ws/install/ika_perception:/home/sukru/ika_teknofest_aventra_ws/install/ika_navigation:/home/sukru/ika_teknofest_aventra_ws/install/ika_msgs:/home/sukru/ika_teknofest_aventra_ws/install/ika_mission_manager:/home/sukru/ika_teknofest_aventra_ws/install/ika_localization:/home/sukru/ika_teknofest_aventra_ws/install/ika_hardware:/home/sukru/ika_teknofest_aventra_ws/install/ika_bringup:/home/sukru/ika_teknofest_aventra_ws/install/ika_gazebo:/home/sukru/ika_teknofest_aventra_ws/install/ika_description:/home/sukru/ika_teknofest_aventra_ws/install/ika_data_logger:/home/sukru/ika_teknofest_aventra_ws/install/ika_behaviors:/home/sukru/ai_autonomi_ws/install/ika_autonomi:/home/sukru/Desktop/otonom_atis/install/python_pkg:/home/sukru/dev_ws/install/my_package:/home/sukru/dev_ws/install/my_bot:/home/sukru/ros_ws_vacuum_bot/install/vacuum_teleop:/home/sukru/ros_ws_vacuum_bot/install/vacuum_sensors:/home/sukru/ros_ws_vacuum_bot/install/vacuum_navigation:/home/sukru/ros_ws_vacuum_bot/install/vacuum_msgs:/home/sukru/ros_ws_vacuum_bot/install/vacuum_mapping:/home/sukru/ros_ws_vacuum_bot/install/vacuum_description:/home/sukru/ros_ws_vacuum_bot/install/vacuum_control:/home/sukru/ros_ws_vacuum_bot/install/vacuum_bringup:/home/sukru/ros_ws_demo/install/python_pkg:/opt/ros/humble CMAKE_PREFIX_PATH=${CMAKE_PREFIX_PATH}:/home/sukru/ika_teknofest_aventra_ws/install/ika_ui_bridge:/home/sukru/ika_teknofest_aventra_ws/install/ika_targeting:/home/sukru/ika_teknofest_aventra_ws/install/ika_sensors:/home/sukru/ika_teknofest_aventra_ws/install/ika_perception:/home/sukru/ika_teknofest_aventra_ws/install/ika_navigation:/home/sukru/ika_teknofest_aventra_ws/install/ika_mission_manager:/home/sukru/ika_teknofest_aventra_ws/install/ika_localization:/home/sukru/ika_teknofest_aventra_ws/install/ika_hardware:/home/sukru/ika_teknofest_aventra_ws/install/ika_data_logger:/home/sukru/ika_teknofest_aventra_ws/install/ika_control:/home/sukru/ika_teknofest_aventra_ws/install/ika_behaviors:/home/sukru/ai_autonomi_ws/install/ika_autonomi:/home/sukru/Desktop/otonom_atis/install/python_pkg:/home/sukru/ros_ws_vacuum_bot/install/vacuum_teleop:/home/sukru/ros_ws_vacuum_bot/install/vacuum_sensors:/home/sukru/ros_ws_vacuum_bot/install/vacuum_navigation:/home/sukru/ros_ws_vacuum_bot/install/vacuum_msgs:/home/sukru/ros_ws_vacuum_bot/install/vacuum_mapping:/home/sukru/ros_ws_vacuum_bot/install/vacuum_description:/home/sukru/ros_ws_vacuum_bot/install/vacuum_control:/home/sukru/ros_ws_vacuum_bot/install/vacuum_bringup:/home/sukru/ros_ws_demo/install/python_pkg:/opt/ros/humble PYTHONPATH=/home/sukru/ika_teknofest_aventra_ws/build/ika_control:/home/sukru/ika_teknofest_aventra_ws/install/ika_control/lib/python3.10/site-packages:/home/sukru/ika_teknofest_aventra_ws/build/ika_ui_bridge:/home/sukru/ika_teknofest_aventra_ws/install/ika_ui_bridge/lib/python3.10/site-packages:/home/sukru/ika_teknofest_aventra_ws/build/ika_targeting:/home/sukru/ika_teknofest_aventra_ws/install/ika_targeting/lib/python3.10/site-packages:/home/sukru/ika_teknofest_aventra_ws/build/ika_sensors:/home/sukru/ika_teknofest_aventra_ws/install/ika_sensors/lib/python3.10/site-packages:/home/sukru/ika_teknofest_aventra_ws/build/ika_perception:/home/sukru/ika_teknofest_aventra_ws/install/ika_perception/lib/python3.10/site-packages:/home/sukru/ika_teknofest_aventra_ws/build/ika_navigation:/home/sukru/ika_teknofest_aventra_ws/install/ika_navigation/lib/python3.10/site-packages:/home/sukru/ika_teknofest_aventra_ws/install/ika_msgs/local/lib/python3.10/dist-packages:/home/sukru/ika_teknofest_aventra_ws/build/ika_mission_manager:/home/sukru/ika_teknofest_aventra_ws/install/ika_mission_manager/lib/python3.10/site-packages:/home/sukru/ika_teknofest_aventra_ws/build/ika_localization:/home/sukru/ika_teknofest_aventra_ws/install/ika_localization/lib/python3.10/site-packages:/home/sukru/ika_teknofest_aventra_ws/build/ika_hardware:/home/sukru/ika_teknofest_aventra_ws/install/ika_hardware/lib/python3.10/site-packages:/home/sukru/ika_teknofest_aventra_ws/build/ika_data_logger:/home/sukru/ika_teknofest_aventra_ws/install/ika_data_logger/lib/python3.10/site-packages:/home/sukru/ika_teknofest_aventra_ws/build/ika_behaviors:/home/sukru/ika_teknofest_aventra_ws/install/ika_behaviors/lib/python3.10/site-packages:/home/sukru/ai_autonomi_ws/install/ika_autonomi/lib/python3.10/site-packages:/home/sukru/Desktop/otonom_atis/build/python_pkg:/home/sukru/Desktop/otonom_atis/install/python_pkg/lib/python3.10/site-packages:/home/sukru/ros_ws_vacuum_bot/install/vacuum_teleop/lib/python3.10/site-packages:/home/sukru/ros_ws_vacuum_bot/install/vacuum_sensors/lib/python3.10/site-packages:/home/sukru/ros_ws_vacuum_bot/install/vacuum_navigation/lib/python3.10/site-packages:/home/sukru/ros_ws_vacuum_bot/install/vacuum_msgs/lib/python3.10/site-packages:/home/sukru/ros_ws_vacuum_bot/install/vacuum_mapping/lib/python3.10/site-packages:/home/sukru/ros_ws_vacuum_bot/install/vacuum_description/lib/python3.10/site-packages:/home/sukru/ros_ws_vacuum_bot/install/vacuum_control/lib/python3.10/site-packages:/home/sukru/ros_ws_vacuum_bot/install/vacuum_bringup/lib/python3.10/site-packages:/home/sukru/ros_ws_demo/install/python_pkg/lib/python3.10/site-packages:/opt/ros/humble/lib/python3.10/site-packages:/opt/ros/humble/local/lib/python3.10/dist-packages /usr/bin/cmake --install /home/sukru/ika_teknofest_aventra_ws/build/ika_description
[3.976s] Level 1:colcon.colcon_core.environment:create_environment_scripts_only(ika_description)
[3.976s] Level 1:colcon.colcon_core.environment:checking '/home/sukru/ika_teknofest_aventra_ws/install/ika_description' for CMake module files
[3.977s] DEBUG:colcon.colcon_core.event_handler.log_command:Invoked command in '/home/sukru/ika_teknofest_aventra_ws/build/ika_description' returned '0': AMENT_PREFIX_PATH=/home/sukru/ika_teknofest_aventra_ws/install/ika_control:/home/sukru/ika_teknofest_aventra_ws/install/ika_ui_bridge:/home/sukru/ika_teknofest_aventra_ws/install/ika_targeting:/home/sukru/ika_teknofest_aventra_ws/install/ika_sensors:/home/sukru/ika_teknofest_aventra_ws/install/ika_perception:/home/sukru/ika_teknofest_aventra_ws/install/ika_navigation:/home/sukru/ika_teknofest_aventra_ws/install/ika_msgs:/home/sukru/ika_teknofest_aventra_ws/install/ika_mission_manager:/home/sukru/ika_teknofest_aventra_ws/install/ika_localization:/home/sukru/ika_teknofest_aventra_ws/install/ika_hardware:/home/sukru/ika_teknofest_aventra_ws/install/ika_bringup:/home/sukru/ika_teknofest_aventra_ws/install/ika_gazebo:/home/sukru/ika_teknofest_aventra_ws/install/ika_description:/home/sukru/ika_teknofest_aventra_ws/install/ika_data_logger:/home/sukru/ika_teknofest_aventra_ws/install/ika_behaviors:/home/sukru/ai_autonomi_ws/install/ika_autonomi:/home/sukru/Desktop/otonom_atis/install/python_pkg:/home/sukru/dev_ws/install/my_package:/home/sukru/dev_ws/install/my_bot:/home/sukru/ros_ws_vacuum_bot/install/vacuum_teleop:/home/sukru/ros_ws_vacuum_bot/install/vacuum_sensors:/home/sukru/ros_ws_vacuum_bot/install/vacuum_navigation:/home/sukru/ros_ws_vacuum_bot/install/vacuum_msgs:/home/sukru/ros_ws_vacuum_bot/install/vacuum_mapping:/home/sukru/ros_ws_vacuum_bot/install/vacuum_description:/home/sukru/ros_ws_vacuum_bot/install/vacuum_control:/home/sukru/ros_ws_vacuum_bot/install/vacuum_bringup:/home/sukru/ros_ws_demo/install/python_pkg:/opt/ros/humble CMAKE_PREFIX_PATH=${CMAKE_PREFIX_PATH}:/home/sukru/ika_teknofest_aventra_ws/install/ika_ui_bridge:/home/sukru/ika_teknofest_aventra_ws/install/ika_targeting:/home/sukru/ika_teknofest_aventra_ws/install/ika_sensors:/home/sukru/ika_teknofest_aventra_ws/install/ika_perception:/home/sukru/ika_teknofest_aventra_ws/install/ika_navigation:/home/sukru/ika_teknofest_aventra_ws/install/ika_mission_manager:/home/sukru/ika_teknofest_aventra_ws/install/ika_localization:/home/sukru/ika_teknofest_aventra_ws/install/ika_hardware:/home/sukru/ika_teknofest_aventra_ws/install/ika_data_logger:/home/sukru/ika_teknofest_aventra_ws/install/ika_control:/home/sukru/ika_teknofest_aventra_ws/install/ika_behaviors:/home/sukru/ai_autonomi_ws/install/ika_autonomi:/home/sukru/Desktop/otonom_atis/install/python_pkg:/home/sukru/ros_ws_vacuum_bot/install/vacuum_teleop:/home/sukru/ros_ws_vacuum_bot/install/vacuum_sensors:/home/sukru/ros_ws_vacuum_bot/install/vacuum_navigation:/home/sukru/ros_ws_vacuum_bot/install/vacuum_msgs:/home/sukru/ros_ws_vacuum_bot/install/vacuum_mapping:/home/sukru/ros_ws_vacuum_bot/install/vacuum_description:/home/sukru/ros_ws_vacuum_bot/install/vacuum_control:/home/sukru/ros_ws_vacuum_bot/install/vacuum_bringup:/home/sukru/ros_ws_demo/install/python_pkg:/opt/ros/humble PYTHONPATH=/home/sukru/ika_teknofest_aventra_ws/build/ika_control:/home/sukru/ika_teknofest_aventra_ws/install/ika_control/lib/python3.10/site-packages:/home/sukru/ika_teknofest_aventra_ws/build/ika_ui_bridge:/home/sukru/ika_teknofest_aventra_ws/install/ika_ui_bridge/lib/python3.10/site-packages:/home/sukru/ika_teknofest_aventra_ws/build/ika_targeting:/home/sukru/ika_teknofest_aventra_ws/install/ika_targeting/lib/python3.10/site-packages:/home/sukru/ika_teknofest_aventra_ws/build/ika_sensors:/home/sukru/ika_teknofest_aventra_ws/install/ika_sensors/lib/python3.10/site-packages:/home/sukru/ika_teknofest_aventra_ws/build/ika_perception:/home/sukru/ika_teknofest_aventra_ws/install/ika_perception/lib/python3.10/site-packages:/home/sukru/ika_teknofest_aventra_ws/build/ika_navigation:/home/sukru/ika_teknofest_aventra_ws/install/ika_navigation/lib/python3.10/site-packages:/home/sukru/ika_teknofest_aventra_ws/install/ika_msgs/local/lib/python3.10/dist-packages:/home/sukru/ika_teknofest_aventra_ws/build/ika_mission_manager:/home/sukru/ika_teknofest_aventra_ws/install/ika_mission_manager/lib/python3.10/site-packages:/home/sukru/ika_teknofest_aventra_ws/build/ika_localization:/home/sukru/ika_teknofest_aventra_ws/install/ika_localization/lib/python3.10/site-packages:/home/sukru/ika_teknofest_aventra_ws/build/ika_hardware:/home/sukru/ika_teknofest_aventra_ws/install/ika_hardware/lib/python3.10/site-packages:/home/sukru/ika_teknofest_aventra_ws/build/ika_data_logger:/home/sukru/ika_teknofest_aventra_ws/install/ika_data_logger/lib/python3.10/site-packages:/home/sukru/ika_teknofest_aventra_ws/build/ika_behaviors:/home/sukru/ika_teknofest_aventra_ws/install/ika_behaviors/lib/python3.10/site-packages:/home/sukru/ai_autonomi_ws/install/ika_autonomi/lib/python3.10/site-packages:/home/sukru/Desktop/otonom_atis/build/python_pkg:/home/sukru/Desktop/otonom_atis/install/python_pkg/lib/python3.10/site-packages:/home/sukru/ros_ws_vacuum_bot/install/vacuum_teleop/lib/python3.10/site-packages:/home/sukru/ros_ws_vacuum_bot/install/vacuum_sensors/lib/python3.10/site-packages:/home/sukru/ros_ws_vacuum_bot/install/vacuum_navigation/lib/python3.10/site-packages:/home/sukru/ros_ws_vacuum_bot/install/vacuum_msgs/lib/python3.10/site-packages:/home/sukru/ros_ws_vacuum_bot/install/vacuum_mapping/lib/python3.10/site-packages:/home/sukru/ros_ws_vacuum_bot/install/vacuum_description/lib/python3.10/site-packages:/home/sukru/ros_ws_vacuum_bot/install/vacuum_control/lib/python3.10/site-packages:/home/sukru/ros_ws_vacuum_bot/install/vacuum_bringup/lib/python3.10/site-packages:/home/sukru/ros_ws_demo/install/python_pkg/lib/python3.10/site-packages:/opt/ros/humble/lib/python3.10/site-packages:/opt/ros/humble/local/lib/python3.10/dist-packages /usr/bin/cmake --install /home/sukru/ika_teknofest_aventra_ws/build/ika_description
[3.977s] Level 1:colcon.colcon_core.environment:checking '/home/sukru/ika_teknofest_aventra_ws/install/ika_description' for CMake config files
[3.977s] Level 1:colcon.colcon_core.shell:create_environment_hook('ika_description', 'cmake_prefix_path')
[3.977s] INFO:colcon.colcon_core.shell:Creating environment hook '/home/sukru/ika_teknofest_aventra_ws/install/ika_description/share/ika_description/hook/cmake_prefix_path.ps1'
[3.978s] INFO:colcon.colcon_core.shell:Creating environment descriptor '/home/sukru/ika_teknofest_aventra_ws/install/ika_description/share/ika_description/hook/cmake_prefix_path.dsv'
[3.978s] INFO:colcon.colcon_core.shell:Creating environment hook '/home/sukru/ika_teknofest_aventra_ws/install/ika_description/share/ika_description/hook/cmake_prefix_path.sh'
[3.978s] Level 1:colcon.colcon_core.environment:checking '/home/sukru/ika_teknofest_aventra_ws/install/ika_description/bin'
[3.978s] Level 1:colcon.colcon_core.environment:checking '/home/sukru/ika_teknofest_aventra_ws/install/ika_description/lib/pkgconfig/ika_description.pc'
[3.978s] Level 1:colcon.colcon_core.environment:checking '/home/sukru/ika_teknofest_aventra_ws/install/ika_description/lib/python3.10/site-packages'
[3.979s] Level 1:colcon.colcon_core.environment:checking '/home/sukru/ika_teknofest_aventra_ws/install/ika_description/bin'
[3.979s] INFO:colcon.colcon_core.shell:Creating package script '/home/sukru/ika_teknofest_aventra_ws/install/ika_description/share/ika_description/package.ps1'
[3.979s] INFO:colcon.colcon_core.shell:Creating package descriptor '/home/sukru/ika_teknofest_aventra_ws/install/ika_description/share/ika_description/package.dsv'
[3.979s] INFO:colcon.colcon_core.shell:Creating package script '/home/sukru/ika_teknofest_aventra_ws/install/ika_description/share/ika_description/package.sh'
[3.980s] INFO:colcon.colcon_core.shell:Creating package script '/home/sukru/ika_teknofest_aventra_ws/install/ika_description/share/ika_description/package.bash'
[3.980s] INFO:colcon.colcon_core.shell:Creating package script '/home/sukru/ika_teknofest_aventra_ws/install/ika_description/share/ika_description/package.zsh'
[3.980s] Level 1:colcon.colcon_core.environment:create_file_with_runtime_dependencies(/home/sukru/ika_teknofest_aventra_ws/install/ika_description/share/colcon-core/packages/ika_description)
[3.981s] Level 1:colcon.colcon_core.environment:create_environment_scripts_only(ika_description)
[3.981s] Level 1:colcon.colcon_core.environment:checking '/home/sukru/ika_teknofest_aventra_ws/install/ika_description' for CMake module files
[3.981s] Level 1:colcon.colcon_core.environment:checking '/home/sukru/ika_teknofest_aventra_ws/install/ika_description' for CMake config files
[3.981s] Level 1:colcon.colcon_core.shell:create_environment_hook('ika_description', 'cmake_prefix_path')
[3.981s] INFO:colcon.colcon_core.shell:Creating environment hook '/home/sukru/ika_teknofest_aventra_ws/install/ika_description/share/ika_description/hook/cmake_prefix_path.ps1'
[3.981s] INFO:colcon.colcon_core.shell:Creating environment descriptor '/home/sukru/ika_teknofest_aventra_ws/install/ika_description/share/ika_description/hook/cmake_prefix_path.dsv'
[3.982s] INFO:colcon.colcon_core.shell:Creating environment hook '/home/sukru/ika_teknofest_aventra_ws/install/ika_description/share/ika_description/hook/cmake_prefix_path.sh'
[3.982s] Level 1:colcon.colcon_core.environment:checking '/home/sukru/ika_teknofest_aventra_ws/install/ika_description/bin'
[3.982s] Level 1:colcon.colcon_core.environment:checking '/home/sukru/ika_teknofest_aventra_ws/install/ika_description/lib/pkgconfig/ika_description.pc'
[3.982s] Level 1:colcon.colcon_core.environment:checking '/home/sukru/ika_teknofest_aventra_ws/install/ika_description/lib/python3.10/site-packages'
[3.982s] Level 1:colcon.colcon_core.environment:checking '/home/sukru/ika_teknofest_aventra_ws/install/ika_description/bin'
[3.982s] INFO:colcon.colcon_core.shell:Creating package script '/home/sukru/ika_teknofest_aventra_ws/install/ika_description/share/ika_description/package.ps1'
[3.983s] INFO:colcon.colcon_core.shell:Creating package descriptor '/home/sukru/ika_teknofest_aventra_ws/install/ika_description/share/ika_description/package.dsv'
[3.983s] INFO:colcon.colcon_core.shell:Creating package script '/home/sukru/ika_teknofest_aventra_ws/install/ika_description/share/ika_description/package.sh'
[3.983s] INFO:colcon.colcon_core.shell:Creating package script '/home/sukru/ika_teknofest_aventra_ws/install/ika_description/share/ika_description/package.bash'
[3.983s] INFO:colcon.colcon_core.shell:Creating package script '/home/sukru/ika_teknofest_aventra_ws/install/ika_description/share/ika_description/package.zsh'
[3.983s] Level 1:colcon.colcon_core.environment:create_file_with_runtime_dependencies(/home/sukru/ika_teknofest_aventra_ws/install/ika_description/share/colcon-core/packages/ika_description)
[3.984s] INFO:colcon.colcon_ros.task.ament_cmake.build:Building ROS package in '/home/sukru/ika_teknofest_aventra_ws/src/ika_gazebo' with build type 'ament_cmake'
[3.984s] INFO:colcon.colcon_cmake.task.cmake.build:Building CMake package in '/home/sukru/ika_teknofest_aventra_ws/src/ika_gazebo'
[3.984s] INFO:colcon.colcon_core.shell:Skip shell extension 'powershell' for command environment: Not usable outside of PowerShell
[3.984s] DEBUG:colcon.colcon_core.shell:Skip shell extension 'dsv' for command environment
[3.992s] DEBUG:colcon.colcon_core.event_handler.log_command:Invoking command in '/home/sukru/ika_teknofest_aventra_ws/build/ika_gazebo': AMENT_PREFIX_PATH=/home/sukru/ika_teknofest_aventra_ws/install/ika_control:/home/sukru/ika_teknofest_aventra_ws/install/ika_ui_bridge:/home/sukru/ika_teknofest_aventra_ws/install/ika_targeting:/home/sukru/ika_teknofest_aventra_ws/install/ika_sensors:/home/sukru/ika_teknofest_aventra_ws/install/ika_perception:/home/sukru/ika_teknofest_aventra_ws/install/ika_navigation:/home/sukru/ika_teknofest_aventra_ws/install/ika_msgs:/home/sukru/ika_teknofest_aventra_ws/install/ika_mission_manager:/home/sukru/ika_teknofest_aventra_ws/install/ika_localization:/home/sukru/ika_teknofest_aventra_ws/install/ika_hardware:/home/sukru/ika_teknofest_aventra_ws/install/ika_bringup:/home/sukru/ika_teknofest_aventra_ws/install/ika_gazebo:/home/sukru/ika_teknofest_aventra_ws/install/ika_description:/home/sukru/ika_teknofest_aventra_ws/install/ika_data_logger:/home/sukru/ika_teknofest_aventra_ws/install/ika_behaviors:/home/sukru/ai_autonomi_ws/install/ika_autonomi:/home/sukru/Desktop/otonom_atis/install/python_pkg:/home/sukru/dev_ws/install/my_package:/home/sukru/dev_ws/install/my_bot:/home/sukru/ros_ws_vacuum_bot/install/vacuum_teleop:/home/sukru/ros_ws_vacuum_bot/install/vacuum_sensors:/home/sukru/ros_ws_vacuum_bot/install/vacuum_navigation:/home/sukru/ros_ws_vacuum_bot/install/vacuum_msgs:/home/sukru/ros_ws_vacuum_bot/install/vacuum_mapping:/home/sukru/ros_ws_vacuum_bot/install/vacuum_description:/home/sukru/ros_ws_vacuum_bot/install/vacuum_control:/home/sukru/ros_ws_vacuum_bot/install/vacuum_bringup:/home/sukru/ros_ws_demo/install/python_pkg:/opt/ros/humble CMAKE_PREFIX_PATH=/home/sukru/ika_teknofest_aventra_ws/install/ika_description:/home/sukru/ika_teknofest_aventra_ws/install/ika_msgs:/home/sukru/ika_teknofest_aventra_ws/install/ika_bringup:/home/sukru/ika_teknofest_aventra_ws/install/ika_gazebo:/home/sukru/dev_ws/install/my_package:/home/sukru/dev_ws/install/my_bot:/home/sukru/ika_teknofest_aventra_ws/install/ika_ui_bridge:/home/sukru/ika_teknofest_aventra_ws/install/ika_targeting:/home/sukru/ika_teknofest_aventra_ws/install/ika_sensors:/home/sukru/ika_teknofest_aventra_ws/install/ika_perception:/home/sukru/ika_teknofest_aventra_ws/install/ika_navigation:/home/sukru/ika_teknofest_aventra_ws/install/ika_mission_manager:/home/sukru/ika_teknofest_aventra_ws/install/ika_localization:/home/sukru/ika_teknofest_aventra_ws/install/ika_hardware:/home/sukru/ika_teknofest_aventra_ws/install/ika_data_logger:/home/sukru/ika_teknofest_aventra_ws/install/ika_control:/home/sukru/ika_teknofest_aventra_ws/install/ika_behaviors:/home/sukru/ai_autonomi_ws/install/ika_autonomi:/home/sukru/Desktop/otonom_atis/install/python_pkg:/home/sukru/ros_ws_vacuum_bot/install/vacuum_teleop:/home/sukru/ros_ws_vacuum_bot/install/vacuum_sensors:/home/sukru/ros_ws_vacuum_bot/install/vacuum_navigation:/home/sukru/ros_ws_vacuum_bot/install/vacuum_msgs:/home/sukru/ros_ws_vacuum_bot/install/vacuum_mapping:/home/sukru/ros_ws_vacuum_bot/install/vacuum_description:/home/sukru/ros_ws_vacuum_bot/install/vacuum_control:/home/sukru/ros_ws_vacuum_bot/install/vacuum_bringup:/home/sukru/ros_ws_demo/install/python_pkg:/opt/ros/humble PYTHONPATH=/home/sukru/ika_teknofest_aventra_ws/build/ika_control:/home/sukru/ika_teknofest_aventra_ws/install/ika_control/lib/python3.10/site-packages:/home/sukru/ika_teknofest_aventra_ws/build/ika_ui_bridge:/home/sukru/ika_teknofest_aventra_ws/install/ika_ui_bridge/lib/python3.10/site-packages:/home/sukru/ika_teknofest_aventra_ws/build/ika_targeting:/home/sukru/ika_teknofest_aventra_ws/install/ika_targeting/lib/python3.10/site-packages:/home/sukru/ika_teknofest_aventra_ws/build/ika_sensors:/home/sukru/ika_teknofest_aventra_ws/install/ika_sensors/lib/python3.10/site-packages:/home/sukru/ika_teknofest_aventra_ws/build/ika_perception:/home/sukru/ika_teknofest_aventra_ws/install/ika_perception/lib/python3.10/site-packages:/home/sukru/ika_teknofest_aventra_ws/build/ika_navigation:/home/sukru/ika_teknofest_aventra_ws/install/ika_navigation/lib/python3.10/site-packages:/home/sukru/ika_teknofest_aventra_ws/install/ika_msgs/local/lib/python3.10/dist-packages:/home/sukru/ika_teknofest_aventra_ws/build/ika_mission_manager:/home/sukru/ika_teknofest_aventra_ws/install/ika_mission_manager/lib/python3.10/site-packages:/home/sukru/ika_teknofest_aventra_ws/build/ika_localization:/home/sukru/ika_teknofest_aventra_ws/install/ika_localization/lib/python3.10/site-packages:/home/sukru/ika_teknofest_aventra_ws/build/ika_hardware:/home/sukru/ika_teknofest_aventra_ws/install/ika_hardware/lib/python3.10/site-packages:/home/sukru/ika_teknofest_aventra_ws/build/ika_data_logger:/home/sukru/ika_teknofest_aventra_ws/install/ika_data_logger/lib/python3.10/site-packages:/home/sukru/ika_teknofest_aventra_ws/build/ika_behaviors:/home/sukru/ika_teknofest_aventra_ws/install/ika_behaviors/lib/python3.10/site-packages:/home/sukru/ai_autonomi_ws/install/ika_autonomi/lib/python3.10/site-packages:/home/sukru/Desktop/otonom_atis/build/python_pkg:/home/sukru/Desktop/otonom_atis/install/python_pkg/lib/python3.10/site-packages:/home/sukru/ros_ws_vacuum_bot/install/vacuum_teleop/lib/python3.10/site-packages:/home/sukru/ros_ws_vacuum_bot/install/vacuum_sensors/lib/python3.10/site-packages:/home/sukru/ros_ws_vacuum_bot/install/vacuum_navigation/lib/python3.10/site-packages:/home/sukru/ros_ws_vacuum_bot/install/vacuum_msgs/lib/python3.10/site-packages:/home/sukru/ros_ws_vacuum_bot/install/vacuum_mapping/lib/python3.10/site-packages:/home/sukru/ros_ws_vacuum_bot/install/vacuum_description/lib/python3.10/site-packages:/home/sukru/ros_ws_vacuum_bot/install/vacuum_control/lib/python3.10/site-packages:/home/sukru/ros_ws_vacuum_bot/install/vacuum_bringup/lib/python3.10/site-packages:/home/sukru/ros_ws_demo/install/python_pkg/lib/python3.10/site-packages:/opt/ros/humble/lib/python3.10/site-packages:/opt/ros/humble/local/lib/python3.10/dist-packages /usr/bin/cmake /home/sukru/ika_teknofest_aventra_ws/src/ika_gazebo -DAMENT_CMAKE_SYMLINK_INSTALL=1 -DCMAKE_INSTALL_PREFIX=/home/sukru/ika_teknofest_aventra_ws/install/ika_gazebo
[5.086s] DEBUG:colcon.colcon_core.event_handler.log_command:Invoked command in '/home/sukru/ika_teknofest_aventra_ws/build/ika_msgs' returned '0': CMAKE_PREFIX_PATH=${CMAKE_PREFIX_PATH}:/home/sukru/ika_teknofest_aventra_ws/install/ika_ui_bridge:/home/sukru/ika_teknofest_aventra_ws/install/ika_targeting:/home/sukru/ika_teknofest_aventra_ws/install/ika_sensors:/home/sukru/ika_teknofest_aventra_ws/install/ika_perception:/home/sukru/ika_teknofest_aventra_ws/install/ika_navigation:/home/sukru/ika_teknofest_aventra_ws/install/ika_mission_manager:/home/sukru/ika_teknofest_aventra_ws/install/ika_localization:/home/sukru/ika_teknofest_aventra_ws/install/ika_hardware:/home/sukru/ika_teknofest_aventra_ws/install/ika_data_logger:/home/sukru/ika_teknofest_aventra_ws/install/ika_control:/home/sukru/ika_teknofest_aventra_ws/install/ika_behaviors:/home/sukru/ai_autonomi_ws/install/ika_autonomi:/home/sukru/Desktop/otonom_atis/install/python_pkg:/home/sukru/ros_ws_vacuum_bot/install/vacuum_teleop:/home/sukru/ros_ws_vacuum_bot/install/vacuum_sensors:/home/sukru/ros_ws_vacuum_bot/install/vacuum_navigation:/home/sukru/ros_ws_vacuum_bot/install/vacuum_msgs:/home/sukru/ros_ws_vacuum_bot/install/vacuum_mapping:/home/sukru/ros_ws_vacuum_bot/install/vacuum_description:/home/sukru/ros_ws_vacuum_bot/install/vacuum_control:/home/sukru/ros_ws_vacuum_bot/install/vacuum_bringup:/home/sukru/ros_ws_demo/install/python_pkg:/opt/ros/humble /usr/bin/cmake --build /home/sukru/ika_teknofest_aventra_ws/build/ika_msgs -- -j12 -l12
[5.087s] DEBUG:colcon.colcon_core.event_handler.log_command:Invoking command in '/home/sukru/ika_teknofest_aventra_ws/build/ika_msgs': CMAKE_PREFIX_PATH=${CMAKE_PREFIX_PATH}:/home/sukru/ika_teknofest_aventra_ws/install/ika_ui_bridge:/home/sukru/ika_teknofest_aventra_ws/install/ika_targeting:/home/sukru/ika_teknofest_aventra_ws/install/ika_sensors:/home/sukru/ika_teknofest_aventra_ws/install/ika_perception:/home/sukru/ika_teknofest_aventra_ws/install/ika_navigation:/home/sukru/ika_teknofest_aventra_ws/install/ika_mission_manager:/home/sukru/ika_teknofest_aventra_ws/install/ika_localization:/home/sukru/ika_teknofest_aventra_ws/install/ika_hardware:/home/sukru/ika_teknofest_aventra_ws/install/ika_data_logger:/home/sukru/ika_teknofest_aventra_ws/install/ika_control:/home/sukru/ika_teknofest_aventra_ws/install/ika_behaviors:/home/sukru/ai_autonomi_ws/install/ika_autonomi:/home/sukru/Desktop/otonom_atis/install/python_pkg:/home/sukru/ros_ws_vacuum_bot/install/vacuum_teleop:/home/sukru/ros_ws_vacuum_bot/install/vacuum_sensors:/home/sukru/ros_ws_vacuum_bot/install/vacuum_navigation:/home/sukru/ros_ws_vacuum_bot/install/vacuum_msgs:/home/sukru/ros_ws_vacuum_bot/install/vacuum_mapping:/home/sukru/ros_ws_vacuum_bot/install/vacuum_description:/home/sukru/ros_ws_vacuum_bot/install/vacuum_control:/home/sukru/ros_ws_vacuum_bot/install/vacuum_bringup:/home/sukru/ros_ws_demo/install/python_pkg:/opt/ros/humble /usr/bin/cmake --install /home/sukru/ika_teknofest_aventra_ws/build/ika_msgs
[5.720s] DEBUG:colcon.colcon_core.event_handler.log_command:Invoked command in '/home/sukru/ika_teknofest_aventra_ws/build/ika_gazebo' returned '0': AMENT_PREFIX_PATH=/home/sukru/ika_teknofest_aventra_ws/install/ika_control:/home/sukru/ika_teknofest_aventra_ws/install/ika_ui_bridge:/home/sukru/ika_teknofest_aventra_ws/install/ika_targeting:/home/sukru/ika_teknofest_aventra_ws/install/ika_sensors:/home/sukru/ika_teknofest_aventra_ws/install/ika_perception:/home/sukru/ika_teknofest_aventra_ws/install/ika_navigation:/home/sukru/ika_teknofest_aventra_ws/install/ika_msgs:/home/sukru/ika_teknofest_aventra_ws/install/ika_mission_manager:/home/sukru/ika_teknofest_aventra_ws/install/ika_localization:/home/sukru/ika_teknofest_aventra_ws/install/ika_hardware:/home/sukru/ika_teknofest_aventra_ws/install/ika_bringup:/home/sukru/ika_teknofest_aventra_ws/install/ika_gazebo:/home/sukru/ika_teknofest_aventra_ws/install/ika_description:/home/sukru/ika_teknofest_aventra_ws/install/ika_data_logger:/home/sukru/ika_teknofest_aventra_ws/install/ika_behaviors:/home/sukru/ai_autonomi_ws/install/ika_autonomi:/home/sukru/Desktop/otonom_atis/install/python_pkg:/home/sukru/dev_ws/install/my_package:/home/sukru/dev_ws/install/my_bot:/home/sukru/ros_ws_vacuum_bot/install/vacuum_teleop:/home/sukru/ros_ws_vacuum_bot/install/vacuum_sensors:/home/sukru/ros_ws_vacuum_bot/install/vacuum_navigation:/home/sukru/ros_ws_vacuum_bot/install/vacuum_msgs:/home/sukru/ros_ws_vacuum_bot/install/vacuum_mapping:/home/sukru/ros_ws_vacuum_bot/install/vacuum_description:/home/sukru/ros_ws_vacuum_bot/install/vacuum_control:/home/sukru/ros_ws_vacuum_bot/install/vacuum_bringup:/home/sukru/ros_ws_demo/install/python_pkg:/opt/ros/humble CMAKE_PREFIX_PATH=/home/sukru/ika_teknofest_aventra_ws/install/ika_description:/home/sukru/ika_teknofest_aventra_ws/install/ika_msgs:/home/sukru/ika_teknofest_aventra_ws/install/ika_bringup:/home/sukru/ika_teknofest_aventra_ws/install/ika_gazebo:/home/sukru/dev_ws/install/my_package:/home/sukru/dev_ws/install/my_bot:/home/sukru/ika_teknofest_aventra_ws/install/ika_ui_bridge:/home/sukru/ika_teknofest_aventra_ws/install/ika_targeting:/home/sukru/ika_teknofest_aventra_ws/install/ika_sensors:/home/sukru/ika_teknofest_aventra_ws/install/ika_perception:/home/sukru/ika_teknofest_aventra_ws/install/ika_navigation:/home/sukru/ika_teknofest_aventra_ws/install/ika_mission_manager:/home/sukru/ika_teknofest_aventra_ws/install/ika_localization:/home/sukru/ika_teknofest_aventra_ws/install/ika_hardware:/home/sukru/ika_teknofest_aventra_ws/install/ika_data_logger:/home/sukru/ika_teknofest_aventra_ws/install/ika_control:/home/sukru/ika_teknofest_aventra_ws/install/ika_behaviors:/home/sukru/ai_autonomi_ws/install/ika_autonomi:/home/sukru/Desktop/otonom_atis/install/python_pkg:/home/sukru/ros_ws_vacuum_bot/install/vacuum_teleop:/home/sukru/ros_ws_vacuum_bot/install/vacuum_sensors:/home/sukru/ros_ws_vacuum_bot/install/vacuum_navigation:/home/sukru/ros_ws_vacuum_bot/install/vacuum_msgs:/home/sukru/ros_ws_vacuum_bot/install/vacuum_mapping:/home/sukru/ros_ws_vacuum_bot/install/vacuum_description:/home/sukru/ros_ws_vacuum_bot/install/vacuum_control:/home/sukru/ros_ws_vacuum_bot/install/vacuum_bringup:/home/sukru/ros_ws_demo/install/python_pkg:/opt/ros/humble PYTHONPATH=/home/sukru/ika_teknofest_aventra_ws/build/ika_control:/home/sukru/ika_teknofest_aventra_ws/install/ika_control/lib/python3.10/site-packages:/home/sukru/ika_teknofest_aventra_ws/build/ika_ui_bridge:/home/sukru/ika_teknofest_aventra_ws/install/ika_ui_bridge/lib/python3.10/site-packages:/home/sukru/ika_teknofest_aventra_ws/build/ika_targeting:/home/sukru/ika_teknofest_aventra_ws/install/ika_targeting/lib/python3.10/site-packages:/home/sukru/ika_teknofest_aventra_ws/build/ika_sensors:/home/sukru/ika_teknofest_aventra_ws/install/ika_sensors/lib/python3.10/site-packages:/home/sukru/ika_teknofest_aventra_ws/build/ika_perception:/home/sukru/ika_teknofest_aventra_ws/install/ika_perception/lib/python3.10/site-packages:/home/sukru/ika_teknofest_aventra_ws/build/ika_navigation:/home/sukru/ika_teknofest_aventra_ws/install/ika_navigation/lib/python3.10/site-packages:/home/sukru/ika_teknofest_aventra_ws/install/ika_msgs/local/lib/python3.10/dist-packages:/home/sukru/ika_teknofest_aventra_ws/build/ika_mission_manager:/home/sukru/ika_teknofest_aventra_ws/install/ika_mission_manager/lib/python3.10/site-packages:/home/sukru/ika_teknofest_aventra_ws/build/ika_localization:/home/sukru/ika_teknofest_aventra_ws/install/ika_localization/lib/python3.10/site-packages:/home/sukru/ika_teknofest_aventra_ws/build/ika_hardware:/home/sukru/ika_teknofest_aventra_ws/install/ika_hardware/lib/python3.10/site-packages:/home/sukru/ika_teknofest_aventra_ws/build/ika_data_logger:/home/sukru/ika_teknofest_aventra_ws/install/ika_data_logger/lib/python3.10/site-packages:/home/sukru/ika_teknofest_aventra_ws/build/ika_behaviors:/home/sukru/ika_teknofest_aventra_ws/install/ika_behaviors/lib/python3.10/site-packages:/home/sukru/ai_autonomi_ws/install/ika_autonomi/lib/python3.10/site-packages:/home/sukru/Desktop/otonom_atis/build/python_pkg:/home/sukru/Desktop/otonom_atis/install/python_pkg/lib/python3.10/site-packages:/home/sukru/ros_ws_vacuum_bot/install/vacuum_teleop/lib/python3.10/site-packages:/home/sukru/ros_ws_vacuum_bot/install/vacuum_sensors/lib/python3.10/site-packages:/home/sukru/ros_ws_vacuum_bot/install/vacuum_navigation/lib/python3.10/site-packages:/home/sukru/ros_ws_vacuum_bot/install/vacuum_msgs/lib/python3.10/site-packages:/home/sukru/ros_ws_vacuum_bot/install/vacuum_mapping/lib/python3.10/site-packages:/home/sukru/ros_ws_vacuum_bot/install/vacuum_description/lib/python3.10/site-packages:/home/sukru/ros_ws_vacuum_bot/install/vacuum_control/lib/python3.10/site-packages:/home/sukru/ros_ws_vacuum_bot/install/vacuum_bringup/lib/python3.10/site-packages:/home/sukru/ros_ws_demo/install/python_pkg/lib/python3.10/site-packages:/opt/ros/humble/lib/python3.10/site-packages:/opt/ros/humble/local/lib/python3.10/dist-packages /usr/bin/cmake /home/sukru/ika_teknofest_aventra_ws/src/ika_gazebo -DAMENT_CMAKE_SYMLINK_INSTALL=1 -DCMAKE_INSTALL_PREFIX=/home/sukru/ika_teknofest_aventra_ws/install/ika_gazebo
[5.721s] DEBUG:colcon.colcon_core.event_handler.log_command:Invoking command in '/home/sukru/ika_teknofest_aventra_ws/build/ika_gazebo': AMENT_PREFIX_PATH=/home/sukru/ika_teknofest_aventra_ws/install/ika_control:/home/sukru/ika_teknofest_aventra_ws/install/ika_ui_bridge:/home/sukru/ika_teknofest_aventra_ws/install/ika_targeting:/home/sukru/ika_teknofest_aventra_ws/install/ika_sensors:/home/sukru/ika_teknofest_aventra_ws/install/ika_perception:/home/sukru/ika_teknofest_aventra_ws/install/ika_navigation:/home/sukru/ika_teknofest_aventra_ws/install/ika_msgs:/home/sukru/ika_teknofest_aventra_ws/install/ika_mission_manager:/home/sukru/ika_teknofest_aventra_ws/install/ika_localization:/home/sukru/ika_teknofest_aventra_ws/install/ika_hardware:/home/sukru/ika_teknofest_aventra_ws/install/ika_bringup:/home/sukru/ika_teknofest_aventra_ws/install/ika_gazebo:/home/sukru/ika_teknofest_aventra_ws/install/ika_description:/home/sukru/ika_teknofest_aventra_ws/install/ika_data_logger:/home/sukru/ika_teknofest_aventra_ws/install/ika_behaviors:/home/sukru/ai_autonomi_ws/install/ika_autonomi:/home/sukru/Desktop/otonom_atis/install/python_pkg:/home/sukru/dev_ws/install/my_package:/home/sukru/dev_ws/install/my_bot:/home/sukru/ros_ws_vacuum_bot/install/vacuum_teleop:/home/sukru/ros_ws_vacuum_bot/install/vacuum_sensors:/home/sukru/ros_ws_vacuum_bot/install/vacuum_navigation:/home/sukru/ros_ws_vacuum_bot/install/vacuum_msgs:/home/sukru/ros_ws_vacuum_bot/install/vacuum_mapping:/home/sukru/ros_ws_vacuum_bot/install/vacuum_description:/home/sukru/ros_ws_vacuum_bot/install/vacuum_control:/home/sukru/ros_ws_vacuum_bot/install/vacuum_bringup:/home/sukru/ros_ws_demo/install/python_pkg:/opt/ros/humble CMAKE_PREFIX_PATH=/home/sukru/ika_teknofest_aventra_ws/install/ika_description:/home/sukru/ika_teknofest_aventra_ws/install/ika_msgs:/home/sukru/ika_teknofest_aventra_ws/install/ika_bringup:/home/sukru/ika_teknofest_aventra_ws/install/ika_gazebo:/home/sukru/dev_ws/install/my_package:/home/sukru/dev_ws/install/my_bot:/home/sukru/ika_teknofest_aventra_ws/install/ika_ui_bridge:/home/sukru/ika_teknofest_aventra_ws/install/ika_targeting:/home/sukru/ika_teknofest_aventra_ws/install/ika_sensors:/home/sukru/ika_teknofest_aventra_ws/install/ika_perception:/home/sukru/ika_teknofest_aventra_ws/install/ika_navigation:/home/sukru/ika_teknofest_aventra_ws/install/ika_mission_manager:/home/sukru/ika_teknofest_aventra_ws/install/ika_localization:/home/sukru/ika_teknofest_aventra_ws/install/ika_hardware:/home/sukru/ika_teknofest_aventra_ws/install/ika_data_logger:/home/sukru/ika_teknofest_aventra_ws/install/ika_control:/home/sukru/ika_teknofest_aventra_ws/install/ika_behaviors:/home/sukru/ai_autonomi_ws/install/ika_autonomi:/home/sukru/Desktop/otonom_atis/install/python_pkg:/home/sukru/ros_ws_vacuum_bot/install/vacuum_teleop:/home/sukru/ros_ws_vacuum_bot/install/vacuum_sensors:/home/sukru/ros_ws_vacuum_bot/install/vacuum_navigation:/home/sukru/ros_ws_vacuum_bot/install/vacuum_msgs:/home/sukru/ros_ws_vacuum_bot/install/vacuum_mapping:/home/sukru/ros_ws_vacuum_bot/install/vacuum_description:/home/sukru/ros_ws_vacuum_bot/install/vacuum_control:/home/sukru/ros_ws_vacuum_bot/install/vacuum_bringup:/home/sukru/ros_ws_demo/install/python_pkg:/opt/ros/humble PYTHONPATH=/home/sukru/ika_teknofest_aventra_ws/build/ika_control:/home/sukru/ika_teknofest_aventra_ws/install/ika_control/lib/python3.10/site-packages:/home/sukru/ika_teknofest_aventra_ws/build/ika_ui_bridge:/home/sukru/ika_teknofest_aventra_ws/install/ika_ui_bridge/lib/python3.10/site-packages:/home/sukru/ika_teknofest_aventra_ws/build/ika_targeting:/home/sukru/ika_teknofest_aventra_ws/install/ika_targeting/lib/python3.10/site-packages:/home/sukru/ika_teknofest_aventra_ws/build/ika_sensors:/home/sukru/ika_teknofest_aventra_ws/install/ika_sensors/lib/python3.10/site-packages:/home/sukru/ika_teknofest_aventra_ws/build/ika_perception:/home/sukru/ika_teknofest_aventra_ws/install/ika_perception/lib/python3.10/site-packages:/home/sukru/ika_teknofest_aventra_ws/build/ika_navigation:/home/sukru/ika_teknofest_aventra_ws/install/ika_navigation/lib/python3.10/site-packages:/home/sukru/ika_teknofest_aventra_ws/install/ika_msgs/local/lib/python3.10/dist-packages:/home/sukru/ika_teknofest_aventra_ws/build/ika_mission_manager:/home/sukru/ika_teknofest_aventra_ws/install/ika_mission_manager/lib/python3.10/site-packages:/home/sukru/ika_teknofest_aventra_ws/build/ika_localization:/home/sukru/ika_teknofest_aventra_ws/install/ika_localization/lib/python3.10/site-packages:/home/sukru/ika_teknofest_aventra_ws/build/ika_hardware:/home/sukru/ika_teknofest_aventra_ws/install/ika_hardware/lib/python3.10/site-packages:/home/sukru/ika_teknofest_aventra_ws/build/ika_data_logger:/home/sukru/ika_teknofest_aventra_ws/install/ika_data_logger/lib/python3.10/site-packages:/home/sukru/ika_teknofest_aventra_ws/build/ika_behaviors:/home/sukru/ika_teknofest_aventra_ws/install/ika_behaviors/lib/python3.10/site-packages:/home/sukru/ai_autonomi_ws/install/ika_autonomi/lib/python3.10/site-packages:/home/sukru/Desktop/otonom_atis/build/python_pkg:/home/sukru/Desktop/otonom_atis/install/python_pkg/lib/python3.10/site-packages:/home/sukru/ros_ws_vacuum_bot/install/vacuum_teleop/lib/python3.10/site-packages:/home/sukru/ros_ws_vacuum_bot/install/vacuum_sensors/lib/python3.10/site-packages:/home/sukru/ros_ws_vacuum_bot/install/vacuum_navigation/lib/python3.10/site-packages:/home/sukru/ros_ws_vacuum_bot/install/vacuum_msgs/lib/python3.10/site-packages:/home/sukru/ros_ws_vacuum_bot/install/vacuum_mapping/lib/python3.10/site-packages:/home/sukru/ros_ws_vacuum_bot/install/vacuum_description/lib/python3.10/site-packages:/home/sukru/ros_ws_vacuum_bot/install/vacuum_control/lib/python3.10/site-packages:/home/sukru/ros_ws_vacuum_bot/install/vacuum_bringup/lib/python3.10/site-packages:/home/sukru/ros_ws_demo/install/python_pkg/lib/python3.10/site-packages:/opt/ros/humble/lib/python3.10/site-packages:/opt/ros/humble/local/lib/python3.10/dist-packages /usr/bin/cmake --build /home/sukru/ika_teknofest_aventra_ws/build/ika_gazebo -- -j12 -l12
[5.748s] DEBUG:colcon.colcon_core.event_handler.log_command:Invoked command in '/home/sukru/ika_teknofest_aventra_ws/build/ika_gazebo' returned '0': AMENT_PREFIX_PATH=/home/sukru/ika_teknofest_aventra_ws/install/ika_control:/home/sukru/ika_teknofest_aventra_ws/install/ika_ui_bridge:/home/sukru/ika_teknofest_aventra_ws/install/ika_targeting:/home/sukru/ika_teknofest_aventra_ws/install/ika_sensors:/home/sukru/ika_teknofest_aventra_ws/install/ika_perception:/home/sukru/ika_teknofest_aventra_ws/install/ika_navigation:/home/sukru/ika_teknofest_aventra_ws/install/ika_msgs:/home/sukru/ika_teknofest_aventra_ws/install/ika_mission_manager:/home/sukru/ika_teknofest_aventra_ws/install/ika_localization:/home/sukru/ika_teknofest_aventra_ws/install/ika_hardware:/home/sukru/ika_teknofest_aventra_ws/install/ika_bringup:/home/sukru/ika_teknofest_aventra_ws/install/ika_gazebo:/home/sukru/ika_teknofest_aventra_ws/install/ika_description:/home/sukru/ika_teknofest_aventra_ws/install/ika_data_logger:/home/sukru/ika_teknofest_aventra_ws/install/ika_behaviors:/home/sukru/ai_autonomi_ws/install/ika_autonomi:/home/sukru/Desktop/otonom_atis/install/python_pkg:/home/sukru/dev_ws/install/my_package:/home/sukru/dev_ws/install/my_bot:/home/sukru/ros_ws_vacuum_bot/install/vacuum_teleop:/home/sukru/ros_ws_vacuum_bot/install/vacuum_sensors:/home/sukru/ros_ws_vacuum_bot/install/vacuum_navigation:/home/sukru/ros_ws_vacuum_bot/install/vacuum_msgs:/home/sukru/ros_ws_vacuum_bot/install/vacuum_mapping:/home/sukru/ros_ws_vacuum_bot/install/vacuum_description:/home/sukru/ros_ws_vacuum_bot/install/vacuum_control:/home/sukru/ros_ws_vacuum_bot/install/vacuum_bringup:/home/sukru/ros_ws_demo/install/python_pkg:/opt/ros/humble CMAKE_PREFIX_PATH=/home/sukru/ika_teknofest_aventra_ws/install/ika_description:/home/sukru/ika_teknofest_aventra_ws/install/ika_msgs:/home/sukru/ika_teknofest_aventra_ws/install/ika_bringup:/home/sukru/ika_teknofest_aventra_ws/install/ika_gazebo:/home/sukru/dev_ws/install/my_package:/home/sukru/dev_ws/install/my_bot:/home/sukru/ika_teknofest_aventra_ws/install/ika_ui_bridge:/home/sukru/ika_teknofest_aventra_ws/install/ika_targeting:/home/sukru/ika_teknofest_aventra_ws/install/ika_sensors:/home/sukru/ika_teknofest_aventra_ws/install/ika_perception:/home/sukru/ika_teknofest_aventra_ws/install/ika_navigation:/home/sukru/ika_teknofest_aventra_ws/install/ika_mission_manager:/home/sukru/ika_teknofest_aventra_ws/install/ika_localization:/home/sukru/ika_teknofest_aventra_ws/install/ika_hardware:/home/sukru/ika_teknofest_aventra_ws/install/ika_data_logger:/home/sukru/ika_teknofest_aventra_ws/install/ika_control:/home/sukru/ika_teknofest_aventra_ws/install/ika_behaviors:/home/sukru/ai_autonomi_ws/install/ika_autonomi:/home/sukru/Desktop/otonom_atis/install/python_pkg:/home/sukru/ros_ws_vacuum_bot/install/vacuum_teleop:/home/sukru/ros_ws_vacuum_bot/install/vacuum_sensors:/home/sukru/ros_ws_vacuum_bot/install/vacuum_navigation:/home/sukru/ros_ws_vacuum_bot/install/vacuum_msgs:/home/sukru/ros_ws_vacuum_bot/install/vacuum_mapping:/home/sukru/ros_ws_vacuum_bot/install/vacuum_description:/home/sukru/ros_ws_vacuum_bot/install/vacuum_control:/home/sukru/ros_ws_vacuum_bot/install/vacuum_bringup:/home/sukru/ros_ws_demo/install/python_pkg:/opt/ros/humble PYTHONPATH=/home/sukru/ika_teknofest_aventra_ws/build/ika_control:/home/sukru/ika_teknofest_aventra_ws/install/ika_control/lib/python3.10/site-packages:/home/sukru/ika_teknofest_aventra_ws/build/ika_ui_bridge:/home/sukru/ika_teknofest_aventra_ws/install/ika_ui_bridge/lib/python3.10/site-packages:/home/sukru/ika_teknofest_aventra_ws/build/ika_targeting:/home/sukru/ika_teknofest_aventra_ws/install/ika_targeting/lib/python3.10/site-packages:/home/sukru/ika_teknofest_aventra_ws/build/ika_sensors:/home/sukru/ika_teknofest_aventra_ws/install/ika_sensors/lib/python3.10/site-packages:/home/sukru/ika_teknofest_aventra_ws/build/ika_perception:/home/sukru/ika_teknofest_aventra_ws/install/ika_perception/lib/python3.10/site-packages:/home/sukru/ika_teknofest_aventra_ws/build/ika_navigation:/home/sukru/ika_teknofest_aventra_ws/install/ika_navigation/lib/python3.10/site-packages:/home/sukru/ika_teknofest_aventra_ws/install/ika_msgs/local/lib/python3.10/dist-packages:/home/sukru/ika_teknofest_aventra_ws/build/ika_mission_manager:/home/sukru/ika_teknofest_aventra_ws/install/ika_mission_manager/lib/python3.10/site-packages:/home/sukru/ika_teknofest_aventra_ws/build/ika_localization:/home/sukru/ika_teknofest_aventra_ws/install/ika_localization/lib/python3.10/site-packages:/home/sukru/ika_teknofest_aventra_ws/build/ika_hardware:/home/sukru/ika_teknofest_aventra_ws/install/ika_hardware/lib/python3.10/site-packages:/home/sukru/ika_teknofest_aventra_ws/build/ika_data_logger:/home/sukru/ika_teknofest_aventra_ws/install/ika_data_logger/lib/python3.10/site-packages:/home/sukru/ika_teknofest_aventra_ws/build/ika_behaviors:/home/sukru/ika_teknofest_aventra_ws/install/ika_behaviors/lib/python3.10/site-packages:/home/sukru/ai_autonomi_ws/install/ika_autonomi/lib/python3.10/site-packages:/home/sukru/Desktop/otonom_atis/build/python_pkg:/home/sukru/Desktop/otonom_atis/install/python_pkg/lib/python3.10/site-packages:/home/sukru/ros_ws_vacuum_bot/install/vacuum_teleop/lib/python3.10/site-packages:/home/sukru/ros_ws_vacuum_bot/install/vacuum_sensors/lib/python3.10/site-packages:/home/sukru/ros_ws_vacuum_bot/install/vacuum_navigation/lib/python3.10/site-packages:/home/sukru/ros_ws_vacuum_bot/install/vacuum_msgs/lib/python3.10/site-packages:/home/sukru/ros_ws_vacuum_bot/install/vacuum_mapping/lib/python3.10/site-packages:/home/sukru/ros_ws_vacuum_bot/install/vacuum_description/lib/python3.10/site-packages:/home/sukru/ros_ws_vacuum_bot/install/vacuum_control/lib/python3.10/site-packages:/home/sukru/ros_ws_vacuum_bot/install/vacuum_bringup/lib/python3.10/site-packages:/home/sukru/ros_ws_demo/install/python_pkg/lib/python3.10/site-packages:/opt/ros/humble/lib/python3.10/site-packages:/opt/ros/humble/local/lib/python3.10/dist-packages /usr/bin/cmake --build /home/sukru/ika_teknofest_aventra_ws/build/ika_gazebo -- -j12 -l12
[5.749s] DEBUG:colcon.colcon_core.event_handler.log_command:Invoking command in '/home/sukru/ika_teknofest_aventra_ws/build/ika_gazebo': AMENT_PREFIX_PATH=/home/sukru/ika_teknofest_aventra_ws/install/ika_control:/home/sukru/ika_teknofest_aventra_ws/install/ika_ui_bridge:/home/sukru/ika_teknofest_aventra_ws/install/ika_targeting:/home/sukru/ika_teknofest_aventra_ws/install/ika_sensors:/home/sukru/ika_teknofest_aventra_ws/install/ika_perception:/home/sukru/ika_teknofest_aventra_ws/install/ika_navigation:/home/sukru/ika_teknofest_aventra_ws/install/ika_msgs:/home/sukru/ika_teknofest_aventra_ws/install/ika_mission_manager:/home/sukru/ika_teknofest_aventra_ws/install/ika_localization:/home/sukru/ika_teknofest_aventra_ws/install/ika_hardware:/home/sukru/ika_teknofest_aventra_ws/install/ika_bringup:/home/sukru/ika_teknofest_aventra_ws/install/ika_gazebo:/home/sukru/ika_teknofest_aventra_ws/install/ika_description:/home/sukru/ika_teknofest_aventra_ws/install/ika_data_logger:/home/sukru/ika_teknofest_aventra_ws/install/ika_behaviors:/home/sukru/ai_autonomi_ws/install/ika_autonomi:/home/sukru/Desktop/otonom_atis/install/python_pkg:/home/sukru/dev_ws/install/my_package:/home/sukru/dev_ws/install/my_bot:/home/sukru/ros_ws_vacuum_bot/install/vacuum_teleop:/home/sukru/ros_ws_vacuum_bot/install/vacuum_sensors:/home/sukru/ros_ws_vacuum_bot/install/vacuum_navigation:/home/sukru/ros_ws_vacuum_bot/install/vacuum_msgs:/home/sukru/ros_ws_vacuum_bot/install/vacuum_mapping:/home/sukru/ros_ws_vacuum_bot/install/vacuum_description:/home/sukru/ros_ws_vacuum_bot/install/vacuum_control:/home/sukru/ros_ws_vacuum_bot/install/vacuum_bringup:/home/sukru/ros_ws_demo/install/python_pkg:/opt/ros/humble CMAKE_PREFIX_PATH=/home/sukru/ika_teknofest_aventra_ws/install/ika_description:/home/sukru/ika_teknofest_aventra_ws/install/ika_msgs:/home/sukru/ika_teknofest_aventra_ws/install/ika_bringup:/home/sukru/ika_teknofest_aventra_ws/install/ika_gazebo:/home/sukru/dev_ws/install/my_package:/home/sukru/dev_ws/install/my_bot:/home/sukru/ika_teknofest_aventra_ws/install/ika_ui_bridge:/home/sukru/ika_teknofest_aventra_ws/install/ika_targeting:/home/sukru/ika_teknofest_aventra_ws/install/ika_sensors:/home/sukru/ika_teknofest_aventra_ws/install/ika_perception:/home/sukru/ika_teknofest_aventra_ws/install/ika_navigation:/home/sukru/ika_teknofest_aventra_ws/install/ika_mission_manager:/home/sukru/ika_teknofest_aventra_ws/install/ika_localization:/home/sukru/ika_teknofest_aventra_ws/install/ika_hardware:/home/sukru/ika_teknofest_aventra_ws/install/ika_data_logger:/home/sukru/ika_teknofest_aventra_ws/install/ika_control:/home/sukru/ika_teknofest_aventra_ws/install/ika_behaviors:/home/sukru/ai_autonomi_ws/install/ika_autonomi:/home/sukru/Desktop/otonom_atis/install/python_pkg:/home/sukru/ros_ws_vacuum_bot/install/vacuum_teleop:/home/sukru/ros_ws_vacuum_bot/install/vacuum_sensors:/home/sukru/ros_ws_vacuum_bot/install/vacuum_navigation:/home/sukru/ros_ws_vacuum_bot/install/vacuum_msgs:/home/sukru/ros_ws_vacuum_bot/install/vacuum_mapping:/home/sukru/ros_ws_vacuum_bot/install/vacuum_description:/home/sukru/ros_ws_vacuum_bot/install/vacuum_control:/home/sukru/ros_ws_vacuum_bot/install/vacuum_bringup:/home/sukru/ros_ws_demo/install/python_pkg:/opt/ros/humble PYTHONPATH=/home/sukru/ika_teknofest_aventra_ws/build/ika_control:/home/sukru/ika_teknofest_aventra_ws/install/ika_control/lib/python3.10/site-packages:/home/sukru/ika_teknofest_aventra_ws/build/ika_ui_bridge:/home/sukru/ika_teknofest_aventra_ws/install/ika_ui_bridge/lib/python3.10/site-packages:/home/sukru/ika_teknofest_aventra_ws/build/ika_targeting:/home/sukru/ika_teknofest_aventra_ws/install/ika_targeting/lib/python3.10/site-packages:/home/sukru/ika_teknofest_aventra_ws/build/ika_sensors:/home/sukru/ika_teknofest_aventra_ws/install/ika_sensors/lib/python3.10/site-packages:/home/sukru/ika_teknofest_aventra_ws/build/ika_perception:/home/sukru/ika_teknofest_aventra_ws/install/ika_perception/lib/python3.10/site-packages:/home/sukru/ika_teknofest_aventra_ws/build/ika_navigation:/home/sukru/ika_teknofest_aventra_ws/install/ika_navigation/lib/python3.10/site-packages:/home/sukru/ika_teknofest_aventra_ws/install/ika_msgs/local/lib/python3.10/dist-packages:/home/sukru/ika_teknofest_aventra_ws/build/ika_mission_manager:/home/sukru/ika_teknofest_aventra_ws/install/ika_mission_manager/lib/python3.10/site-packages:/home/sukru/ika_teknofest_aventra_ws/build/ika_localization:/home/sukru/ika_teknofest_aventra_ws/install/ika_localization/lib/python3.10/site-packages:/home/sukru/ika_teknofest_aventra_ws/build/ika_hardware:/home/sukru/ika_teknofest_aventra_ws/install/ika_hardware/lib/python3.10/site-packages:/home/sukru/ika_teknofest_aventra_ws/build/ika_data_logger:/home/sukru/ika_teknofest_aventra_ws/install/ika_data_logger/lib/python3.10/site-packages:/home/sukru/ika_teknofest_aventra_ws/build/ika_behaviors:/home/sukru/ika_teknofest_aventra_ws/install/ika_behaviors/lib/python3.10/site-packages:/home/sukru/ai_autonomi_ws/install/ika_autonomi/lib/python3.10/site-packages:/home/sukru/Desktop/otonom_atis/build/python_pkg:/home/sukru/Desktop/otonom_atis/install/python_pkg/lib/python3.10/site-packages:/home/sukru/ros_ws_vacuum_bot/install/vacuum_teleop/lib/python3.10/site-packages:/home/sukru/ros_ws_vacuum_bot/install/vacuum_sensors/lib/python3.10/site-packages:/home/sukru/ros_ws_vacuum_bot/install/vacuum_navigation/lib/python3.10/site-packages:/home/sukru/ros_ws_vacuum_bot/install/vacuum_msgs/lib/python3.10/site-packages:/home/sukru/ros_ws_vacuum_bot/install/vacuum_mapping/lib/python3.10/site-packages:/home/sukru/ros_ws_vacuum_bot/install/vacuum_description/lib/python3.10/site-packages:/home/sukru/ros_ws_vacuum_bot/install/vacuum_control/lib/python3.10/site-packages:/home/sukru/ros_ws_vacuum_bot/install/vacuum_bringup/lib/python3.10/site-packages:/home/sukru/ros_ws_demo/install/python_pkg/lib/python3.10/site-packages:/opt/ros/humble/lib/python3.10/site-packages:/opt/ros/humble/local/lib/python3.10/dist-packages /usr/bin/cmake --install /home/sukru/ika_teknofest_aventra_ws/build/ika_gazebo
[5.831s] Level 1:colcon.colcon_core.environment:create_environment_scripts_only(ika_msgs)
[5.831s] Level 1:colcon.colcon_core.environment:checking '/home/sukru/ika_teknofest_aventra_ws/install/ika_msgs' for CMake module files
[5.831s] DEBUG:colcon.colcon_core.event_handler.log_command:Invoked command in '/home/sukru/ika_teknofest_aventra_ws/build/ika_msgs' returned '0': CMAKE_PREFIX_PATH=${CMAKE_PREFIX_PATH}:/home/sukru/ika_teknofest_aventra_ws/install/ika_ui_bridge:/home/sukru/ika_teknofest_aventra_ws/install/ika_targeting:/home/sukru/ika_teknofest_aventra_ws/install/ika_sensors:/home/sukru/ika_teknofest_aventra_ws/install/ika_perception:/home/sukru/ika_teknofest_aventra_ws/install/ika_navigation:/home/sukru/ika_teknofest_aventra_ws/install/ika_mission_manager:/home/sukru/ika_teknofest_aventra_ws/install/ika_localization:/home/sukru/ika_teknofest_aventra_ws/install/ika_hardware:/home/sukru/ika_teknofest_aventra_ws/install/ika_data_logger:/home/sukru/ika_teknofest_aventra_ws/install/ika_control:/home/sukru/ika_teknofest_aventra_ws/install/ika_behaviors:/home/sukru/ai_autonomi_ws/install/ika_autonomi:/home/sukru/Desktop/otonom_atis/install/python_pkg:/home/sukru/ros_ws_vacuum_bot/install/vacuum_teleop:/home/sukru/ros_ws_vacuum_bot/install/vacuum_sensors:/home/sukru/ros_ws_vacuum_bot/install/vacuum_navigation:/home/sukru/ros_ws_vacuum_bot/install/vacuum_msgs:/home/sukru/ros_ws_vacuum_bot/install/vacuum_mapping:/home/sukru/ros_ws_vacuum_bot/install/vacuum_description:/home/sukru/ros_ws_vacuum_bot/install/vacuum_control:/home/sukru/ros_ws_vacuum_bot/install/vacuum_bringup:/home/sukru/ros_ws_demo/install/python_pkg:/opt/ros/humble /usr/bin/cmake --install /home/sukru/ika_teknofest_aventra_ws/build/ika_msgs
[5.832s] Level 1:colcon.colcon_core.environment:checking '/home/sukru/ika_teknofest_aventra_ws/install/ika_msgs' for CMake config files
[5.832s] Level 1:colcon.colcon_core.shell:create_environment_hook('ika_msgs', 'cmake_prefix_path')
[5.832s] INFO:colcon.colcon_core.shell:Creating environment hook '/home/sukru/ika_teknofest_aventra_ws/install/ika_msgs/share/ika_msgs/hook/cmake_prefix_path.ps1'
[5.833s] INFO:colcon.colcon_core.shell:Creating environment descriptor '/home/sukru/ika_teknofest_aventra_ws/install/ika_msgs/share/ika_msgs/hook/cmake_prefix_path.dsv'
[5.833s] INFO:colcon.colcon_core.shell:Creating environment hook '/home/sukru/ika_teknofest_aventra_ws/install/ika_msgs/share/ika_msgs/hook/cmake_prefix_path.sh'
[5.833s] Level 1:colcon.colcon_core.environment:checking '/home/sukru/ika_teknofest_aventra_ws/install/ika_msgs/lib'
[5.833s] Level 1:colcon.colcon_core.shell:create_environment_hook('ika_msgs', 'ld_library_path_lib')
[5.833s] INFO:colcon.colcon_core.shell:Creating environment hook '/home/sukru/ika_teknofest_aventra_ws/install/ika_msgs/share/ika_msgs/hook/ld_library_path_lib.ps1'
[5.833s] INFO:colcon.colcon_core.shell:Creating environment descriptor '/home/sukru/ika_teknofest_aventra_ws/install/ika_msgs/share/ika_msgs/hook/ld_library_path_lib.dsv'
[5.833s] INFO:colcon.colcon_core.shell:Creating environment hook '/home/sukru/ika_teknofest_aventra_ws/install/ika_msgs/share/ika_msgs/hook/ld_library_path_lib.sh'
[5.834s] Level 1:colcon.colcon_core.environment:checking '/home/sukru/ika_teknofest_aventra_ws/install/ika_msgs/bin'
[5.834s] Level 1:colcon.colcon_core.environment:checking '/home/sukru/ika_teknofest_aventra_ws/install/ika_msgs/lib/pkgconfig/ika_msgs.pc'
[5.834s] Level 1:colcon.colcon_core.environment:checking '/home/sukru/ika_teknofest_aventra_ws/install/ika_msgs/lib/python3.10/site-packages'
[5.834s] Level 1:colcon.colcon_core.environment:checking '/home/sukru/ika_teknofest_aventra_ws/install/ika_msgs/bin'
[5.834s] INFO:colcon.colcon_core.shell:Creating package script '/home/sukru/ika_teknofest_aventra_ws/install/ika_msgs/share/ika_msgs/package.ps1'
[5.834s] INFO:colcon.colcon_core.shell:Creating package descriptor '/home/sukru/ika_teknofest_aventra_ws/install/ika_msgs/share/ika_msgs/package.dsv'
[5.835s] INFO:colcon.colcon_core.shell:Creating package script '/home/sukru/ika_teknofest_aventra_ws/install/ika_msgs/share/ika_msgs/package.sh'
[5.835s] INFO:colcon.colcon_core.shell:Creating package script '/home/sukru/ika_teknofest_aventra_ws/install/ika_msgs/share/ika_msgs/package.bash'
[5.835s] INFO:colcon.colcon_core.shell:Creating package script '/home/sukru/ika_teknofest_aventra_ws/install/ika_msgs/share/ika_msgs/package.zsh'
[5.835s] Level 1:colcon.colcon_core.environment:create_file_with_runtime_dependencies(/home/sukru/ika_teknofest_aventra_ws/install/ika_msgs/share/colcon-core/packages/ika_msgs)
[5.835s] Level 1:colcon.colcon_core.environment:create_environment_scripts_only(ika_msgs)
[5.835s] Level 1:colcon.colcon_core.environment:checking '/home/sukru/ika_teknofest_aventra_ws/install/ika_msgs' for CMake module files
[5.836s] Level 1:colcon.colcon_core.environment:checking '/home/sukru/ika_teknofest_aventra_ws/install/ika_msgs' for CMake config files
[5.836s] Level 1:colcon.colcon_core.shell:create_environment_hook('ika_msgs', 'cmake_prefix_path')
[5.836s] INFO:colcon.colcon_core.shell:Creating environment hook '/home/sukru/ika_teknofest_aventra_ws/install/ika_msgs/share/ika_msgs/hook/cmake_prefix_path.ps1'
[5.837s] INFO:colcon.colcon_core.shell:Creating environment descriptor '/home/sukru/ika_teknofest_aventra_ws/install/ika_msgs/share/ika_msgs/hook/cmake_prefix_path.dsv'
[5.837s] INFO:colcon.colcon_core.shell:Creating environment hook '/home/sukru/ika_teknofest_aventra_ws/install/ika_msgs/share/ika_msgs/hook/cmake_prefix_path.sh'
[5.837s] Level 1:colcon.colcon_core.environment:checking '/home/sukru/ika_teknofest_aventra_ws/install/ika_msgs/lib'
[5.837s] Level 1:colcon.colcon_core.shell:create_environment_hook('ika_msgs', 'ld_library_path_lib')
[5.838s] INFO:colcon.colcon_core.shell:Creating environment hook '/home/sukru/ika_teknofest_aventra_ws/install/ika_msgs/share/ika_msgs/hook/ld_library_path_lib.ps1'
[5.838s] INFO:colcon.colcon_core.shell:Creating environment descriptor '/home/sukru/ika_teknofest_aventra_ws/install/ika_msgs/share/ika_msgs/hook/ld_library_path_lib.dsv'
[5.838s] INFO:colcon.colcon_core.shell:Creating environment hook '/home/sukru/ika_teknofest_aventra_ws/install/ika_msgs/share/ika_msgs/hook/ld_library_path_lib.sh'
[5.838s] Level 1:colcon.colcon_core.environment:checking '/home/sukru/ika_teknofest_aventra_ws/install/ika_msgs/bin'
[5.838s] Level 1:colcon.colcon_core.environment:checking '/home/sukru/ika_teknofest_aventra_ws/install/ika_msgs/lib/pkgconfig/ika_msgs.pc'
[5.838s] Level 1:colcon.colcon_core.environment:checking '/home/sukru/ika_teknofest_aventra_ws/install/ika_msgs/lib/python3.10/site-packages'
[5.838s] Level 1:colcon.colcon_core.environment:checking '/home/sukru/ika_teknofest_aventra_ws/install/ika_msgs/bin'
[5.839s] INFO:colcon.colcon_core.shell:Creating package script '/home/sukru/ika_teknofest_aventra_ws/install/ika_msgs/share/ika_msgs/package.ps1'
[5.839s] INFO:colcon.colcon_core.shell:Creating package descriptor '/home/sukru/ika_teknofest_aventra_ws/install/ika_msgs/share/ika_msgs/package.dsv'
[5.839s] INFO:colcon.colcon_core.shell:Creating package script '/home/sukru/ika_teknofest_aventra_ws/install/ika_msgs/share/ika_msgs/package.sh'
[5.839s] INFO:colcon.colcon_core.shell:Creating package script '/home/sukru/ika_teknofest_aventra_ws/install/ika_msgs/share/ika_msgs/package.bash'
[5.839s] INFO:colcon.colcon_core.shell:Creating package script '/home/sukru/ika_teknofest_aventra_ws/install/ika_msgs/share/ika_msgs/package.zsh'
[5.840s] Level 1:colcon.colcon_core.environment:create_file_with_runtime_dependencies(/home/sukru/ika_teknofest_aventra_ws/install/ika_msgs/share/colcon-core/packages/ika_msgs)
[5.840s] INFO:colcon.colcon_ros.task.ament_python.build:Building ROS package in '/home/sukru/ika_teknofest_aventra_ws/src/ika_sensors' with build type 'ament_python'
[5.840s] Level 1:colcon.colcon_core.shell:create_environment_hook('ika_sensors', 'ament_prefix_path')
[5.840s] INFO:colcon.colcon_core.shell:Creating environment hook '/home/sukru/ika_teknofest_aventra_ws/install/ika_sensors/share/ika_sensors/hook/ament_prefix_path.ps1'
[5.841s] INFO:colcon.colcon_core.shell:Creating environment descriptor '/home/sukru/ika_teknofest_aventra_ws/install/ika_sensors/share/ika_sensors/hook/ament_prefix_path.dsv'
[5.841s] INFO:colcon.colcon_core.shell:Creating environment hook '/home/sukru/ika_teknofest_aventra_ws/install/ika_sensors/share/ika_sensors/hook/ament_prefix_path.sh'
[5.841s] INFO:colcon.colcon_core.shell:Skip shell extension 'powershell' for command environment: Not usable outside of PowerShell
[5.841s] DEBUG:colcon.colcon_core.shell:Skip shell extension 'dsv' for command environment
[6.020s] INFO:colcon.colcon_core.task.python.build:Building Python package in '/home/sukru/ika_teknofest_aventra_ws/src/ika_sensors'
[6.021s] INFO:colcon.colcon_core.shell:Skip shell extension 'powershell' for command environment: Not usable outside of PowerShell
[6.021s] DEBUG:colcon.colcon_core.shell:Skip shell extension 'dsv' for command environment
[6.025s] Level 1:colcon.colcon_core.environment:create_environment_scripts_only(ika_gazebo)
[6.025s] Level 1:colcon.colcon_core.environment:checking '/home/sukru/ika_teknofest_aventra_ws/install/ika_gazebo' for CMake module files
[6.025s] DEBUG:colcon.colcon_core.event_handler.log_command:Invoked command in '/home/sukru/ika_teknofest_aventra_ws/build/ika_gazebo' returned '0': AMENT_PREFIX_PATH=/home/sukru/ika_teknofest_aventra_ws/install/ika_control:/home/sukru/ika_teknofest_aventra_ws/install/ika_ui_bridge:/home/sukru/ika_teknofest_aventra_ws/install/ika_targeting:/home/sukru/ika_teknofest_aventra_ws/install/ika_sensors:/home/sukru/ika_teknofest_aventra_ws/install/ika_perception:/home/sukru/ika_teknofest_aventra_ws/install/ika_navigation:/home/sukru/ika_teknofest_aventra_ws/install/ika_msgs:/home/sukru/ika_teknofest_aventra_ws/install/ika_mission_manager:/home/sukru/ika_teknofest_aventra_ws/install/ika_localization:/home/sukru/ika_teknofest_aventra_ws/install/ika_hardware:/home/sukru/ika_teknofest_aventra_ws/install/ika_bringup:/home/sukru/ika_teknofest_aventra_ws/install/ika_gazebo:/home/sukru/ika_teknofest_aventra_ws/install/ika_description:/home/sukru/ika_teknofest_aventra_ws/install/ika_data_logger:/home/sukru/ika_teknofest_aventra_ws/install/ika_behaviors:/home/sukru/ai_autonomi_ws/install/ika_autonomi:/home/sukru/Desktop/otonom_atis/install/python_pkg:/home/sukru/dev_ws/install/my_package:/home/sukru/dev_ws/install/my_bot:/home/sukru/ros_ws_vacuum_bot/install/vacuum_teleop:/home/sukru/ros_ws_vacuum_bot/install/vacuum_sensors:/home/sukru/ros_ws_vacuum_bot/install/vacuum_navigation:/home/sukru/ros_ws_vacuum_bot/install/vacuum_msgs:/home/sukru/ros_ws_vacuum_bot/install/vacuum_mapping:/home/sukru/ros_ws_vacuum_bot/install/vacuum_description:/home/sukru/ros_ws_vacuum_bot/install/vacuum_control:/home/sukru/ros_ws_vacuum_bot/install/vacuum_bringup:/home/sukru/ros_ws_demo/install/python_pkg:/opt/ros/humble CMAKE_PREFIX_PATH=/home/sukru/ika_teknofest_aventra_ws/install/ika_description:/home/sukru/ika_teknofest_aventra_ws/install/ika_msgs:/home/sukru/ika_teknofest_aventra_ws/install/ika_bringup:/home/sukru/ika_teknofest_aventra_ws/install/ika_gazebo:/home/sukru/dev_ws/install/my_package:/home/sukru/dev_ws/install/my_bot:/home/sukru/ika_teknofest_aventra_ws/install/ika_ui_bridge:/home/sukru/ika_teknofest_aventra_ws/install/ika_targeting:/home/sukru/ika_teknofest_aventra_ws/install/ika_sensors:/home/sukru/ika_teknofest_aventra_ws/install/ika_perception:/home/sukru/ika_teknofest_aventra_ws/install/ika_navigation:/home/sukru/ika_teknofest_aventra_ws/install/ika_mission_manager:/home/sukru/ika_teknofest_aventra_ws/install/ika_localization:/home/sukru/ika_teknofest_aventra_ws/install/ika_hardware:/home/sukru/ika_teknofest_aventra_ws/install/ika_data_logger:/home/sukru/ika_teknofest_aventra_ws/install/ika_control:/home/sukru/ika_teknofest_aventra_ws/install/ika_behaviors:/home/sukru/ai_autonomi_ws/install/ika_autonomi:/home/sukru/Desktop/otonom_atis/install/python_pkg:/home/sukru/ros_ws_vacuum_bot/install/vacuum_teleop:/home/sukru/ros_ws_vacuum_bot/install/vacuum_sensors:/home/sukru/ros_ws_vacuum_bot/install/vacuum_navigation:/home/sukru/ros_ws_vacuum_bot/install/vacuum_msgs:/home/sukru/ros_ws_vacuum_bot/install/vacuum_mapping:/home/sukru/ros_ws_vacuum_bot/install/vacuum_description:/home/sukru/ros_ws_vacuum_bot/install/vacuum_control:/home/sukru/ros_ws_vacuum_bot/install/vacuum_bringup:/home/sukru/ros_ws_demo/install/python_pkg:/opt/ros/humble PYTHONPATH=/home/sukru/ika_teknofest_aventra_ws/build/ika_control:/home/sukru/ika_teknofest_aventra_ws/install/ika_control/lib/python3.10/site-packages:/home/sukru/ika_teknofest_aventra_ws/build/ika_ui_bridge:/home/sukru/ika_teknofest_aventra_ws/install/ika_ui_bridge/lib/python3.10/site-packages:/home/sukru/ika_teknofest_aventra_ws/build/ika_targeting:/home/sukru/ika_teknofest_aventra_ws/install/ika_targeting/lib/python3.10/site-packages:/home/sukru/ika_teknofest_aventra_ws/build/ika_sensors:/home/sukru/ika_teknofest_aventra_ws/install/ika_sensors/lib/python3.10/site-packages:/home/sukru/ika_teknofest_aventra_ws/build/ika_perception:/home/sukru/ika_teknofest_aventra_ws/install/ika_perception/lib/python3.10/site-packages:/home/sukru/ika_teknofest_aventra_ws/build/ika_navigation:/home/sukru/ika_teknofest_aventra_ws/install/ika_navigation/lib/python3.10/site-packages:/home/sukru/ika_teknofest_aventra_ws/install/ika_msgs/local/lib/python3.10/dist-packages:/home/sukru/ika_teknofest_aventra_ws/build/ika_mission_manager:/home/sukru/ika_teknofest_aventra_ws/install/ika_mission_manager/lib/python3.10/site-packages:/home/sukru/ika_teknofest_aventra_ws/build/ika_localization:/home/sukru/ika_teknofest_aventra_ws/install/ika_localization/lib/python3.10/site-packages:/home/sukru/ika_teknofest_aventra_ws/build/ika_hardware:/home/sukru/ika_teknofest_aventra_ws/install/ika_hardware/lib/python3.10/site-packages:/home/sukru/ika_teknofest_aventra_ws/build/ika_data_logger:/home/sukru/ika_teknofest_aventra_ws/install/ika_data_logger/lib/python3.10/site-packages:/home/sukru/ika_teknofest_aventra_ws/build/ika_behaviors:/home/sukru/ika_teknofest_aventra_ws/install/ika_behaviors/lib/python3.10/site-packages:/home/sukru/ai_autonomi_ws/install/ika_autonomi/lib/python3.10/site-packages:/home/sukru/Desktop/otonom_atis/build/python_pkg:/home/sukru/Desktop/otonom_atis/install/python_pkg/lib/python3.10/site-packages:/home/sukru/ros_ws_vacuum_bot/install/vacuum_teleop/lib/python3.10/site-packages:/home/sukru/ros_ws_vacuum_bot/install/vacuum_sensors/lib/python3.10/site-packages:/home/sukru/ros_ws_vacuum_bot/install/vacuum_navigation/lib/python3.10/site-packages:/home/sukru/ros_ws_vacuum_bot/install/vacuum_msgs/lib/python3.10/site-packages:/home/sukru/ros_ws_vacuum_bot/install/vacuum_mapping/lib/python3.10/site-packages:/home/sukru/ros_ws_vacuum_bot/install/vacuum_description/lib/python3.10/site-packages:/home/sukru/ros_ws_vacuum_bot/install/vacuum_control/lib/python3.10/site-packages:/home/sukru/ros_ws_vacuum_bot/install/vacuum_bringup/lib/python3.10/site-packages:/home/sukru/ros_ws_demo/install/python_pkg/lib/python3.10/site-packages:/opt/ros/humble/lib/python3.10/site-packages:/opt/ros/humble/local/lib/python3.10/dist-packages /usr/bin/cmake --install /home/sukru/ika_teknofest_aventra_ws/build/ika_gazebo
[6.026s] Level 1:colcon.colcon_core.environment:checking '/home/sukru/ika_teknofest_aventra_ws/install/ika_gazebo' for CMake config files
[6.026s] Level 1:colcon.colcon_core.shell:create_environment_hook('ika_gazebo', 'cmake_prefix_path')
[6.026s] INFO:colcon.colcon_core.shell:Creating environment hook '/home/sukru/ika_teknofest_aventra_ws/install/ika_gazebo/share/ika_gazebo/hook/cmake_prefix_path.ps1'
[6.026s] INFO:colcon.colcon_core.shell:Creating environment descriptor '/home/sukru/ika_teknofest_aventra_ws/install/ika_gazebo/share/ika_gazebo/hook/cmake_prefix_path.dsv'
[6.026s] INFO:colcon.colcon_core.shell:Creating environment hook '/home/sukru/ika_teknofest_aventra_ws/install/ika_gazebo/share/ika_gazebo/hook/cmake_prefix_path.sh'
[6.027s] Level 1:colcon.colcon_core.environment:checking '/home/sukru/ika_teknofest_aventra_ws/install/ika_gazebo/lib'
[6.027s] Level 1:colcon.colcon_core.environment:checking '/home/sukru/ika_teknofest_aventra_ws/install/ika_gazebo/bin'
[6.027s] Level 1:colcon.colcon_core.environment:checking '/home/sukru/ika_teknofest_aventra_ws/install/ika_gazebo/lib/pkgconfig/ika_gazebo.pc'
[6.027s] Level 1:colcon.colcon_core.environment:checking '/home/sukru/ika_teknofest_aventra_ws/install/ika_gazebo/lib/python3.10/site-packages'
[6.027s] Level 1:colcon.colcon_core.environment:checking '/home/sukru/ika_teknofest_aventra_ws/install/ika_gazebo/bin'
[6.027s] INFO:colcon.colcon_core.shell:Creating package script '/home/sukru/ika_teknofest_aventra_ws/install/ika_gazebo/share/ika_gazebo/package.ps1'
[6.027s] INFO:colcon.colcon_core.shell:Creating package descriptor '/home/sukru/ika_teknofest_aventra_ws/install/ika_gazebo/share/ika_gazebo/package.dsv'
[6.027s] INFO:colcon.colcon_core.shell:Creating package script '/home/sukru/ika_teknofest_aventra_ws/install/ika_gazebo/share/ika_gazebo/package.sh'
[6.028s] INFO:colcon.colcon_core.shell:Creating package script '/home/sukru/ika_teknofest_aventra_ws/install/ika_gazebo/share/ika_gazebo/package.bash'
[6.028s] INFO:colcon.colcon_core.shell:Creating package script '/home/sukru/ika_teknofest_aventra_ws/install/ika_gazebo/share/ika_gazebo/package.zsh'
[6.028s] Level 1:colcon.colcon_core.environment:create_file_with_runtime_dependencies(/home/sukru/ika_teknofest_aventra_ws/install/ika_gazebo/share/colcon-core/packages/ika_gazebo)
[6.028s] Level 1:colcon.colcon_core.environment:create_environment_scripts_only(ika_gazebo)
[6.028s] Level 1:colcon.colcon_core.environment:checking '/home/sukru/ika_teknofest_aventra_ws/install/ika_gazebo' for CMake module files
[6.029s] Level 1:colcon.colcon_core.environment:checking '/home/sukru/ika_teknofest_aventra_ws/install/ika_gazebo' for CMake config files
[6.029s] Level 1:colcon.colcon_core.shell:create_environment_hook('ika_gazebo', 'cmake_prefix_path')
[6.029s] INFO:colcon.colcon_core.shell:Creating environment hook '/home/sukru/ika_teknofest_aventra_ws/install/ika_gazebo/share/ika_gazebo/hook/cmake_prefix_path.ps1'
[6.029s] INFO:colcon.colcon_core.shell:Creating environment descriptor '/home/sukru/ika_teknofest_aventra_ws/install/ika_gazebo/share/ika_gazebo/hook/cmake_prefix_path.dsv'
[6.029s] INFO:colcon.colcon_core.shell:Creating environment hook '/home/sukru/ika_teknofest_aventra_ws/install/ika_gazebo/share/ika_gazebo/hook/cmake_prefix_path.sh'
[6.029s] Level 1:colcon.colcon_core.environment:checking '/home/sukru/ika_teknofest_aventra_ws/install/ika_gazebo/lib'
[6.029s] Level 1:colcon.colcon_core.environment:checking '/home/sukru/ika_teknofest_aventra_ws/install/ika_gazebo/bin'
[6.029s] Level 1:colcon.colcon_core.environment:checking '/home/sukru/ika_teknofest_aventra_ws/install/ika_gazebo/lib/pkgconfig/ika_gazebo.pc'
[6.030s] Level 1:colcon.colcon_core.environment:checking '/home/sukru/ika_teknofest_aventra_ws/install/ika_gazebo/lib/python3.10/site-packages'
[6.030s] Level 1:colcon.colcon_core.environment:checking '/home/sukru/ika_teknofest_aventra_ws/install/ika_gazebo/bin'
[6.030s] INFO:colcon.colcon_core.shell:Creating package script '/home/sukru/ika_teknofest_aventra_ws/install/ika_gazebo/share/ika_gazebo/package.ps1'
[6.030s] INFO:colcon.colcon_core.shell:Creating package descriptor '/home/sukru/ika_teknofest_aventra_ws/install/ika_gazebo/share/ika_gazebo/package.dsv'
[6.030s] INFO:colcon.colcon_core.shell:Creating package script '/home/sukru/ika_teknofest_aventra_ws/install/ika_gazebo/share/ika_gazebo/package.sh'
[6.030s] INFO:colcon.colcon_core.shell:Creating package script '/home/sukru/ika_teknofest_aventra_ws/install/ika_gazebo/share/ika_gazebo/package.bash'
[6.031s] INFO:colcon.colcon_core.shell:Creating package script '/home/sukru/ika_teknofest_aventra_ws/install/ika_gazebo/share/ika_gazebo/package.zsh'
[6.031s] Level 1:colcon.colcon_core.environment:create_file_with_runtime_dependencies(/home/sukru/ika_teknofest_aventra_ws/install/ika_gazebo/share/colcon-core/packages/ika_gazebo)
[6.031s] INFO:colcon.colcon_ros.task.ament_cmake.build:Building ROS package in '/home/sukru/ika_teknofest_aventra_ws/src/ika_bringup' with build type 'ament_cmake'
[6.031s] INFO:colcon.colcon_cmake.task.cmake.build:Building CMake package in '/home/sukru/ika_teknofest_aventra_ws/src/ika_bringup'
[6.031s] INFO:colcon.colcon_core.shell:Skip shell extension 'powershell' for command environment: Not usable outside of PowerShell
[6.031s] DEBUG:colcon.colcon_core.shell:Skip shell extension 'dsv' for command environment
[6.039s] DEBUG:colcon.colcon_core.event_handler.log_command:Invoking command in '/home/sukru/ika_teknofest_aventra_ws/build/ika_bringup': AMENT_PREFIX_PATH=/home/sukru/ika_teknofest_aventra_ws/install/ika_control:/home/sukru/ika_teknofest_aventra_ws/install/ika_ui_bridge:/home/sukru/ika_teknofest_aventra_ws/install/ika_targeting:/home/sukru/ika_teknofest_aventra_ws/install/ika_sensors:/home/sukru/ika_teknofest_aventra_ws/install/ika_perception:/home/sukru/ika_teknofest_aventra_ws/install/ika_navigation:/home/sukru/ika_teknofest_aventra_ws/install/ika_msgs:/home/sukru/ika_teknofest_aventra_ws/install/ika_mission_manager:/home/sukru/ika_teknofest_aventra_ws/install/ika_localization:/home/sukru/ika_teknofest_aventra_ws/install/ika_hardware:/home/sukru/ika_teknofest_aventra_ws/install/ika_bringup:/home/sukru/ika_teknofest_aventra_ws/install/ika_gazebo:/home/sukru/ika_teknofest_aventra_ws/install/ika_description:/home/sukru/ika_teknofest_aventra_ws/install/ika_data_logger:/home/sukru/ika_teknofest_aventra_ws/install/ika_behaviors:/home/sukru/ai_autonomi_ws/install/ika_autonomi:/home/sukru/Desktop/otonom_atis/install/python_pkg:/home/sukru/dev_ws/install/my_package:/home/sukru/dev_ws/install/my_bot:/home/sukru/ros_ws_vacuum_bot/install/vacuum_teleop:/home/sukru/ros_ws_vacuum_bot/install/vacuum_sensors:/home/sukru/ros_ws_vacuum_bot/install/vacuum_navigation:/home/sukru/ros_ws_vacuum_bot/install/vacuum_msgs:/home/sukru/ros_ws_vacuum_bot/install/vacuum_mapping:/home/sukru/ros_ws_vacuum_bot/install/vacuum_description:/home/sukru/ros_ws_vacuum_bot/install/vacuum_control:/home/sukru/ros_ws_vacuum_bot/install/vacuum_bringup:/home/sukru/ros_ws_demo/install/python_pkg:/opt/ros/humble CMAKE_PREFIX_PATH=/home/sukru/ika_teknofest_aventra_ws/install/ika_gazebo:/home/sukru/ika_teknofest_aventra_ws/install/ika_description:/home/sukru/ika_teknofest_aventra_ws/install/ika_msgs:/home/sukru/ika_teknofest_aventra_ws/install/ika_bringup:/home/sukru/dev_ws/install/my_package:/home/sukru/dev_ws/install/my_bot:/home/sukru/ika_teknofest_aventra_ws/install/ika_ui_bridge:/home/sukru/ika_teknofest_aventra_ws/install/ika_targeting:/home/sukru/ika_teknofest_aventra_ws/install/ika_sensors:/home/sukru/ika_teknofest_aventra_ws/install/ika_perception:/home/sukru/ika_teknofest_aventra_ws/install/ika_navigation:/home/sukru/ika_teknofest_aventra_ws/install/ika_mission_manager:/home/sukru/ika_teknofest_aventra_ws/install/ika_localization:/home/sukru/ika_teknofest_aventra_ws/install/ika_hardware:/home/sukru/ika_teknofest_aventra_ws/install/ika_data_logger:/home/sukru/ika_teknofest_aventra_ws/install/ika_control:/home/sukru/ika_teknofest_aventra_ws/install/ika_behaviors:/home/sukru/ai_autonomi_ws/install/ika_autonomi:/home/sukru/Desktop/otonom_atis/install/python_pkg:/home/sukru/ros_ws_vacuum_bot/install/vacuum_teleop:/home/sukru/ros_ws_vacuum_bot/install/vacuum_sensors:/home/sukru/ros_ws_vacuum_bot/install/vacuum_navigation:/home/sukru/ros_ws_vacuum_bot/install/vacuum_msgs:/home/sukru/ros_ws_vacuum_bot/install/vacuum_mapping:/home/sukru/ros_ws_vacuum_bot/install/vacuum_description:/home/sukru/ros_ws_vacuum_bot/install/vacuum_control:/home/sukru/ros_ws_vacuum_bot/install/vacuum_bringup:/home/sukru/ros_ws_demo/install/python_pkg:/opt/ros/humble PYTHONPATH=/home/sukru/ika_teknofest_aventra_ws/build/ika_control:/home/sukru/ika_teknofest_aventra_ws/install/ika_control/lib/python3.10/site-packages:/home/sukru/ika_teknofest_aventra_ws/build/ika_ui_bridge:/home/sukru/ika_teknofest_aventra_ws/install/ika_ui_bridge/lib/python3.10/site-packages:/home/sukru/ika_teknofest_aventra_ws/build/ika_targeting:/home/sukru/ika_teknofest_aventra_ws/install/ika_targeting/lib/python3.10/site-packages:/home/sukru/ika_teknofest_aventra_ws/build/ika_sensors:/home/sukru/ika_teknofest_aventra_ws/install/ika_sensors/lib/python3.10/site-packages:/home/sukru/ika_teknofest_aventra_ws/build/ika_perception:/home/sukru/ika_teknofest_aventra_ws/install/ika_perception/lib/python3.10/site-packages:/home/sukru/ika_teknofest_aventra_ws/build/ika_navigation:/home/sukru/ika_teknofest_aventra_ws/install/ika_navigation/lib/python3.10/site-packages:/home/sukru/ika_teknofest_aventra_ws/install/ika_msgs/local/lib/python3.10/dist-packages:/home/sukru/ika_teknofest_aventra_ws/build/ika_mission_manager:/home/sukru/ika_teknofest_aventra_ws/install/ika_mission_manager/lib/python3.10/site-packages:/home/sukru/ika_teknofest_aventra_ws/build/ika_localization:/home/sukru/ika_teknofest_aventra_ws/install/ika_localization/lib/python3.10/site-packages:/home/sukru/ika_teknofest_aventra_ws/build/ika_hardware:/home/sukru/ika_teknofest_aventra_ws/install/ika_hardware/lib/python3.10/site-packages:/home/sukru/ika_teknofest_aventra_ws/build/ika_data_logger:/home/sukru/ika_teknofest_aventra_ws/install/ika_data_logger/lib/python3.10/site-packages:/home/sukru/ika_teknofest_aventra_ws/build/ika_behaviors:/home/sukru/ika_teknofest_aventra_ws/install/ika_behaviors/lib/python3.10/site-packages:/home/sukru/ai_autonomi_ws/install/ika_autonomi/lib/python3.10/site-packages:/home/sukru/Desktop/otonom_atis/build/python_pkg:/home/sukru/Desktop/otonom_atis/install/python_pkg/lib/python3.10/site-packages:/home/sukru/ros_ws_vacuum_bot/install/vacuum_teleop/lib/python3.10/site-packages:/home/sukru/ros_ws_vacuum_bot/install/vacuum_sensors/lib/python3.10/site-packages:/home/sukru/ros_ws_vacuum_bot/install/vacuum_navigation/lib/python3.10/site-packages:/home/sukru/ros_ws_vacuum_bot/install/vacuum_msgs/lib/python3.10/site-packages:/home/sukru/ros_ws_vacuum_bot/install/vacuum_mapping/lib/python3.10/site-packages:/home/sukru/ros_ws_vacuum_bot/install/vacuum_description/lib/python3.10/site-packages:/home/sukru/ros_ws_vacuum_bot/install/vacuum_control/lib/python3.10/site-packages:/home/sukru/ros_ws_vacuum_bot/install/vacuum_bringup/lib/python3.10/site-packages:/home/sukru/ros_ws_demo/install/python_pkg/lib/python3.10/site-packages:/opt/ros/humble/lib/python3.10/site-packages:/opt/ros/humble/local/lib/python3.10/dist-packages /usr/bin/cmake /home/sukru/ika_teknofest_aventra_ws/src/ika_bringup -DAMENT_CMAKE_SYMLINK_INSTALL=1 -DCMAKE_INSTALL_PREFIX=/home/sukru/ika_teknofest_aventra_ws/install/ika_bringup
[6.261s] DEBUG:colcon.colcon_core.event_handler.log_command:Invoking command in '/home/sukru/ika_teknofest_aventra_ws/build/ika_sensors': PYTHONPATH=/home/sukru/ika_teknofest_aventra_ws/build/ika_sensors/prefix_override:/usr/lib/python3/dist-packages/colcon_core/task/python/colcon_distutils_commands:/home/sukru/ika_teknofest_aventra_ws/install/ika_sensors/lib/python3.10/site-packages:${PYTHONPATH} /usr/bin/python3 -W ignore:setup.py install is deprecated -W ignore:easy_install command is deprecated setup.py develop --editable --build-directory /home/sukru/ika_teknofest_aventra_ws/build/ika_sensors/build --no-deps symlink_data
[6.513s] DEBUG:colcon.colcon_core.event_handler.log_command:Invoked command in '/home/sukru/ika_teknofest_aventra_ws/build/ika_bringup' returned '0': AMENT_PREFIX_PATH=/home/sukru/ika_teknofest_aventra_ws/install/ika_control:/home/sukru/ika_teknofest_aventra_ws/install/ika_ui_bridge:/home/sukru/ika_teknofest_aventra_ws/install/ika_targeting:/home/sukru/ika_teknofest_aventra_ws/install/ika_sensors:/home/sukru/ika_teknofest_aventra_ws/install/ika_perception:/home/sukru/ika_teknofest_aventra_ws/install/ika_navigation:/home/sukru/ika_teknofest_aventra_ws/install/ika_msgs:/home/sukru/ika_teknofest_aventra_ws/install/ika_mission_manager:/home/sukru/ika_teknofest_aventra_ws/install/ika_localization:/home/sukru/ika_teknofest_aventra_ws/install/ika_hardware:/home/sukru/ika_teknofest_aventra_ws/install/ika_bringup:/home/sukru/ika_teknofest_aventra_ws/install/ika_gazebo:/home/sukru/ika_teknofest_aventra_ws/install/ika_description:/home/sukru/ika_teknofest_aventra_ws/install/ika_data_logger:/home/sukru/ika_teknofest_aventra_ws/install/ika_behaviors:/home/sukru/ai_autonomi_ws/install/ika_autonomi:/home/sukru/Desktop/otonom_atis/install/python_pkg:/home/sukru/dev_ws/install/my_package:/home/sukru/dev_ws/install/my_bot:/home/sukru/ros_ws_vacuum_bot/install/vacuum_teleop:/home/sukru/ros_ws_vacuum_bot/install/vacuum_sensors:/home/sukru/ros_ws_vacuum_bot/install/vacuum_navigation:/home/sukru/ros_ws_vacuum_bot/install/vacuum_msgs:/home/sukru/ros_ws_vacuum_bot/install/vacuum_mapping:/home/sukru/ros_ws_vacuum_bot/install/vacuum_description:/home/sukru/ros_ws_vacuum_bot/install/vacuum_control:/home/sukru/ros_ws_vacuum_bot/install/vacuum_bringup:/home/sukru/ros_ws_demo/install/python_pkg:/opt/ros/humble CMAKE_PREFIX_PATH=/home/sukru/ika_teknofest_aventra_ws/install/ika_gazebo:/home/sukru/ika_teknofest_aventra_ws/install/ika_description:/home/sukru/ika_teknofest_aventra_ws/install/ika_msgs:/home/sukru/ika_teknofest_aventra_ws/install/ika_bringup:/home/sukru/dev_ws/install/my_package:/home/sukru/dev_ws/install/my_bot:/home/sukru/ika_teknofest_aventra_ws/install/ika_ui_bridge:/home/sukru/ika_teknofest_aventra_ws/install/ika_targeting:/home/sukru/ika_teknofest_aventra_ws/install/ika_sensors:/home/sukru/ika_teknofest_aventra_ws/install/ika_perception:/home/sukru/ika_teknofest_aventra_ws/install/ika_navigation:/home/sukru/ika_teknofest_aventra_ws/install/ika_mission_manager:/home/sukru/ika_teknofest_aventra_ws/install/ika_localization:/home/sukru/ika_teknofest_aventra_ws/install/ika_hardware:/home/sukru/ika_teknofest_aventra_ws/install/ika_data_logger:/home/sukru/ika_teknofest_aventra_ws/install/ika_control:/home/sukru/ika_teknofest_aventra_ws/install/ika_behaviors:/home/sukru/ai_autonomi_ws/install/ika_autonomi:/home/sukru/Desktop/otonom_atis/install/python_pkg:/home/sukru/ros_ws_vacuum_bot/install/vacuum_teleop:/home/sukru/ros_ws_vacuum_bot/install/vacuum_sensors:/home/sukru/ros_ws_vacuum_bot/install/vacuum_navigation:/home/sukru/ros_ws_vacuum_bot/install/vacuum_msgs:/home/sukru/ros_ws_vacuum_bot/install/vacuum_mapping:/home/sukru/ros_ws_vacuum_bot/install/vacuum_description:/home/sukru/ros_ws_vacuum_bot/install/vacuum_control:/home/sukru/ros_ws_vacuum_bot/install/vacuum_bringup:/home/sukru/ros_ws_demo/install/python_pkg:/opt/ros/humble PYTHONPATH=/home/sukru/ika_teknofest_aventra_ws/build/ika_control:/home/sukru/ika_teknofest_aventra_ws/install/ika_control/lib/python3.10/site-packages:/home/sukru/ika_teknofest_aventra_ws/build/ika_ui_bridge:/home/sukru/ika_teknofest_aventra_ws/install/ika_ui_bridge/lib/python3.10/site-packages:/home/sukru/ika_teknofest_aventra_ws/build/ika_targeting:/home/sukru/ika_teknofest_aventra_ws/install/ika_targeting/lib/python3.10/site-packages:/home/sukru/ika_teknofest_aventra_ws/build/ika_sensors:/home/sukru/ika_teknofest_aventra_ws/install/ika_sensors/lib/python3.10/site-packages:/home/sukru/ika_teknofest_aventra_ws/build/ika_perception:/home/sukru/ika_teknofest_aventra_ws/install/ika_perception/lib/python3.10/site-packages:/home/sukru/ika_teknofest_aventra_ws/build/ika_navigation:/home/sukru/ika_teknofest_aventra_ws/install/ika_navigation/lib/python3.10/site-packages:/home/sukru/ika_teknofest_aventra_ws/install/ika_msgs/local/lib/python3.10/dist-packages:/home/sukru/ika_teknofest_aventra_ws/build/ika_mission_manager:/home/sukru/ika_teknofest_aventra_ws/install/ika_mission_manager/lib/python3.10/site-packages:/home/sukru/ika_teknofest_aventra_ws/build/ika_localization:/home/sukru/ika_teknofest_aventra_ws/install/ika_localization/lib/python3.10/site-packages:/home/sukru/ika_teknofest_aventra_ws/build/ika_hardware:/home/sukru/ika_teknofest_aventra_ws/install/ika_hardware/lib/python3.10/site-packages:/home/sukru/ika_teknofest_aventra_ws/build/ika_data_logger:/home/sukru/ika_teknofest_aventra_ws/install/ika_data_logger/lib/python3.10/site-packages:/home/sukru/ika_teknofest_aventra_ws/build/ika_behaviors:/home/sukru/ika_teknofest_aventra_ws/install/ika_behaviors/lib/python3.10/site-packages:/home/sukru/ai_autonomi_ws/install/ika_autonomi/lib/python3.10/site-packages:/home/sukru/Desktop/otonom_atis/build/python_pkg:/home/sukru/Desktop/otonom_atis/install/python_pkg/lib/python3.10/site-packages:/home/sukru/ros_ws_vacuum_bot/install/vacuum_teleop/lib/python3.10/site-packages:/home/sukru/ros_ws_vacuum_bot/install/vacuum_sensors/lib/python3.10/site-packages:/home/sukru/ros_ws_vacuum_bot/install/vacuum_navigation/lib/python3.10/site-packages:/home/sukru/ros_ws_vacuum_bot/install/vacuum_msgs/lib/python3.10/site-packages:/home/sukru/ros_ws_vacuum_bot/install/vacuum_mapping/lib/python3.10/site-packages:/home/sukru/ros_ws_vacuum_bot/install/vacuum_description/lib/python3.10/site-packages:/home/sukru/ros_ws_vacuum_bot/install/vacuum_control/lib/python3.10/site-packages:/home/sukru/ros_ws_vacuum_bot/install/vacuum_bringup/lib/python3.10/site-packages:/home/sukru/ros_ws_demo/install/python_pkg/lib/python3.10/site-packages:/opt/ros/humble/lib/python3.10/site-packages:/opt/ros/humble/local/lib/python3.10/dist-packages /usr/bin/cmake /home/sukru/ika_teknofest_aventra_ws/src/ika_bringup -DAMENT_CMAKE_SYMLINK_INSTALL=1 -DCMAKE_INSTALL_PREFIX=/home/sukru/ika_teknofest_aventra_ws/install/ika_bringup
[6.514s] DEBUG:colcon.colcon_core.event_handler.log_command:Invoking command in '/home/sukru/ika_teknofest_aventra_ws/build/ika_bringup': AMENT_PREFIX_PATH=/home/sukru/ika_teknofest_aventra_ws/install/ika_control:/home/sukru/ika_teknofest_aventra_ws/install/ika_ui_bridge:/home/sukru/ika_teknofest_aventra_ws/install/ika_targeting:/home/sukru/ika_teknofest_aventra_ws/install/ika_sensors:/home/sukru/ika_teknofest_aventra_ws/install/ika_perception:/home/sukru/ika_teknofest_aventra_ws/install/ika_navigation:/home/sukru/ika_teknofest_aventra_ws/install/ika_msgs:/home/sukru/ika_teknofest_aventra_ws/install/ika_mission_manager:/home/sukru/ika_teknofest_aventra_ws/install/ika_localization:/home/sukru/ika_teknofest_aventra_ws/install/ika_hardware:/home/sukru/ika_teknofest_aventra_ws/install/ika_bringup:/home/sukru/ika_teknofest_aventra_ws/install/ika_gazebo:/home/sukru/ika_teknofest_aventra_ws/install/ika_description:/home/sukru/ika_teknofest_aventra_ws/install/ika_data_logger:/home/sukru/ika_teknofest_aventra_ws/install/ika_behaviors:/home/sukru/ai_autonomi_ws/install/ika_autonomi:/home/sukru/Desktop/otonom_atis/install/python_pkg:/home/sukru/dev_ws/install/my_package:/home/sukru/dev_ws/install/my_bot:/home/sukru/ros_ws_vacuum_bot/install/vacuum_teleop:/home/sukru/ros_ws_vacuum_bot/install/vacuum_sensors:/home/sukru/ros_ws_vacuum_bot/install/vacuum_navigation:/home/sukru/ros_ws_vacuum_bot/install/vacuum_msgs:/home/sukru/ros_ws_vacuum_bot/install/vacuum_mapping:/home/sukru/ros_ws_vacuum_bot/install/vacuum_description:/home/sukru/ros_ws_vacuum_bot/install/vacuum_control:/home/sukru/ros_ws_vacuum_bot/install/vacuum_bringup:/home/sukru/ros_ws_demo/install/python_pkg:/opt/ros/humble CMAKE_PREFIX_PATH=/home/sukru/ika_teknofest_aventra_ws/install/ika_gazebo:/home/sukru/ika_teknofest_aventra_ws/install/ika_description:/home/sukru/ika_teknofest_aventra_ws/install/ika_msgs:/home/sukru/ika_teknofest_aventra_ws/install/ika_bringup:/home/sukru/dev_ws/install/my_package:/home/sukru/dev_ws/install/my_bot:/home/sukru/ika_teknofest_aventra_ws/install/ika_ui_bridge:/home/sukru/ika_teknofest_aventra_ws/install/ika_targeting:/home/sukru/ika_teknofest_aventra_ws/install/ika_sensors:/home/sukru/ika_teknofest_aventra_ws/install/ika_perception:/home/sukru/ika_teknofest_aventra_ws/install/ika_navigation:/home/sukru/ika_teknofest_aventra_ws/install/ika_mission_manager:/home/sukru/ika_teknofest_aventra_ws/install/ika_localization:/home/sukru/ika_teknofest_aventra_ws/install/ika_hardware:/home/sukru/ika_teknofest_aventra_ws/install/ika_data_logger:/home/sukru/ika_teknofest_aventra_ws/install/ika_control:/home/sukru/ika_teknofest_aventra_ws/install/ika_behaviors:/home/sukru/ai_autonomi_ws/install/ika_autonomi:/home/sukru/Desktop/otonom_atis/install/python_pkg:/home/sukru/ros_ws_vacuum_bot/install/vacuum_teleop:/home/sukru/ros_ws_vacuum_bot/install/vacuum_sensors:/home/sukru/ros_ws_vacuum_bot/install/vacuum_navigation:/home/sukru/ros_ws_vacuum_bot/install/vacuum_msgs:/home/sukru/ros_ws_vacuum_bot/install/vacuum_mapping:/home/sukru/ros_ws_vacuum_bot/install/vacuum_description:/home/sukru/ros_ws_vacuum_bot/install/vacuum_control:/home/sukru/ros_ws_vacuum_bot/install/vacuum_bringup:/home/sukru/ros_ws_demo/install/python_pkg:/opt/ros/humble PYTHONPATH=/home/sukru/ika_teknofest_aventra_ws/build/ika_control:/home/sukru/ika_teknofest_aventra_ws/install/ika_control/lib/python3.10/site-packages:/home/sukru/ika_teknofest_aventra_ws/build/ika_ui_bridge:/home/sukru/ika_teknofest_aventra_ws/install/ika_ui_bridge/lib/python3.10/site-packages:/home/sukru/ika_teknofest_aventra_ws/build/ika_targeting:/home/sukru/ika_teknofest_aventra_ws/install/ika_targeting/lib/python3.10/site-packages:/home/sukru/ika_teknofest_aventra_ws/build/ika_sensors:/home/sukru/ika_teknofest_aventra_ws/install/ika_sensors/lib/python3.10/site-packages:/home/sukru/ika_teknofest_aventra_ws/build/ika_perception:/home/sukru/ika_teknofest_aventra_ws/install/ika_perception/lib/python3.10/site-packages:/home/sukru/ika_teknofest_aventra_ws/build/ika_navigation:/home/sukru/ika_teknofest_aventra_ws/install/ika_navigation/lib/python3.10/site-packages:/home/sukru/ika_teknofest_aventra_ws/install/ika_msgs/local/lib/python3.10/dist-packages:/home/sukru/ika_teknofest_aventra_ws/build/ika_mission_manager:/home/sukru/ika_teknofest_aventra_ws/install/ika_mission_manager/lib/python3.10/site-packages:/home/sukru/ika_teknofest_aventra_ws/build/ika_localization:/home/sukru/ika_teknofest_aventra_ws/install/ika_localization/lib/python3.10/site-packages:/home/sukru/ika_teknofest_aventra_ws/build/ika_hardware:/home/sukru/ika_teknofest_aventra_ws/install/ika_hardware/lib/python3.10/site-packages:/home/sukru/ika_teknofest_aventra_ws/build/ika_data_logger:/home/sukru/ika_teknofest_aventra_ws/install/ika_data_logger/lib/python3.10/site-packages:/home/sukru/ika_teknofest_aventra_ws/build/ika_behaviors:/home/sukru/ika_teknofest_aventra_ws/install/ika_behaviors/lib/python3.10/site-packages:/home/sukru/ai_autonomi_ws/install/ika_autonomi/lib/python3.10/site-packages:/home/sukru/Desktop/otonom_atis/build/python_pkg:/home/sukru/Desktop/otonom_atis/install/python_pkg/lib/python3.10/site-packages:/home/sukru/ros_ws_vacuum_bot/install/vacuum_teleop/lib/python3.10/site-packages:/home/sukru/ros_ws_vacuum_bot/install/vacuum_sensors/lib/python3.10/site-packages:/home/sukru/ros_ws_vacuum_bot/install/vacuum_navigation/lib/python3.10/site-packages:/home/sukru/ros_ws_vacuum_bot/install/vacuum_msgs/lib/python3.10/site-packages:/home/sukru/ros_ws_vacuum_bot/install/vacuum_mapping/lib/python3.10/site-packages:/home/sukru/ros_ws_vacuum_bot/install/vacuum_description/lib/python3.10/site-packages:/home/sukru/ros_ws_vacuum_bot/install/vacuum_control/lib/python3.10/site-packages:/home/sukru/ros_ws_vacuum_bot/install/vacuum_bringup/lib/python3.10/site-packages:/home/sukru/ros_ws_demo/install/python_pkg/lib/python3.10/site-packages:/opt/ros/humble/lib/python3.10/site-packages:/opt/ros/humble/local/lib/python3.10/dist-packages /usr/bin/cmake --build /home/sukru/ika_teknofest_aventra_ws/build/ika_bringup -- -j12 -l12
[6.539s] DEBUG:colcon.colcon_core.event_handler.log_command:Invoked command in '/home/sukru/ika_teknofest_aventra_ws/build/ika_bringup' returned '0': AMENT_PREFIX_PATH=/home/sukru/ika_teknofest_aventra_ws/install/ika_control:/home/sukru/ika_teknofest_aventra_ws/install/ika_ui_bridge:/home/sukru/ika_teknofest_aventra_ws/install/ika_targeting:/home/sukru/ika_teknofest_aventra_ws/install/ika_sensors:/home/sukru/ika_teknofest_aventra_ws/install/ika_perception:/home/sukru/ika_teknofest_aventra_ws/install/ika_navigation:/home/sukru/ika_teknofest_aventra_ws/install/ika_msgs:/home/sukru/ika_teknofest_aventra_ws/install/ika_mission_manager:/home/sukru/ika_teknofest_aventra_ws/install/ika_localization:/home/sukru/ika_teknofest_aventra_ws/install/ika_hardware:/home/sukru/ika_teknofest_aventra_ws/install/ika_bringup:/home/sukru/ika_teknofest_aventra_ws/install/ika_gazebo:/home/sukru/ika_teknofest_aventra_ws/install/ika_description:/home/sukru/ika_teknofest_aventra_ws/install/ika_data_logger:/home/sukru/ika_teknofest_aventra_ws/install/ika_behaviors:/home/sukru/ai_autonomi_ws/install/ika_autonomi:/home/sukru/Desktop/otonom_atis/install/python_pkg:/home/sukru/dev_ws/install/my_package:/home/sukru/dev_ws/install/my_bot:/home/sukru/ros_ws_vacuum_bot/install/vacuum_teleop:/home/sukru/ros_ws_vacuum_bot/install/vacuum_sensors:/home/sukru/ros_ws_vacuum_bot/install/vacuum_navigation:/home/sukru/ros_ws_vacuum_bot/install/vacuum_msgs:/home/sukru/ros_ws_vacuum_bot/install/vacuum_mapping:/home/sukru/ros_ws_vacuum_bot/install/vacuum_description:/home/sukru/ros_ws_vacuum_bot/install/vacuum_control:/home/sukru/ros_ws_vacuum_bot/install/vacuum_bringup:/home/sukru/ros_ws_demo/install/python_pkg:/opt/ros/humble CMAKE_PREFIX_PATH=/home/sukru/ika_teknofest_aventra_ws/install/ika_gazebo:/home/sukru/ika_teknofest_aventra_ws/install/ika_description:/home/sukru/ika_teknofest_aventra_ws/install/ika_msgs:/home/sukru/ika_teknofest_aventra_ws/install/ika_bringup:/home/sukru/dev_ws/install/my_package:/home/sukru/dev_ws/install/my_bot:/home/sukru/ika_teknofest_aventra_ws/install/ika_ui_bridge:/home/sukru/ika_teknofest_aventra_ws/install/ika_targeting:/home/sukru/ika_teknofest_aventra_ws/install/ika_sensors:/home/sukru/ika_teknofest_aventra_ws/install/ika_perception:/home/sukru/ika_teknofest_aventra_ws/install/ika_navigation:/home/sukru/ika_teknofest_aventra_ws/install/ika_mission_manager:/home/sukru/ika_teknofest_aventra_ws/install/ika_localization:/home/sukru/ika_teknofest_aventra_ws/install/ika_hardware:/home/sukru/ika_teknofest_aventra_ws/install/ika_data_logger:/home/sukru/ika_teknofest_aventra_ws/install/ika_control:/home/sukru/ika_teknofest_aventra_ws/install/ika_behaviors:/home/sukru/ai_autonomi_ws/install/ika_autonomi:/home/sukru/Desktop/otonom_atis/install/python_pkg:/home/sukru/ros_ws_vacuum_bot/install/vacuum_teleop:/home/sukru/ros_ws_vacuum_bot/install/vacuum_sensors:/home/sukru/ros_ws_vacuum_bot/install/vacuum_navigation:/home/sukru/ros_ws_vacuum_bot/install/vacuum_msgs:/home/sukru/ros_ws_vacuum_bot/install/vacuum_mapping:/home/sukru/ros_ws_vacuum_bot/install/vacuum_description:/home/sukru/ros_ws_vacuum_bot/install/vacuum_control:/home/sukru/ros_ws_vacuum_bot/install/vacuum_bringup:/home/sukru/ros_ws_demo/install/python_pkg:/opt/ros/humble PYTHONPATH=/home/sukru/ika_teknofest_aventra_ws/build/ika_control:/home/sukru/ika_teknofest_aventra_ws/install/ika_control/lib/python3.10/site-packages:/home/sukru/ika_teknofest_aventra_ws/build/ika_ui_bridge:/home/sukru/ika_teknofest_aventra_ws/install/ika_ui_bridge/lib/python3.10/site-packages:/home/sukru/ika_teknofest_aventra_ws/build/ika_targeting:/home/sukru/ika_teknofest_aventra_ws/install/ika_targeting/lib/python3.10/site-packages:/home/sukru/ika_teknofest_aventra_ws/build/ika_sensors:/home/sukru/ika_teknofest_aventra_ws/install/ika_sensors/lib/python3.10/site-packages:/home/sukru/ika_teknofest_aventra_ws/build/ika_perception:/home/sukru/ika_teknofest_aventra_ws/install/ika_perception/lib/python3.10/site-packages:/home/sukru/ika_teknofest_aventra_ws/build/ika_navigation:/home/sukru/ika_teknofest_aventra_ws/install/ika_navigation/lib/python3.10/site-packages:/home/sukru/ika_teknofest_aventra_ws/install/ika_msgs/local/lib/python3.10/dist-packages:/home/sukru/ika_teknofest_aventra_ws/build/ika_mission_manager:/home/sukru/ika_teknofest_aventra_ws/install/ika_mission_manager/lib/python3.10/site-packages:/home/sukru/ika_teknofest_aventra_ws/build/ika_localization:/home/sukru/ika_teknofest_aventra_ws/install/ika_localization/lib/python3.10/site-packages:/home/sukru/ika_teknofest_aventra_ws/build/ika_hardware:/home/sukru/ika_teknofest_aventra_ws/install/ika_hardware/lib/python3.10/site-packages:/home/sukru/ika_teknofest_aventra_ws/build/ika_data_logger:/home/sukru/ika_teknofest_aventra_ws/install/ika_data_logger/lib/python3.10/site-packages:/home/sukru/ika_teknofest_aventra_ws/build/ika_behaviors:/home/sukru/ika_teknofest_aventra_ws/install/ika_behaviors/lib/python3.10/site-packages:/home/sukru/ai_autonomi_ws/install/ika_autonomi/lib/python3.10/site-packages:/home/sukru/Desktop/otonom_atis/build/python_pkg:/home/sukru/Desktop/otonom_atis/install/python_pkg/lib/python3.10/site-packages:/home/sukru/ros_ws_vacuum_bot/install/vacuum_teleop/lib/python3.10/site-packages:/home/sukru/ros_ws_vacuum_bot/install/vacuum_sensors/lib/python3.10/site-packages:/home/sukru/ros_ws_vacuum_bot/install/vacuum_navigation/lib/python3.10/site-packages:/home/sukru/ros_ws_vacuum_bot/install/vacuum_msgs/lib/python3.10/site-packages:/home/sukru/ros_ws_vacuum_bot/install/vacuum_mapping/lib/python3.10/site-packages:/home/sukru/ros_ws_vacuum_bot/install/vacuum_description/lib/python3.10/site-packages:/home/sukru/ros_ws_vacuum_bot/install/vacuum_control/lib/python3.10/site-packages:/home/sukru/ros_ws_vacuum_bot/install/vacuum_bringup/lib/python3.10/site-packages:/home/sukru/ros_ws_demo/install/python_pkg/lib/python3.10/site-packages:/opt/ros/humble/lib/python3.10/site-packages:/opt/ros/humble/local/lib/python3.10/dist-packages /usr/bin/cmake --build /home/sukru/ika_teknofest_aventra_ws/build/ika_bringup -- -j12 -l12
[6.540s] DEBUG:colcon.colcon_core.event_handler.log_command:Invoking command in '/home/sukru/ika_teknofest_aventra_ws/build/ika_bringup': AMENT_PREFIX_PATH=/home/sukru/ika_teknofest_aventra_ws/install/ika_control:/home/sukru/ika_teknofest_aventra_ws/install/ika_ui_bridge:/home/sukru/ika_teknofest_aventra_ws/install/ika_targeting:/home/sukru/ika_teknofest_aventra_ws/install/ika_sensors:/home/sukru/ika_teknofest_aventra_ws/install/ika_perception:/home/sukru/ika_teknofest_aventra_ws/install/ika_navigation:/home/sukru/ika_teknofest_aventra_ws/install/ika_msgs:/home/sukru/ika_teknofest_aventra_ws/install/ika_mission_manager:/home/sukru/ika_teknofest_aventra_ws/install/ika_localization:/home/sukru/ika_teknofest_aventra_ws/install/ika_hardware:/home/sukru/ika_teknofest_aventra_ws/install/ika_bringup:/home/sukru/ika_teknofest_aventra_ws/install/ika_gazebo:/home/sukru/ika_teknofest_aventra_ws/install/ika_description:/home/sukru/ika_teknofest_aventra_ws/install/ika_data_logger:/home/sukru/ika_teknofest_aventra_ws/install/ika_behaviors:/home/sukru/ai_autonomi_ws/install/ika_autonomi:/home/sukru/Desktop/otonom_atis/install/python_pkg:/home/sukru/dev_ws/install/my_package:/home/sukru/dev_ws/install/my_bot:/home/sukru/ros_ws_vacuum_bot/install/vacuum_teleop:/home/sukru/ros_ws_vacuum_bot/install/vacuum_sensors:/home/sukru/ros_ws_vacuum_bot/install/vacuum_navigation:/home/sukru/ros_ws_vacuum_bot/install/vacuum_msgs:/home/sukru/ros_ws_vacuum_bot/install/vacuum_mapping:/home/sukru/ros_ws_vacuum_bot/install/vacuum_description:/home/sukru/ros_ws_vacuum_bot/install/vacuum_control:/home/sukru/ros_ws_vacuum_bot/install/vacuum_bringup:/home/sukru/ros_ws_demo/install/python_pkg:/opt/ros/humble CMAKE_PREFIX_PATH=/home/sukru/ika_teknofest_aventra_ws/install/ika_gazebo:/home/sukru/ika_teknofest_aventra_ws/install/ika_description:/home/sukru/ika_teknofest_aventra_ws/install/ika_msgs:/home/sukru/ika_teknofest_aventra_ws/install/ika_bringup:/home/sukru/dev_ws/install/my_package:/home/sukru/dev_ws/install/my_bot:/home/sukru/ika_teknofest_aventra_ws/install/ika_ui_bridge:/home/sukru/ika_teknofest_aventra_ws/install/ika_targeting:/home/sukru/ika_teknofest_aventra_ws/install/ika_sensors:/home/sukru/ika_teknofest_aventra_ws/install/ika_perception:/home/sukru/ika_teknofest_aventra_ws/install/ika_navigation:/home/sukru/ika_teknofest_aventra_ws/install/ika_mission_manager:/home/sukru/ika_teknofest_aventra_ws/install/ika_localization:/home/sukru/ika_teknofest_aventra_ws/install/ika_hardware:/home/sukru/ika_teknofest_aventra_ws/install/ika_data_logger:/home/sukru/ika_teknofest_aventra_ws/install/ika_control:/home/sukru/ika_teknofest_aventra_ws/install/ika_behaviors:/home/sukru/ai_autonomi_ws/install/ika_autonomi:/home/sukru/Desktop/otonom_atis/install/python_pkg:/home/sukru/ros_ws_vacuum_bot/install/vacuum_teleop:/home/sukru/ros_ws_vacuum_bot/install/vacuum_sensors:/home/sukru/ros_ws_vacuum_bot/install/vacuum_navigation:/home/sukru/ros_ws_vacuum_bot/install/vacuum_msgs:/home/sukru/ros_ws_vacuum_bot/install/vacuum_mapping:/home/sukru/ros_ws_vacuum_bot/install/vacuum_description:/home/sukru/ros_ws_vacuum_bot/install/vacuum_control:/home/sukru/ros_ws_vacuum_bot/install/vacuum_bringup:/home/sukru/ros_ws_demo/install/python_pkg:/opt/ros/humble PYTHONPATH=/home/sukru/ika_teknofest_aventra_ws/build/ika_control:/home/sukru/ika_teknofest_aventra_ws/install/ika_control/lib/python3.10/site-packages:/home/sukru/ika_teknofest_aventra_ws/build/ika_ui_bridge:/home/sukru/ika_teknofest_aventra_ws/install/ika_ui_bridge/lib/python3.10/site-packages:/home/sukru/ika_teknofest_aventra_ws/build/ika_targeting:/home/sukru/ika_teknofest_aventra_ws/install/ika_targeting/lib/python3.10/site-packages:/home/sukru/ika_teknofest_aventra_ws/build/ika_sensors:/home/sukru/ika_teknofest_aventra_ws/install/ika_sensors/lib/python3.10/site-packages:/home/sukru/ika_teknofest_aventra_ws/build/ika_perception:/home/sukru/ika_teknofest_aventra_ws/install/ika_perception/lib/python3.10/site-packages:/home/sukru/ika_teknofest_aventra_ws/build/ika_navigation:/home/sukru/ika_teknofest_aventra_ws/install/ika_navigation/lib/python3.10/site-packages:/home/sukru/ika_teknofest_aventra_ws/install/ika_msgs/local/lib/python3.10/dist-packages:/home/sukru/ika_teknofest_aventra_ws/build/ika_mission_manager:/home/sukru/ika_teknofest_aventra_ws/install/ika_mission_manager/lib/python3.10/site-packages:/home/sukru/ika_teknofest_aventra_ws/build/ika_localization:/home/sukru/ika_teknofest_aventra_ws/install/ika_localization/lib/python3.10/site-packages:/home/sukru/ika_teknofest_aventra_ws/build/ika_hardware:/home/sukru/ika_teknofest_aventra_ws/install/ika_hardware/lib/python3.10/site-packages:/home/sukru/ika_teknofest_aventra_ws/build/ika_data_logger:/home/sukru/ika_teknofest_aventra_ws/install/ika_data_logger/lib/python3.10/site-packages:/home/sukru/ika_teknofest_aventra_ws/build/ika_behaviors:/home/sukru/ika_teknofest_aventra_ws/install/ika_behaviors/lib/python3.10/site-packages:/home/sukru/ai_autonomi_ws/install/ika_autonomi/lib/python3.10/site-packages:/home/sukru/Desktop/otonom_atis/build/python_pkg:/home/sukru/Desktop/otonom_atis/install/python_pkg/lib/python3.10/site-packages:/home/sukru/ros_ws_vacuum_bot/install/vacuum_teleop/lib/python3.10/site-packages:/home/sukru/ros_ws_vacuum_bot/install/vacuum_sensors/lib/python3.10/site-packages:/home/sukru/ros_ws_vacuum_bot/install/vacuum_navigation/lib/python3.10/site-packages:/home/sukru/ros_ws_vacuum_bot/install/vacuum_msgs/lib/python3.10/site-packages:/home/sukru/ros_ws_vacuum_bot/install/vacuum_mapping/lib/python3.10/site-packages:/home/sukru/ros_ws_vacuum_bot/install/vacuum_description/lib/python3.10/site-packages:/home/sukru/ros_ws_vacuum_bot/install/vacuum_control/lib/python3.10/site-packages:/home/sukru/ros_ws_vacuum_bot/install/vacuum_bringup/lib/python3.10/site-packages:/home/sukru/ros_ws_demo/install/python_pkg/lib/python3.10/site-packages:/opt/ros/humble/lib/python3.10/site-packages:/opt/ros/humble/local/lib/python3.10/dist-packages /usr/bin/cmake --install /home/sukru/ika_teknofest_aventra_ws/build/ika_bringup
[6.542s] Level 1:colcon.colcon_core.shell:create_environment_hook('ika_sensors', 'pythonpath_develop')
[6.542s] INFO:colcon.colcon_core.shell:Creating environment hook '/home/sukru/ika_teknofest_aventra_ws/build/ika_sensors/share/ika_sensors/hook/pythonpath_develop.ps1'
[6.542s] DEBUG:colcon.colcon_core.event_handler.log_command:Invoked command in '/home/sukru/ika_teknofest_aventra_ws/build/ika_sensors' returned '0': PYTHONPATH=/home/sukru/ika_teknofest_aventra_ws/build/ika_sensors/prefix_override:/usr/lib/python3/dist-packages/colcon_core/task/python/colcon_distutils_commands:/home/sukru/ika_teknofest_aventra_ws/install/ika_sensors/lib/python3.10/site-packages:${PYTHONPATH} /usr/bin/python3 -W ignore:setup.py install is deprecated -W ignore:easy_install command is deprecated setup.py develop --editable --build-directory /home/sukru/ika_teknofest_aventra_ws/build/ika_sensors/build --no-deps symlink_data
[6.543s] INFO:colcon.colcon_core.shell:Creating environment descriptor '/home/sukru/ika_teknofest_aventra_ws/build/ika_sensors/share/ika_sensors/hook/pythonpath_develop.dsv'
[6.543s] INFO:colcon.colcon_core.shell:Creating environment hook '/home/sukru/ika_teknofest_aventra_ws/build/ika_sensors/share/ika_sensors/hook/pythonpath_develop.sh'
[6.543s] Level 1:colcon.colcon_core.environment:checking '/home/sukru/ika_teknofest_aventra_ws/install/ika_sensors' for CMake module files
[6.543s] Level 1:colcon.colcon_core.environment:checking '/home/sukru/ika_teknofest_aventra_ws/install/ika_sensors' for CMake config files
[6.544s] Level 1:colcon.colcon_core.environment:checking '/home/sukru/ika_teknofest_aventra_ws/install/ika_sensors/lib'
[6.544s] Level 1:colcon.colcon_core.environment:checking '/home/sukru/ika_teknofest_aventra_ws/install/ika_sensors/bin'
[6.544s] Level 1:colcon.colcon_core.environment:checking '/home/sukru/ika_teknofest_aventra_ws/install/ika_sensors/lib/pkgconfig/ika_sensors.pc'
[6.544s] Level 1:colcon.colcon_core.environment:checking '/home/sukru/ika_teknofest_aventra_ws/install/ika_sensors/lib/python3.10/site-packages'
[6.544s] Level 1:colcon.colcon_core.shell:create_environment_hook('ika_sensors', 'pythonpath')
[6.544s] INFO:colcon.colcon_core.shell:Creating environment hook '/home/sukru/ika_teknofest_aventra_ws/install/ika_sensors/share/ika_sensors/hook/pythonpath.ps1'
[6.545s] INFO:colcon.colcon_core.shell:Creating environment descriptor '/home/sukru/ika_teknofest_aventra_ws/install/ika_sensors/share/ika_sensors/hook/pythonpath.dsv'
[6.545s] INFO:colcon.colcon_core.shell:Creating environment hook '/home/sukru/ika_teknofest_aventra_ws/install/ika_sensors/share/ika_sensors/hook/pythonpath.sh'
[6.545s] Level 1:colcon.colcon_core.environment:checking '/home/sukru/ika_teknofest_aventra_ws/install/ika_sensors/bin'
[6.545s] Level 1:colcon.colcon_core.environment:create_environment_scripts_only(ika_sensors)
[6.545s] INFO:colcon.colcon_core.shell:Creating package script '/home/sukru/ika_teknofest_aventra_ws/install/ika_sensors/share/ika_sensors/package.ps1'
[6.546s] INFO:colcon.colcon_core.shell:Creating package descriptor '/home/sukru/ika_teknofest_aventra_ws/install/ika_sensors/share/ika_sensors/package.dsv'
[6.546s] INFO:colcon.colcon_core.shell:Creating package script '/home/sukru/ika_teknofest_aventra_ws/install/ika_sensors/share/ika_sensors/package.sh'
[6.546s] INFO:colcon.colcon_core.shell:Creating package script '/home/sukru/ika_teknofest_aventra_ws/install/ika_sensors/share/ika_sensors/package.bash'
[6.546s] INFO:colcon.colcon_core.shell:Creating package script '/home/sukru/ika_teknofest_aventra_ws/install/ika_sensors/share/ika_sensors/package.zsh'
[6.546s] Level 1:colcon.colcon_core.environment:create_file_with_runtime_dependencies(/home/sukru/ika_teknofest_aventra_ws/install/ika_sensors/share/colcon-core/packages/ika_sensors)
[6.665s] Level 1:colcon.colcon_core.environment:create_environment_scripts_only(ika_bringup)
[6.665s] Level 1:colcon.colcon_core.environment:checking '/home/sukru/ika_teknofest_aventra_ws/install/ika_bringup' for CMake module files
[6.666s] Level 1:colcon.colcon_core.environment:checking '/home/sukru/ika_teknofest_aventra_ws/install/ika_bringup' for CMake config files
[6.666s] Level 1:colcon.colcon_core.shell:create_environment_hook('ika_bringup', 'cmake_prefix_path')
[6.666s] INFO:colcon.colcon_core.shell:Creating environment hook '/home/sukru/ika_teknofest_aventra_ws/install/ika_bringup/share/ika_bringup/hook/cmake_prefix_path.ps1'
[6.666s] INFO:colcon.colcon_core.shell:Creating environment descriptor '/home/sukru/ika_teknofest_aventra_ws/install/ika_bringup/share/ika_bringup/hook/cmake_prefix_path.dsv'
[6.667s] INFO:colcon.colcon_core.shell:Creating environment hook '/home/sukru/ika_teknofest_aventra_ws/install/ika_bringup/share/ika_bringup/hook/cmake_prefix_path.sh'
[6.667s] DEBUG:colcon.colcon_core.event_handler.log_command:Invoked command in '/home/sukru/ika_teknofest_aventra_ws/build/ika_bringup' returned '0': AMENT_PREFIX_PATH=/home/sukru/ika_teknofest_aventra_ws/install/ika_control:/home/sukru/ika_teknofest_aventra_ws/install/ika_ui_bridge:/home/sukru/ika_teknofest_aventra_ws/install/ika_targeting:/home/sukru/ika_teknofest_aventra_ws/install/ika_sensors:/home/sukru/ika_teknofest_aventra_ws/install/ika_perception:/home/sukru/ika_teknofest_aventra_ws/install/ika_navigation:/home/sukru/ika_teknofest_aventra_ws/install/ika_msgs:/home/sukru/ika_teknofest_aventra_ws/install/ika_mission_manager:/home/sukru/ika_teknofest_aventra_ws/install/ika_localization:/home/sukru/ika_teknofest_aventra_ws/install/ika_hardware:/home/sukru/ika_teknofest_aventra_ws/install/ika_bringup:/home/sukru/ika_teknofest_aventra_ws/install/ika_gazebo:/home/sukru/ika_teknofest_aventra_ws/install/ika_description:/home/sukru/ika_teknofest_aventra_ws/install/ika_data_logger:/home/sukru/ika_teknofest_aventra_ws/install/ika_behaviors:/home/sukru/ai_autonomi_ws/install/ika_autonomi:/home/sukru/Desktop/otonom_atis/install/python_pkg:/home/sukru/dev_ws/install/my_package:/home/sukru/dev_ws/install/my_bot:/home/sukru/ros_ws_vacuum_bot/install/vacuum_teleop:/home/sukru/ros_ws_vacuum_bot/install/vacuum_sensors:/home/sukru/ros_ws_vacuum_bot/install/vacuum_navigation:/home/sukru/ros_ws_vacuum_bot/install/vacuum_msgs:/home/sukru/ros_ws_vacuum_bot/install/vacuum_mapping:/home/sukru/ros_ws_vacuum_bot/install/vacuum_description:/home/sukru/ros_ws_vacuum_bot/install/vacuum_control:/home/sukru/ros_ws_vacuum_bot/install/vacuum_bringup:/home/sukru/ros_ws_demo/install/python_pkg:/opt/ros/humble CMAKE_PREFIX_PATH=/home/sukru/ika_teknofest_aventra_ws/install/ika_gazebo:/home/sukru/ika_teknofest_aventra_ws/install/ika_description:/home/sukru/ika_teknofest_aventra_ws/install/ika_msgs:/home/sukru/ika_teknofest_aventra_ws/install/ika_bringup:/home/sukru/dev_ws/install/my_package:/home/sukru/dev_ws/install/my_bot:/home/sukru/ika_teknofest_aventra_ws/install/ika_ui_bridge:/home/sukru/ika_teknofest_aventra_ws/install/ika_targeting:/home/sukru/ika_teknofest_aventra_ws/install/ika_sensors:/home/sukru/ika_teknofest_aventra_ws/install/ika_perception:/home/sukru/ika_teknofest_aventra_ws/install/ika_navigation:/home/sukru/ika_teknofest_aventra_ws/install/ika_mission_manager:/home/sukru/ika_teknofest_aventra_ws/install/ika_localization:/home/sukru/ika_teknofest_aventra_ws/install/ika_hardware:/home/sukru/ika_teknofest_aventra_ws/install/ika_data_logger:/home/sukru/ika_teknofest_aventra_ws/install/ika_control:/home/sukru/ika_teknofest_aventra_ws/install/ika_behaviors:/home/sukru/ai_autonomi_ws/install/ika_autonomi:/home/sukru/Desktop/otonom_atis/install/python_pkg:/home/sukru/ros_ws_vacuum_bot/install/vacuum_teleop:/home/sukru/ros_ws_vacuum_bot/install/vacuum_sensors:/home/sukru/ros_ws_vacuum_bot/install/vacuum_navigation:/home/sukru/ros_ws_vacuum_bot/install/vacuum_msgs:/home/sukru/ros_ws_vacuum_bot/install/vacuum_mapping:/home/sukru/ros_ws_vacuum_bot/install/vacuum_description:/home/sukru/ros_ws_vacuum_bot/install/vacuum_control:/home/sukru/ros_ws_vacuum_bot/install/vacuum_bringup:/home/sukru/ros_ws_demo/install/python_pkg:/opt/ros/humble PYTHONPATH=/home/sukru/ika_teknofest_aventra_ws/build/ika_control:/home/sukru/ika_teknofest_aventra_ws/install/ika_control/lib/python3.10/site-packages:/home/sukru/ika_teknofest_aventra_ws/build/ika_ui_bridge:/home/sukru/ika_teknofest_aventra_ws/install/ika_ui_bridge/lib/python3.10/site-packages:/home/sukru/ika_teknofest_aventra_ws/build/ika_targeting:/home/sukru/ika_teknofest_aventra_ws/install/ika_targeting/lib/python3.10/site-packages:/home/sukru/ika_teknofest_aventra_ws/build/ika_sensors:/home/sukru/ika_teknofest_aventra_ws/install/ika_sensors/lib/python3.10/site-packages:/home/sukru/ika_teknofest_aventra_ws/build/ika_perception:/home/sukru/ika_teknofest_aventra_ws/install/ika_perception/lib/python3.10/site-packages:/home/sukru/ika_teknofest_aventra_ws/build/ika_navigation:/home/sukru/ika_teknofest_aventra_ws/install/ika_navigation/lib/python3.10/site-packages:/home/sukru/ika_teknofest_aventra_ws/install/ika_msgs/local/lib/python3.10/dist-packages:/home/sukru/ika_teknofest_aventra_ws/build/ika_mission_manager:/home/sukru/ika_teknofest_aventra_ws/install/ika_mission_manager/lib/python3.10/site-packages:/home/sukru/ika_teknofest_aventra_ws/build/ika_localization:/home/sukru/ika_teknofest_aventra_ws/install/ika_localization/lib/python3.10/site-packages:/home/sukru/ika_teknofest_aventra_ws/build/ika_hardware:/home/sukru/ika_teknofest_aventra_ws/install/ika_hardware/lib/python3.10/site-packages:/home/sukru/ika_teknofest_aventra_ws/build/ika_data_logger:/home/sukru/ika_teknofest_aventra_ws/install/ika_data_logger/lib/python3.10/site-packages:/home/sukru/ika_teknofest_aventra_ws/build/ika_behaviors:/home/sukru/ika_teknofest_aventra_ws/install/ika_behaviors/lib/python3.10/site-packages:/home/sukru/ai_autonomi_ws/install/ika_autonomi/lib/python3.10/site-packages:/home/sukru/Desktop/otonom_atis/build/python_pkg:/home/sukru/Desktop/otonom_atis/install/python_pkg/lib/python3.10/site-packages:/home/sukru/ros_ws_vacuum_bot/install/vacuum_teleop/lib/python3.10/site-packages:/home/sukru/ros_ws_vacuum_bot/install/vacuum_sensors/lib/python3.10/site-packages:/home/sukru/ros_ws_vacuum_bot/install/vacuum_navigation/lib/python3.10/site-packages:/home/sukru/ros_ws_vacuum_bot/install/vacuum_msgs/lib/python3.10/site-packages:/home/sukru/ros_ws_vacuum_bot/install/vacuum_mapping/lib/python3.10/site-packages:/home/sukru/ros_ws_vacuum_bot/install/vacuum_description/lib/python3.10/site-packages:/home/sukru/ros_ws_vacuum_bot/install/vacuum_control/lib/python3.10/site-packages:/home/sukru/ros_ws_vacuum_bot/install/vacuum_bringup/lib/python3.10/site-packages:/home/sukru/ros_ws_demo/install/python_pkg/lib/python3.10/site-packages:/opt/ros/humble/lib/python3.10/site-packages:/opt/ros/humble/local/lib/python3.10/dist-packages /usr/bin/cmake --install /home/sukru/ika_teknofest_aventra_ws/build/ika_bringup
[6.667s] Level 1:colcon.colcon_core.environment:checking '/home/sukru/ika_teknofest_aventra_ws/install/ika_bringup/bin'
[6.667s] Level 1:colcon.colcon_core.environment:checking '/home/sukru/ika_teknofest_aventra_ws/install/ika_bringup/lib/pkgconfig/ika_bringup.pc'
[6.667s] Level 1:colcon.colcon_core.environment:checking '/home/sukru/ika_teknofest_aventra_ws/install/ika_bringup/lib/python3.10/site-packages'
[6.667s] Level 1:colcon.colcon_core.environment:checking '/home/sukru/ika_teknofest_aventra_ws/install/ika_bringup/bin'
[6.668s] INFO:colcon.colcon_core.shell:Creating package script '/home/sukru/ika_teknofest_aventra_ws/install/ika_bringup/share/ika_bringup/package.ps1'
[6.668s] INFO:colcon.colcon_core.shell:Creating package descriptor '/home/sukru/ika_teknofest_aventra_ws/install/ika_bringup/share/ika_bringup/package.dsv'
[6.668s] INFO:colcon.colcon_core.shell:Creating package script '/home/sukru/ika_teknofest_aventra_ws/install/ika_bringup/share/ika_bringup/package.sh'
[6.668s] INFO:colcon.colcon_core.shell:Creating package script '/home/sukru/ika_teknofest_aventra_ws/install/ika_bringup/share/ika_bringup/package.bash'
[6.668s] INFO:colcon.colcon_core.shell:Creating package script '/home/sukru/ika_teknofest_aventra_ws/install/ika_bringup/share/ika_bringup/package.zsh'
[6.669s] Level 1:colcon.colcon_core.environment:create_file_with_runtime_dependencies(/home/sukru/ika_teknofest_aventra_ws/install/ika_bringup/share/colcon-core/packages/ika_bringup)
[6.669s] Level 1:colcon.colcon_core.environment:create_environment_scripts_only(ika_bringup)
[6.669s] Level 1:colcon.colcon_core.environment:checking '/home/sukru/ika_teknofest_aventra_ws/install/ika_bringup' for CMake module files
[6.669s] Level 1:colcon.colcon_core.environment:checking '/home/sukru/ika_teknofest_aventra_ws/install/ika_bringup' for CMake config files
[6.669s] Level 1:colcon.colcon_core.shell:create_environment_hook('ika_bringup', 'cmake_prefix_path')
[6.669s] INFO:colcon.colcon_core.shell:Creating environment hook '/home/sukru/ika_teknofest_aventra_ws/install/ika_bringup/share/ika_bringup/hook/cmake_prefix_path.ps1'
[6.670s] INFO:colcon.colcon_core.shell:Creating environment descriptor '/home/sukru/ika_teknofest_aventra_ws/install/ika_bringup/share/ika_bringup/hook/cmake_prefix_path.dsv'
[6.670s] INFO:colcon.colcon_core.shell:Creating environment hook '/home/sukru/ika_teknofest_aventra_ws/install/ika_bringup/share/ika_bringup/hook/cmake_prefix_path.sh'
[6.670s] Level 1:colcon.colcon_core.environment:checking '/home/sukru/ika_teknofest_aventra_ws/install/ika_bringup/bin'
[6.670s] Level 1:colcon.colcon_core.environment:checking '/home/sukru/ika_teknofest_aventra_ws/install/ika_bringup/lib/pkgconfig/ika_bringup.pc'
[6.670s] Level 1:colcon.colcon_core.environment:checking '/home/sukru/ika_teknofest_aventra_ws/install/ika_bringup/lib/python3.10/site-packages'
[6.670s] Level 1:colcon.colcon_core.environment:checking '/home/sukru/ika_teknofest_aventra_ws/install/ika_bringup/bin'
[6.670s] INFO:colcon.colcon_core.shell:Creating package script '/home/sukru/ika_teknofest_aventra_ws/install/ika_bringup/share/ika_bringup/package.ps1'
[6.671s] INFO:colcon.colcon_core.shell:Creating package descriptor '/home/sukru/ika_teknofest_aventra_ws/install/ika_bringup/share/ika_bringup/package.dsv'
[6.671s] INFO:colcon.colcon_core.shell:Creating package script '/home/sukru/ika_teknofest_aventra_ws/install/ika_bringup/share/ika_bringup/package.sh'
[6.671s] INFO:colcon.colcon_core.shell:Creating package script '/home/sukru/ika_teknofest_aventra_ws/install/ika_bringup/share/ika_bringup/package.bash'
[6.671s] INFO:colcon.colcon_core.shell:Creating package script '/home/sukru/ika_teknofest_aventra_ws/install/ika_bringup/share/ika_bringup/package.zsh'
[6.672s] Level 1:colcon.colcon_core.environment:create_file_with_runtime_dependencies(/home/sukru/ika_teknofest_aventra_ws/install/ika_bringup/share/colcon-core/packages/ika_bringup)
[6.672s] DEBUG:colcon.colcon_parallel_executor.executor.parallel:closing loop
[6.672s] DEBUG:colcon.colcon_parallel_executor.executor.parallel:loop closed
[6.672s] DEBUG:colcon.colcon_parallel_executor.executor.parallel:run_until_complete finished with '0'
[6.672s] DEBUG:colcon.colcon_core.event_reactor:joining thread
[6.676s] INFO:colcon.colcon_core.plugin_system:Skipping extension 'colcon_notification.desktop_notification.terminal_notifier': Not used on non-Darwin systems
[6.676s] INFO:colcon.colcon_core.plugin_system:Skipping extension 'colcon_notification.desktop_notification.win32': Not used on non-Windows systems
[6.676s] INFO:colcon.colcon_notification.desktop_notification:Sending desktop notification using 'notify2'
[6.684s] DEBUG:colcon.colcon_core.event_reactor:joined thread
[6.684s] INFO:colcon.colcon_core.shell:Creating prefix script '/home/sukru/ika_teknofest_aventra_ws/install/local_setup.ps1'
[6.684s] INFO:colcon.colcon_core.shell:Creating prefix util module '/home/sukru/ika_teknofest_aventra_ws/install/_local_setup_util_ps1.py'
[6.685s] INFO:colcon.colcon_core.shell:Creating prefix chain script '/home/sukru/ika_teknofest_aventra_ws/install/setup.ps1'
[6.686s] INFO:colcon.colcon_core.shell:Creating prefix script '/home/sukru/ika_teknofest_aventra_ws/install/local_setup.sh'
[6.687s] INFO:colcon.colcon_core.shell:Creating prefix util module '/home/sukru/ika_teknofest_aventra_ws/install/_local_setup_util_sh.py'
[6.687s] INFO:colcon.colcon_core.shell:Creating prefix chain script '/home/sukru/ika_teknofest_aventra_ws/install/setup.sh'
[6.688s] INFO:colcon.colcon_core.shell:Creating prefix script '/home/sukru/ika_teknofest_aventra_ws/install/local_setup.bash'
[6.688s] INFO:colcon.colcon_core.shell:Creating prefix chain script '/home/sukru/ika_teknofest_aventra_ws/install/setup.bash'
[6.689s] INFO:colcon.colcon_core.shell:Creating prefix script '/home/sukru/ika_teknofest_aventra_ws/install/local_setup.zsh'
[6.689s] INFO:colcon.colcon_core.shell:Creating prefix chain script '/home/sukru/ika_teknofest_aventra_ws/install/setup.zsh'
