[0.074s] DEBUG:colcon:Command line arguments: ['/usr/bin/colcon', 'build', '--symlink-install']
[0.074s] DEBUG:colcon:Parsed command line arguments: Namespace(log_base=None, log_level=None, verb_name='build', build_base='build', install_base='install', merge_install=False, symlink_install=True, test_result_base=None, continue_on_error=False, executor='parallel', parallel_workers=7, event_handlers=None, ignore_user_meta=False, metas=['./colcon.meta'], base_paths=['.'], packages_ignore=None, packages_ignore_regex=None, paths=None, packages_up_to=None, packages_up_to_regex=None, packages_above=None, packages_above_and_dependencies=None, packages_above_depth=None, packages_select_by_dep=None, packages_skip_by_dep=None, packages_skip_up_to=None, packages_select_build_failed=False, packages_skip_build_finished=False, packages_select_test_failures=False, packages_skip_test_passed=False, packages_select=None, packages_skip=None, packages_select_regex=None, packages_skip_regex=None, packages_start=None, packages_end=None, allow_overriding=[], cmake_args=None, cmake_target=None, cmake_target_skip_unavailable=False, cmake_clean_cache=False, cmake_clean_first=False, cmake_force_configure=False, ament_cmake_args=None, catkin_cmake_args=None, catkin_skip_building_tests=False, verb_parser=<colcon_defaults.argument_parser.defaults.DefaultArgumentsDecorator object at 0x791b2df3d780>, verb_extension=<colcon_core.verb.build.BuildVerb object at 0x791b2e0ab640>, main=<bound method BuildVerb.main of <colcon_core.verb.build.BuildVerb object at 0x791b2e0ab640>>)
[0.193s] Level 1:colcon.colcon_core.package_discovery:discover_packages(colcon_meta) check parameters
[0.193s] Level 1:colcon.colcon_core.package_discovery:discover_packages(recursive) check parameters
[0.193s] Level 1:colcon.colcon_core.package_discovery:discover_packages(ignore) check parameters
[0.193s] Level 1:colcon.colcon_core.package_discovery:discover_packages(path) check parameters
[0.193s] Level 1:colcon.colcon_core.package_discovery:discover_packages(colcon_meta) discover
[0.193s] Level 1:colcon.colcon_core.package_discovery:discover_packages(recursive) discover
[0.193s] INFO:colcon.colcon_core.package_discovery:Crawling recursively for packages in '/home/yildiz/IKA_AVENTRA_WORKSPACE/ika_aventra'
[0.193s] Level 1:colcon.colcon_core.package_identification:_identify(.) by extensions ['ignore', 'ignore_ament_install']
[0.193s] Level 1:colcon.colcon_core.package_identification:_identify(.) by extension 'ignore'
[0.193s] Level 1:colcon.colcon_core.package_identification:_identify(.) by extension 'ignore_ament_install'
[0.194s] Level 1:colcon.colcon_core.package_identification:_identify(.) by extensions ['colcon_pkg']
[0.194s] Level 1:colcon.colcon_core.package_identification:_identify(.) by extension 'colcon_pkg'
[0.194s] Level 1:colcon.colcon_core.package_identification:_identify(.) by extensions ['colcon_meta']
[0.194s] Level 1:colcon.colcon_core.package_identification:_identify(.) by extension 'colcon_meta'
[0.194s] Level 1:colcon.colcon_core.package_identification:_identify(.) by extensions ['ros']
[0.194s] Level 1:colcon.colcon_core.package_identification:_identify(.) by extension 'ros'
[0.203s] Level 1:colcon.colcon_core.package_identification:_identify(.) by extensions ['cmake', 'python']
[0.203s] Level 1:colcon.colcon_core.package_identification:_identify(.) by extension 'cmake'
[0.203s] Level 1:colcon.colcon_core.package_identification:_identify(.) by extension 'python'
[0.203s] Level 1:colcon.colcon_core.package_identification:_identify(.) by extensions ['python_setup_py']
[0.203s] Level 1:colcon.colcon_core.package_identification:_identify(.) by extension 'python_setup_py'
[0.203s] Level 1:colcon.colcon_core.package_identification:_identify(build) by extensions ['ignore', 'ignore_ament_install']
[0.203s] Level 1:colcon.colcon_core.package_identification:_identify(build) by extension 'ignore'
[0.203s] Level 1:colcon.colcon_core.package_identification:_identify(build) ignored
[0.203s] Level 1:colcon.colcon_core.package_identification:_identify(install) by extensions ['ignore', 'ignore_ament_install']
[0.203s] Level 1:colcon.colcon_core.package_identification:_identify(install) by extension 'ignore'
[0.203s] Level 1:colcon.colcon_core.package_identification:_identify(install) ignored
[0.203s] Level 1:colcon.colcon_core.package_identification:_identify(log) by extensions ['ignore', 'ignore_ament_install']
[0.203s] Level 1:colcon.colcon_core.package_identification:_identify(log) by extension 'ignore'
[0.203s] Level 1:colcon.colcon_core.package_identification:_identify(log) ignored
[0.203s] Level 1:colcon.colcon_core.package_identification:_identify(src) by extensions ['ignore', 'ignore_ament_install']
[0.203s] Level 1:colcon.colcon_core.package_identification:_identify(src) by extension 'ignore'
[0.203s] Level 1:colcon.colcon_core.package_identification:_identify(src) by extension 'ignore_ament_install'
[0.203s] Level 1:colcon.colcon_core.package_identification:_identify(src) by extensions ['colcon_pkg']
[0.203s] Level 1:colcon.colcon_core.package_identification:_identify(src) by extension 'colcon_pkg'
[0.203s] Level 1:colcon.colcon_core.package_identification:_identify(src) by extensions ['colcon_meta']
[0.203s] Level 1:colcon.colcon_core.package_identification:_identify(src) by extension 'colcon_meta'
[0.203s] Level 1:colcon.colcon_core.package_identification:_identify(src) by extensions ['ros']
[0.204s] Level 1:colcon.colcon_core.package_identification:_identify(src) by extension 'ros'
[0.204s] Level 1:colcon.colcon_core.package_identification:_identify(src) by extensions ['cmake', 'python']
[0.204s] Level 1:colcon.colcon_core.package_identification:_identify(src) by extension 'cmake'
[0.204s] Level 1:colcon.colcon_core.package_identification:_identify(src) by extension 'python'
[0.204s] Level 1:colcon.colcon_core.package_identification:_identify(src) by extensions ['python_setup_py']
[0.204s] Level 1:colcon.colcon_core.package_identification:_identify(src) by extension 'python_setup_py'
[0.204s] Level 1:colcon.colcon_core.package_identification:_identify(src/ika_bringup) by extensions ['ignore', 'ignore_ament_install']
[0.204s] Level 1:colcon.colcon_core.package_identification:_identify(src/ika_bringup) by extension 'ignore'
[0.204s] Level 1:colcon.colcon_core.package_identification:_identify(src/ika_bringup) by extension 'ignore_ament_install'
[0.204s] Level 1:colcon.colcon_core.package_identification:_identify(src/ika_bringup) by extensions ['colcon_pkg']
[0.204s] Level 1:colcon.colcon_core.package_identification:_identify(src/ika_bringup) by extension 'colcon_pkg'
[0.204s] Level 1:colcon.colcon_core.package_identification:_identify(src/ika_bringup) by extensions ['colcon_meta']
[0.204s] Level 1:colcon.colcon_core.package_identification:_identify(src/ika_bringup) by extension 'colcon_meta'
[0.204s] Level 1:colcon.colcon_core.package_identification:_identify(src/ika_bringup) by extensions ['ros']
[0.204s] Level 1:colcon.colcon_core.package_identification:_identify(src/ika_bringup) by extension 'ros'
[0.206s] DEBUG:colcon.colcon_core.package_identification:Package 'src/ika_bringup' with type 'ros.ament_python' and name 'ika_bringup'
[0.206s] Level 1:colcon.colcon_core.package_identification:_identify(src/ika_control) by extensions ['ignore', 'ignore_ament_install']
[0.206s] Level 1:colcon.colcon_core.package_identification:_identify(src/ika_control) by extension 'ignore'
[0.206s] Level 1:colcon.colcon_core.package_identification:_identify(src/ika_control) by extension 'ignore_ament_install'
[0.206s] Level 1:colcon.colcon_core.package_identification:_identify(src/ika_control) by extensions ['colcon_pkg']
[0.206s] Level 1:colcon.colcon_core.package_identification:_identify(src/ika_control) by extension 'colcon_pkg'
[0.206s] Level 1:colcon.colcon_core.package_identification:_identify(src/ika_control) by extensions ['colcon_meta']
[0.206s] Level 1:colcon.colcon_core.package_identification:_identify(src/ika_control) by extension 'colcon_meta'
[0.206s] Level 1:colcon.colcon_core.package_identification:_identify(src/ika_control) by extensions ['ros']
[0.206s] Level 1:colcon.colcon_core.package_identification:_identify(src/ika_control) by extension 'ros'
[0.206s] DEBUG:colcon.colcon_core.package_identification:Package 'src/ika_control' with type 'ros.ament_python' and name 'ika_control'
[0.206s] Level 1:colcon.colcon_core.package_identification:_identify(src/ika_decision) by extensions ['ignore', 'ignore_ament_install']
[0.206s] Level 1:colcon.colcon_core.package_identification:_identify(src/ika_decision) by extension 'ignore'
[0.207s] Level 1:colcon.colcon_core.package_identification:_identify(src/ika_decision) by extension 'ignore_ament_install'
[0.207s] Level 1:colcon.colcon_core.package_identification:_identify(src/ika_decision) by extensions ['colcon_pkg']
[0.207s] Level 1:colcon.colcon_core.package_identification:_identify(src/ika_decision) by extension 'colcon_pkg'
[0.207s] Level 1:colcon.colcon_core.package_identification:_identify(src/ika_decision) by extensions ['colcon_meta']
[0.207s] Level 1:colcon.colcon_core.package_identification:_identify(src/ika_decision) by extension 'colcon_meta'
[0.207s] Level 1:colcon.colcon_core.package_identification:_identify(src/ika_decision) by extensions ['ros']
[0.207s] Level 1:colcon.colcon_core.package_identification:_identify(src/ika_decision) by extension 'ros'
[0.207s] DEBUG:colcon.colcon_core.package_identification:Package 'src/ika_decision' with type 'ros.ament_python' and name 'ika_decision'
[0.207s] Level 1:colcon.colcon_core.package_identification:_identify(src/ika_hardware) by extensions ['ignore', 'ignore_ament_install']
[0.207s] Level 1:colcon.colcon_core.package_identification:_identify(src/ika_hardware) by extension 'ignore'
[0.207s] Level 1:colcon.colcon_core.package_identification:_identify(src/ika_hardware) by extension 'ignore_ament_install'
[0.207s] Level 1:colcon.colcon_core.package_identification:_identify(src/ika_hardware) by extensions ['colcon_pkg']
[0.207s] Level 1:colcon.colcon_core.package_identification:_identify(src/ika_hardware) by extension 'colcon_pkg'
[0.207s] Level 1:colcon.colcon_core.package_identification:_identify(src/ika_hardware) by extensions ['colcon_meta']
[0.207s] Level 1:colcon.colcon_core.package_identification:_identify(src/ika_hardware) by extension 'colcon_meta'
[0.207s] Level 1:colcon.colcon_core.package_identification:_identify(src/ika_hardware) by extensions ['ros']
[0.207s] Level 1:colcon.colcon_core.package_identification:_identify(src/ika_hardware) by extension 'ros'
[0.207s] DEBUG:colcon.colcon_core.package_identification:Package 'src/ika_hardware' with type 'ros.ament_python' and name 'ika_hardware'
[0.207s] Level 1:colcon.colcon_core.package_identification:_identify(src/ika_interfaces) by extensions ['ignore', 'ignore_ament_install']
[0.208s] Level 1:colcon.colcon_core.package_identification:_identify(src/ika_interfaces) by extension 'ignore'
[0.208s] Level 1:colcon.colcon_core.package_identification:_identify(src/ika_interfaces) by extension 'ignore_ament_install'
[0.208s] Level 1:colcon.colcon_core.package_identification:_identify(src/ika_interfaces) by extensions ['colcon_pkg']
[0.208s] Level 1:colcon.colcon_core.package_identification:_identify(src/ika_interfaces) by extension 'colcon_pkg'
[0.208s] Level 1:colcon.colcon_core.package_identification:_identify(src/ika_interfaces) by extensions ['colcon_meta']
[0.208s] Level 1:colcon.colcon_core.package_identification:_identify(src/ika_interfaces) by extension 'colcon_meta'
[0.208s] Level 1:colcon.colcon_core.package_identification:_identify(src/ika_interfaces) by extensions ['ros']
[0.208s] Level 1:colcon.colcon_core.package_identification:_identify(src/ika_interfaces) by extension 'ros'
[0.208s] DEBUG:colcon.colcon_core.package_identification:Package 'src/ika_interfaces' with type 'ros.ament_cmake' and name 'ika_interfaces'
[0.209s] Level 1:colcon.colcon_core.package_identification:_identify(src/ika_navigation) by extensions ['ignore', 'ignore_ament_install']
[0.209s] Level 1:colcon.colcon_core.package_identification:_identify(src/ika_navigation) by extension 'ignore'
[0.209s] Level 1:colcon.colcon_core.package_identification:_identify(src/ika_navigation) by extension 'ignore_ament_install'
[0.209s] Level 1:colcon.colcon_core.package_identification:_identify(src/ika_navigation) by extensions ['colcon_pkg']
[0.209s] Level 1:colcon.colcon_core.package_identification:_identify(src/ika_navigation) by extension 'colcon_pkg'
[0.209s] Level 1:colcon.colcon_core.package_identification:_identify(src/ika_navigation) by extensions ['colcon_meta']
[0.209s] Level 1:colcon.colcon_core.package_identification:_identify(src/ika_navigation) by extension 'colcon_meta'
[0.209s] Level 1:colcon.colcon_core.package_identification:_identify(src/ika_navigation) by extensions ['ros']
[0.209s] Level 1:colcon.colcon_core.package_identification:_identify(src/ika_navigation) by extension 'ros'
[0.209s] DEBUG:colcon.colcon_core.package_identification:Package 'src/ika_navigation' with type 'ros.ament_python' and name 'ika_navigation'
[0.209s] Level 1:colcon.colcon_core.package_identification:_identify(src/ika_perception) by extensions ['ignore', 'ignore_ament_install']
[0.209s] Level 1:colcon.colcon_core.package_identification:_identify(src/ika_perception) by extension 'ignore'
[0.209s] Level 1:colcon.colcon_core.package_identification:_identify(src/ika_perception) by extension 'ignore_ament_install'
[0.209s] Level 1:colcon.colcon_core.package_identification:_identify(src/ika_perception) by extensions ['colcon_pkg']
[0.209s] Level 1:colcon.colcon_core.package_identification:_identify(src/ika_perception) by extension 'colcon_pkg'
[0.209s] Level 1:colcon.colcon_core.package_identification:_identify(src/ika_perception) by extensions ['colcon_meta']
[0.209s] Level 1:colcon.colcon_core.package_identification:_identify(src/ika_perception) by extension 'colcon_meta'
[0.209s] Level 1:colcon.colcon_core.package_identification:_identify(src/ika_perception) by extensions ['ros']
[0.209s] Level 1:colcon.colcon_core.package_identification:_identify(src/ika_perception) by extension 'ros'
[0.210s] DEBUG:colcon.colcon_core.package_identification:Package 'src/ika_perception' with type 'ros.ament_python' and name 'ika_perception'
[0.210s] Level 1:colcon.colcon_core.package_identification:_identify(src/ika_sensors) by extensions ['ignore', 'ignore_ament_install']
[0.210s] Level 1:colcon.colcon_core.package_identification:_identify(src/ika_sensors) by extension 'ignore'
[0.210s] Level 1:colcon.colcon_core.package_identification:_identify(src/ika_sensors) by extension 'ignore_ament_install'
[0.210s] Level 1:colcon.colcon_core.package_identification:_identify(src/ika_sensors) by extensions ['colcon_pkg']
[0.210s] Level 1:colcon.colcon_core.package_identification:_identify(src/ika_sensors) by extension 'colcon_pkg'
[0.210s] Level 1:colcon.colcon_core.package_identification:_identify(src/ika_sensors) by extensions ['colcon_meta']
[0.210s] Level 1:colcon.colcon_core.package_identification:_identify(src/ika_sensors) by extension 'colcon_meta'
[0.210s] Level 1:colcon.colcon_core.package_identification:_identify(src/ika_sensors) by extensions ['ros']
[0.210s] Level 1:colcon.colcon_core.package_identification:_identify(src/ika_sensors) by extension 'ros'
[0.210s] DEBUG:colcon.colcon_core.package_identification:Package 'src/ika_sensors' with type 'ros.ament_python' and name 'ika_sensors'
[0.210s] Level 1:colcon.colcon_core.package_identification:_identify(src/ika_teleop) by extensions ['ignore', 'ignore_ament_install']
[0.211s] Level 1:colcon.colcon_core.package_identification:_identify(src/ika_teleop) by extension 'ignore'
[0.211s] Level 1:colcon.colcon_core.package_identification:_identify(src/ika_teleop) by extension 'ignore_ament_install'
[0.211s] Level 1:colcon.colcon_core.package_identification:_identify(src/ika_teleop) by extensions ['colcon_pkg']
[0.211s] Level 1:colcon.colcon_core.package_identification:_identify(src/ika_teleop) by extension 'colcon_pkg'
[0.211s] Level 1:colcon.colcon_core.package_identification:_identify(src/ika_teleop) by extensions ['colcon_meta']
[0.211s] Level 1:colcon.colcon_core.package_identification:_identify(src/ika_teleop) by extension 'colcon_meta'
[0.211s] Level 1:colcon.colcon_core.package_identification:_identify(src/ika_teleop) by extensions ['ros']
[0.211s] Level 1:colcon.colcon_core.package_identification:_identify(src/ika_teleop) by extension 'ros'
[0.211s] DEBUG:colcon.colcon_core.package_identification:Package 'src/ika_teleop' with type 'ros.ament_python' and name 'ika_teleop'
[0.211s] Level 1:colcon.colcon_core.package_identification:_identify(src/ika_utils) by extensions ['ignore', 'ignore_ament_install']
[0.211s] Level 1:colcon.colcon_core.package_identification:_identify(src/ika_utils) by extension 'ignore'
[0.211s] Level 1:colcon.colcon_core.package_identification:_identify(src/ika_utils) by extension 'ignore_ament_install'
[0.211s] Level 1:colcon.colcon_core.package_identification:_identify(src/ika_utils) by extensions ['colcon_pkg']
[0.211s] Level 1:colcon.colcon_core.package_identification:_identify(src/ika_utils) by extension 'colcon_pkg'
[0.211s] Level 1:colcon.colcon_core.package_identification:_identify(src/ika_utils) by extensions ['colcon_meta']
[0.211s] Level 1:colcon.colcon_core.package_identification:_identify(src/ika_utils) by extension 'colcon_meta'
[0.211s] Level 1:colcon.colcon_core.package_identification:_identify(src/ika_utils) by extensions ['ros']
[0.211s] Level 1:colcon.colcon_core.package_identification:_identify(src/ika_utils) by extension 'ros'
[0.212s] DEBUG:colcon.colcon_core.package_identification:Package 'src/ika_utils' with type 'ros.ament_python' and name 'ika_utils'
[0.212s] Level 1:colcon.colcon_core.package_discovery:discover_packages(recursive) using defaults
[0.212s] Level 1:colcon.colcon_core.package_discovery:discover_packages(ignore) discover
[0.212s] Level 1:colcon.colcon_core.package_discovery:discover_packages(ignore) using defaults
[0.212s] Level 1:colcon.colcon_core.package_discovery:discover_packages(path) discover
[0.212s] Level 1:colcon.colcon_core.package_discovery:discover_packages(path) using defaults
[0.238s] Level 1:colcon.colcon_core.package_discovery:discover_packages(prefix_path) check parameters
[0.238s] Level 1:colcon.colcon_core.package_discovery:discover_packages(prefix_path) discover
[0.239s] DEBUG:colcon.colcon_installed_package_information.package_discovery:Found 2 installed packages in /home/yildiz/ros2_ws/install
[0.241s] DEBUG:colcon.colcon_installed_package_information.package_discovery:Found 443 installed packages in /opt/ros/humble
[0.242s] Level 1:colcon.colcon_core.package_discovery:discover_packages(prefix_path) using defaults
[0.283s] Level 5:colcon.colcon_core.verb:set package 'ika_bringup' build argument 'cmake_args' from command line to 'None'
[0.283s] Level 5:colcon.colcon_core.verb:set package 'ika_bringup' build argument 'cmake_target' from command line to 'None'
[0.283s] Level 5:colcon.colcon_core.verb:set package 'ika_bringup' build argument 'cmake_target_skip_unavailable' from command line to 'False'
[0.283s] Level 5:colcon.colcon_core.verb:set package 'ika_bringup' build argument 'cmake_clean_cache' from command line to 'False'
[0.283s] Level 5:colcon.colcon_core.verb:set package 'ika_bringup' build argument 'cmake_clean_first' from command line to 'False'
[0.283s] Level 5:colcon.colcon_core.verb:set package 'ika_bringup' build argument 'cmake_force_configure' from command line to 'False'
[0.283s] Level 5:colcon.colcon_core.verb:set package 'ika_bringup' build argument 'ament_cmake_args' from command line to 'None'
[0.283s] Level 5:colcon.colcon_core.verb:set package 'ika_bringup' build argument 'catkin_cmake_args' from command line to 'None'
[0.283s] Level 5:colcon.colcon_core.verb:set package 'ika_bringup' build argument 'catkin_skip_building_tests' from command line to 'False'
[0.283s] DEBUG:colcon.colcon_core.verb:Building package 'ika_bringup' with the following arguments: {'ament_cmake_args': None, 'build_base': '/home/yildiz/IKA_AVENTRA_WORKSPACE/ika_aventra/build/ika_bringup', 'catkin_cmake_args': None, 'catkin_skip_building_tests': False, 'cmake_args': None, 'cmake_clean_cache': False, 'cmake_clean_first': False, 'cmake_force_configure': False, 'cmake_target': None, 'cmake_target_skip_unavailable': False, 'install_base': '/home/yildiz/IKA_AVENTRA_WORKSPACE/ika_aventra/install/ika_bringup', 'merge_install': False, 'path': '/home/yildiz/IKA_AVENTRA_WORKSPACE/ika_aventra/src/ika_bringup', 'symlink_install': True, 'test_result_base': None}
[0.283s] Level 5:colcon.colcon_core.verb:set package 'ika_control' build argument 'cmake_args' from command line to 'None'
[0.283s] Level 5:colcon.colcon_core.verb:set package 'ika_control' build argument 'cmake_target' from command line to 'None'
[0.283s] Level 5:colcon.colcon_core.verb:set package 'ika_control' build argument 'cmake_target_skip_unavailable' from command line to 'False'
[0.283s] Level 5:colcon.colcon_core.verb:set package 'ika_control' build argument 'cmake_clean_cache' from command line to 'False'
[0.283s] Level 5:colcon.colcon_core.verb:set package 'ika_control' build argument 'cmake_clean_first' from command line to 'False'
[0.283s] Level 5:colcon.colcon_core.verb:set package 'ika_control' build argument 'cmake_force_configure' from command line to 'False'
[0.283s] Level 5:colcon.colcon_core.verb:set package 'ika_control' build argument 'ament_cmake_args' from command line to 'None'
[0.283s] Level 5:colcon.colcon_core.verb:set package 'ika_control' build argument 'catkin_cmake_args' from command line to 'None'
[0.283s] Level 5:colcon.colcon_core.verb:set package 'ika_control' build argument 'catkin_skip_building_tests' from command line to 'False'
[0.284s] DEBUG:colcon.colcon_core.verb:Building package 'ika_control' with the following arguments: {'ament_cmake_args': None, 'build_base': '/home/yildiz/IKA_AVENTRA_WORKSPACE/ika_aventra/build/ika_control', 'catkin_cmake_args': None, 'catkin_skip_building_tests': False, 'cmake_args': None, 'cmake_clean_cache': False, 'cmake_clean_first': False, 'cmake_force_configure': False, 'cmake_target': None, 'cmake_target_skip_unavailable': False, 'install_base': '/home/yildiz/IKA_AVENTRA_WORKSPACE/ika_aventra/install/ika_control', 'merge_install': False, 'path': '/home/yildiz/IKA_AVENTRA_WORKSPACE/ika_aventra/src/ika_control', 'symlink_install': True, 'test_result_base': None}
[0.284s] Level 5:colcon.colcon_core.verb:set package 'ika_decision' build argument 'cmake_args' from command line to 'None'
[0.284s] Level 5:colcon.colcon_core.verb:set package 'ika_decision' build argument 'cmake_target' from command line to 'None'
[0.284s] Level 5:colcon.colcon_core.verb:set package 'ika_decision' build argument 'cmake_target_skip_unavailable' from command line to 'False'
[0.284s] Level 5:colcon.colcon_core.verb:set package 'ika_decision' build argument 'cmake_clean_cache' from command line to 'False'
[0.284s] Level 5:colcon.colcon_core.verb:set package 'ika_decision' build argument 'cmake_clean_first' from command line to 'False'
[0.284s] Level 5:colcon.colcon_core.verb:set package 'ika_decision' build argument 'cmake_force_configure' from command line to 'False'
[0.284s] Level 5:colcon.colcon_core.verb:set package 'ika_decision' build argument 'ament_cmake_args' from command line to 'None'
[0.284s] Level 5:colcon.colcon_core.verb:set package 'ika_decision' build argument 'catkin_cmake_args' from command line to 'None'
[0.284s] Level 5:colcon.colcon_core.verb:set package 'ika_decision' build argument 'catkin_skip_building_tests' from command line to 'False'
[0.284s] DEBUG:colcon.colcon_core.verb:Building package 'ika_decision' with the following arguments: {'ament_cmake_args': None, 'build_base': '/home/yildiz/IKA_AVENTRA_WORKSPACE/ika_aventra/build/ika_decision', 'catkin_cmake_args': None, 'catkin_skip_building_tests': False, 'cmake_args': None, 'cmake_clean_cache': False, 'cmake_clean_first': False, 'cmake_force_configure': False, 'cmake_target': None, 'cmake_target_skip_unavailable': False, 'install_base': '/home/yildiz/IKA_AVENTRA_WORKSPACE/ika_aventra/install/ika_decision', 'merge_install': False, 'path': '/home/yildiz/IKA_AVENTRA_WORKSPACE/ika_aventra/src/ika_decision', 'symlink_install': True, 'test_result_base': None}
[0.284s] Level 5:colcon.colcon_core.verb:set package 'ika_hardware' build argument 'cmake_args' from command line to 'None'
[0.284s] Level 5:colcon.colcon_core.verb:set package 'ika_hardware' build argument 'cmake_target' from command line to 'None'
[0.284s] Level 5:colcon.colcon_core.verb:set package 'ika_hardware' build argument 'cmake_target_skip_unavailable' from command line to 'False'
[0.285s] Level 5:colcon.colcon_core.verb:set package 'ika_hardware' build argument 'cmake_clean_cache' from command line to 'False'
[0.285s] Level 5:colcon.colcon_core.verb:set package 'ika_hardware' build argument 'cmake_clean_first' from command line to 'False'
[0.285s] Level 5:colcon.colcon_core.verb:set package 'ika_hardware' build argument 'cmake_force_configure' from command line to 'False'
[0.285s] Level 5:colcon.colcon_core.verb:set package 'ika_hardware' build argument 'ament_cmake_args' from command line to 'None'
[0.285s] Level 5:colcon.colcon_core.verb:set package 'ika_hardware' build argument 'catkin_cmake_args' from command line to 'None'
[0.285s] Level 5:colcon.colcon_core.verb:set package 'ika_hardware' build argument 'catkin_skip_building_tests' from command line to 'False'
[0.285s] DEBUG:colcon.colcon_core.verb:Building package 'ika_hardware' with the following arguments: {'ament_cmake_args': None, 'build_base': '/home/yildiz/IKA_AVENTRA_WORKSPACE/ika_aventra/build/ika_hardware', 'catkin_cmake_args': None, 'catkin_skip_building_tests': False, 'cmake_args': None, 'cmake_clean_cache': False, 'cmake_clean_first': False, 'cmake_force_configure': False, 'cmake_target': None, 'cmake_target_skip_unavailable': False, 'install_base': '/home/yildiz/IKA_AVENTRA_WORKSPACE/ika_aventra/install/ika_hardware', 'merge_install': False, 'path': '/home/yildiz/IKA_AVENTRA_WORKSPACE/ika_aventra/src/ika_hardware', 'symlink_install': True, 'test_result_base': None}
[0.285s] Level 5:colcon.colcon_core.verb:set package 'ika_interfaces' build argument 'cmake_args' from command line to 'None'
[0.285s] Level 5:colcon.colcon_core.verb:set package 'ika_interfaces' build argument 'cmake_target' from command line to 'None'
[0.285s] Level 5:colcon.colcon_core.verb:set package 'ika_interfaces' build argument 'cmake_target_skip_unavailable' from command line to 'False'
[0.285s] Level 5:colcon.colcon_core.verb:set package 'ika_interfaces' build argument 'cmake_clean_cache' from command line to 'False'
[0.285s] Level 5:colcon.colcon_core.verb:set package 'ika_interfaces' build argument 'cmake_clean_first' from command line to 'False'
[0.285s] Level 5:colcon.colcon_core.verb:set package 'ika_interfaces' build argument 'cmake_force_configure' from command line to 'False'
[0.285s] Level 5:colcon.colcon_core.verb:set package 'ika_interfaces' build argument 'ament_cmake_args' from command line to 'None'
[0.285s] Level 5:colcon.colcon_core.verb:set package 'ika_interfaces' build argument 'catkin_cmake_args' from command line to 'None'
[0.285s] Level 5:colcon.colcon_core.verb:set package 'ika_interfaces' build argument 'catkin_skip_building_tests' from command line to 'False'
[0.285s] DEBUG:colcon.colcon_core.verb:Building package 'ika_interfaces' with the following arguments: {'ament_cmake_args': None, 'build_base': '/home/yildiz/IKA_AVENTRA_WORKSPACE/ika_aventra/build/ika_interfaces', 'catkin_cmake_args': None, 'catkin_skip_building_tests': False, 'cmake_args': None, 'cmake_clean_cache': False, 'cmake_clean_first': False, 'cmake_force_configure': False, 'cmake_target': None, 'cmake_target_skip_unavailable': False, 'install_base': '/home/yildiz/IKA_AVENTRA_WORKSPACE/ika_aventra/install/ika_interfaces', 'merge_install': False, 'path': '/home/yildiz/IKA_AVENTRA_WORKSPACE/ika_aventra/src/ika_interfaces', 'symlink_install': True, 'test_result_base': None}
[0.285s] Level 5:colcon.colcon_core.verb:set package 'ika_navigation' build argument 'cmake_args' from command line to 'None'
[0.285s] Level 5:colcon.colcon_core.verb:set package 'ika_navigation' build argument 'cmake_target' from command line to 'None'
[0.285s] Level 5:colcon.colcon_core.verb:set package 'ika_navigation' build argument 'cmake_target_skip_unavailable' from command line to 'False'
[0.285s] Level 5:colcon.colcon_core.verb:set package 'ika_navigation' build argument 'cmake_clean_cache' from command line to 'False'
[0.285s] Level 5:colcon.colcon_core.verb:set package 'ika_navigation' build argument 'cmake_clean_first' from command line to 'False'
[0.285s] Level 5:colcon.colcon_core.verb:set package 'ika_navigation' build argument 'cmake_force_configure' from command line to 'False'
[0.285s] Level 5:colcon.colcon_core.verb:set package 'ika_navigation' build argument 'ament_cmake_args' from command line to 'None'
[0.285s] Level 5:colcon.colcon_core.verb:set package 'ika_navigation' build argument 'catkin_cmake_args' from command line to 'None'
[0.285s] Level 5:colcon.colcon_core.verb:set package 'ika_navigation' build argument 'catkin_skip_building_tests' from command line to 'False'
[0.285s] DEBUG:colcon.colcon_core.verb:Building package 'ika_navigation' with the following arguments: {'ament_cmake_args': None, 'build_base': '/home/yildiz/IKA_AVENTRA_WORKSPACE/ika_aventra/build/ika_navigation', 'catkin_cmake_args': None, 'catkin_skip_building_tests': False, 'cmake_args': None, 'cmake_clean_cache': False, 'cmake_clean_first': False, 'cmake_force_configure': False, 'cmake_target': None, 'cmake_target_skip_unavailable': False, 'install_base': '/home/yildiz/IKA_AVENTRA_WORKSPACE/ika_aventra/install/ika_navigation', 'merge_install': False, 'path': '/home/yildiz/IKA_AVENTRA_WORKSPACE/ika_aventra/src/ika_navigation', 'symlink_install': True, 'test_result_base': None}
[0.286s] Level 5:colcon.colcon_core.verb:set package 'ika_perception' build argument 'cmake_args' from command line to 'None'
[0.286s] Level 5:colcon.colcon_core.verb:set package 'ika_perception' build argument 'cmake_target' from command line to 'None'
[0.286s] Level 5:colcon.colcon_core.verb:set package 'ika_perception' build argument 'cmake_target_skip_unavailable' from command line to 'False'
[0.286s] Level 5:colcon.colcon_core.verb:set package 'ika_perception' build argument 'cmake_clean_cache' from command line to 'False'
[0.286s] Level 5:colcon.colcon_core.verb:set package 'ika_perception' build argument 'cmake_clean_first' from command line to 'False'
[0.286s] Level 5:colcon.colcon_core.verb:set package 'ika_perception' build argument 'cmake_force_configure' from command line to 'False'
[0.286s] Level 5:colcon.colcon_core.verb:set package 'ika_perception' build argument 'ament_cmake_args' from command line to 'None'
[0.286s] Level 5:colcon.colcon_core.verb:set package 'ika_perception' build argument 'catkin_cmake_args' from command line to 'None'
[0.286s] Level 5:colcon.colcon_core.verb:set package 'ika_perception' build argument 'catkin_skip_building_tests' from command line to 'False'
[0.286s] DEBUG:colcon.colcon_core.verb:Building package 'ika_perception' with the following arguments: {'ament_cmake_args': None, 'build_base': '/home/yildiz/IKA_AVENTRA_WORKSPACE/ika_aventra/build/ika_perception', 'catkin_cmake_args': None, 'catkin_skip_building_tests': False, 'cmake_args': None, 'cmake_clean_cache': False, 'cmake_clean_first': False, 'cmake_force_configure': False, 'cmake_target': None, 'cmake_target_skip_unavailable': False, 'install_base': '/home/yildiz/IKA_AVENTRA_WORKSPACE/ika_aventra/install/ika_perception', 'merge_install': False, 'path': '/home/yildiz/IKA_AVENTRA_WORKSPACE/ika_aventra/src/ika_perception', 'symlink_install': True, 'test_result_base': None}
[0.286s] Level 5:colcon.colcon_core.verb:set package 'ika_sensors' build argument 'cmake_args' from command line to 'None'
[0.286s] Level 5:colcon.colcon_core.verb:set package 'ika_sensors' build argument 'cmake_target' from command line to 'None'
[0.286s] Level 5:colcon.colcon_core.verb:set package 'ika_sensors' build argument 'cmake_target_skip_unavailable' from command line to 'False'
[0.286s] Level 5:colcon.colcon_core.verb:set package 'ika_sensors' build argument 'cmake_clean_cache' from command line to 'False'
[0.286s] Level 5:colcon.colcon_core.verb:set package 'ika_sensors' build argument 'cmake_clean_first' from command line to 'False'
[0.286s] Level 5:colcon.colcon_core.verb:set package 'ika_sensors' build argument 'cmake_force_configure' from command line to 'False'
[0.286s] Level 5:colcon.colcon_core.verb:set package 'ika_sensors' build argument 'ament_cmake_args' from command line to 'None'
[0.286s] Level 5:colcon.colcon_core.verb:set package 'ika_sensors' build argument 'catkin_cmake_args' from command line to 'None'
[0.286s] Level 5:colcon.colcon_core.verb:set package 'ika_sensors' build argument 'catkin_skip_building_tests' from command line to 'False'
[0.286s] DEBUG:colcon.colcon_core.verb:Building package 'ika_sensors' with the following arguments: {'ament_cmake_args': None, 'build_base': '/home/yildiz/IKA_AVENTRA_WORKSPACE/ika_aventra/build/ika_sensors', 'catkin_cmake_args': None, 'catkin_skip_building_tests': False, 'cmake_args': None, 'cmake_clean_cache': False, 'cmake_clean_first': False, 'cmake_force_configure': False, 'cmake_target': None, 'cmake_target_skip_unavailable': False, 'install_base': '/home/yildiz/IKA_AVENTRA_WORKSPACE/ika_aventra/install/ika_sensors', 'merge_install': False, 'path': '/home/yildiz/IKA_AVENTRA_WORKSPACE/ika_aventra/src/ika_sensors', 'symlink_install': True, 'test_result_base': None}
[0.287s] Level 5:colcon.colcon_core.verb:set package 'ika_teleop' build argument 'cmake_args' from command line to 'None'
[0.287s] Level 5:colcon.colcon_core.verb:set package 'ika_teleop' build argument 'cmake_target' from command line to 'None'
[0.287s] Level 5:colcon.colcon_core.verb:set package 'ika_teleop' build argument 'cmake_target_skip_unavailable' from command line to 'False'
[0.287s] Level 5:colcon.colcon_core.verb:set package 'ika_teleop' build argument 'cmake_clean_cache' from command line to 'False'
[0.287s] Level 5:colcon.colcon_core.verb:set package 'ika_teleop' build argument 'cmake_clean_first' from command line to 'False'
[0.287s] Level 5:colcon.colcon_core.verb:set package 'ika_teleop' build argument 'cmake_force_configure' from command line to 'False'
[0.287s] Level 5:colcon.colcon_core.verb:set package 'ika_teleop' build argument 'ament_cmake_args' from command line to 'None'
[0.287s] Level 5:colcon.colcon_core.verb:set package 'ika_teleop' build argument 'catkin_cmake_args' from command line to 'None'
[0.287s] Level 5:colcon.colcon_core.verb:set package 'ika_teleop' build argument 'catkin_skip_building_tests' from command line to 'False'
[0.287s] DEBUG:colcon.colcon_core.verb:Building package 'ika_teleop' with the following arguments: {'ament_cmake_args': None, 'build_base': '/home/yildiz/IKA_AVENTRA_WORKSPACE/ika_aventra/build/ika_teleop', 'catkin_cmake_args': None, 'catkin_skip_building_tests': False, 'cmake_args': None, 'cmake_clean_cache': False, 'cmake_clean_first': False, 'cmake_force_configure': False, 'cmake_target': None, 'cmake_target_skip_unavailable': False, 'install_base': '/home/yildiz/IKA_AVENTRA_WORKSPACE/ika_aventra/install/ika_teleop', 'merge_install': False, 'path': '/home/yildiz/IKA_AVENTRA_WORKSPACE/ika_aventra/src/ika_teleop', 'symlink_install': True, 'test_result_base': None}
[0.288s] Level 5:colcon.colcon_core.verb:set package 'ika_utils' build argument 'cmake_args' from command line to 'None'
[0.288s] Level 5:colcon.colcon_core.verb:set package 'ika_utils' build argument 'cmake_target' from command line to 'None'
[0.288s] Level 5:colcon.colcon_core.verb:set package 'ika_utils' build argument 'cmake_target_skip_unavailable' from command line to 'False'
[0.288s] Level 5:colcon.colcon_core.verb:set package 'ika_utils' build argument 'cmake_clean_cache' from command line to 'False'
[0.288s] Level 5:colcon.colcon_core.verb:set package 'ika_utils' build argument 'cmake_clean_first' from command line to 'False'
[0.288s] Level 5:colcon.colcon_core.verb:set package 'ika_utils' build argument 'cmake_force_configure' from command line to 'False'
[0.288s] Level 5:colcon.colcon_core.verb:set package 'ika_utils' build argument 'ament_cmake_args' from command line to 'None'
[0.288s] Level 5:colcon.colcon_core.verb:set package 'ika_utils' build argument 'catkin_cmake_args' from command line to 'None'
[0.288s] Level 5:colcon.colcon_core.verb:set package 'ika_utils' build argument 'catkin_skip_building_tests' from command line to 'False'
[0.288s] DEBUG:colcon.colcon_core.verb:Building package 'ika_utils' with the following arguments: {'ament_cmake_args': None, 'build_base': '/home/yildiz/IKA_AVENTRA_WORKSPACE/ika_aventra/build/ika_utils', 'catkin_cmake_args': None, 'catkin_skip_building_tests': False, 'cmake_args': None, 'cmake_clean_cache': False, 'cmake_clean_first': False, 'cmake_force_configure': False, 'cmake_target': None, 'cmake_target_skip_unavailable': False, 'install_base': '/home/yildiz/IKA_AVENTRA_WORKSPACE/ika_aventra/install/ika_utils', 'merge_install': False, 'path': '/home/yildiz/IKA_AVENTRA_WORKSPACE/ika_aventra/src/ika_utils', 'symlink_install': True, 'test_result_base': None}
[0.288s] INFO:colcon.colcon_core.executor:Executing jobs using 'parallel' executor
[0.289s] DEBUG:colcon.colcon_parallel_executor.executor.parallel:run_until_complete
[0.290s] INFO:colcon.colcon_ros.task.ament_python.build:Building ROS package in '/home/yildiz/IKA_AVENTRA_WORKSPACE/ika_aventra/src/ika_bringup' with build type 'ament_python'
[0.290s] Level 1:colcon.colcon_core.shell:create_environment_hook('ika_bringup', 'ament_prefix_path')
[0.293s] INFO:colcon.colcon_core.plugin_system:Skipping extension 'colcon_core.shell.bat': Not used on non-Windows systems
[0.293s] INFO:colcon.colcon_core.shell:Creating environment hook '/home/yildiz/IKA_AVENTRA_WORKSPACE/ika_aventra/install/ika_bringup/share/ika_bringup/hook/ament_prefix_path.ps1'
[0.294s] INFO:colcon.colcon_core.shell:Creating environment descriptor '/home/yildiz/IKA_AVENTRA_WORKSPACE/ika_aventra/install/ika_bringup/share/ika_bringup/hook/ament_prefix_path.dsv'
[0.295s] INFO:colcon.colcon_core.shell:Creating environment hook '/home/yildiz/IKA_AVENTRA_WORKSPACE/ika_aventra/install/ika_bringup/share/ika_bringup/hook/ament_prefix_path.sh'
[0.295s] INFO:colcon.colcon_core.shell:Skip shell extension 'powershell' for command environment: Not usable outside of PowerShell
[0.295s] DEBUG:colcon.colcon_core.shell:Skip shell extension 'dsv' for command environment
[0.298s] INFO:colcon.colcon_ros.task.ament_python.build:Building ROS package in '/home/yildiz/IKA_AVENTRA_WORKSPACE/ika_aventra/src/ika_control' with build type 'ament_python'
[0.299s] Level 1:colcon.colcon_core.shell:create_environment_hook('ika_control', 'ament_prefix_path')
[0.299s] INFO:colcon.colcon_core.shell:Creating environment hook '/home/yildiz/IKA_AVENTRA_WORKSPACE/ika_aventra/install/ika_control/share/ika_control/hook/ament_prefix_path.ps1'
[0.300s] INFO:colcon.colcon_core.shell:Creating environment descriptor '/home/yildiz/IKA_AVENTRA_WORKSPACE/ika_aventra/install/ika_control/share/ika_control/hook/ament_prefix_path.dsv'
[0.300s] INFO:colcon.colcon_core.shell:Creating environment hook '/home/yildiz/IKA_AVENTRA_WORKSPACE/ika_aventra/install/ika_control/share/ika_control/hook/ament_prefix_path.sh'
[0.301s] INFO:colcon.colcon_core.shell:Skip shell extension 'powershell' for command environment: Not usable outside of PowerShell
[0.301s] DEBUG:colcon.colcon_core.shell:Skip shell extension 'dsv' for command environment
[0.304s] INFO:colcon.colcon_ros.task.ament_python.build:Building ROS package in '/home/yildiz/IKA_AVENTRA_WORKSPACE/ika_aventra/src/ika_decision' with build type 'ament_python'
[0.304s] Level 1:colcon.colcon_core.shell:create_environment_hook('ika_decision', 'ament_prefix_path')
[0.304s] INFO:colcon.colcon_core.shell:Creating environment hook '/home/yildiz/IKA_AVENTRA_WORKSPACE/ika_aventra/install/ika_decision/share/ika_decision/hook/ament_prefix_path.ps1'
[0.305s] INFO:colcon.colcon_core.shell:Creating environment descriptor '/home/yildiz/IKA_AVENTRA_WORKSPACE/ika_aventra/install/ika_decision/share/ika_decision/hook/ament_prefix_path.dsv'
[0.305s] INFO:colcon.colcon_core.shell:Creating environment hook '/home/yildiz/IKA_AVENTRA_WORKSPACE/ika_aventra/install/ika_decision/share/ika_decision/hook/ament_prefix_path.sh'
[0.306s] INFO:colcon.colcon_core.shell:Skip shell extension 'powershell' for command environment: Not usable outside of PowerShell
[0.306s] DEBUG:colcon.colcon_core.shell:Skip shell extension 'dsv' for command environment
[0.314s] INFO:colcon.colcon_ros.task.ament_python.build:Building ROS package in '/home/yildiz/IKA_AVENTRA_WORKSPACE/ika_aventra/src/ika_hardware' with build type 'ament_python'
[0.314s] Level 1:colcon.colcon_core.shell:create_environment_hook('ika_hardware', 'ament_prefix_path')
[0.314s] INFO:colcon.colcon_core.shell:Creating environment hook '/home/yildiz/IKA_AVENTRA_WORKSPACE/ika_aventra/install/ika_hardware/share/ika_hardware/hook/ament_prefix_path.ps1'
[0.315s] INFO:colcon.colcon_core.shell:Creating environment descriptor '/home/yildiz/IKA_AVENTRA_WORKSPACE/ika_aventra/install/ika_hardware/share/ika_hardware/hook/ament_prefix_path.dsv'
[0.315s] INFO:colcon.colcon_core.shell:Creating environment hook '/home/yildiz/IKA_AVENTRA_WORKSPACE/ika_aventra/install/ika_hardware/share/ika_hardware/hook/ament_prefix_path.sh'
[0.316s] INFO:colcon.colcon_core.shell:Skip shell extension 'powershell' for command environment: Not usable outside of PowerShell
[0.316s] DEBUG:colcon.colcon_core.shell:Skip shell extension 'dsv' for command environment
[0.321s] INFO:colcon.colcon_ros.task.ament_cmake.build:Building ROS package in '/home/yildiz/IKA_AVENTRA_WORKSPACE/ika_aventra/src/ika_interfaces' with build type 'ament_cmake'
[0.321s] INFO:colcon.colcon_cmake.task.cmake.build:Building CMake package in '/home/yildiz/IKA_AVENTRA_WORKSPACE/ika_aventra/src/ika_interfaces'
[0.321s] INFO:colcon.colcon_core.shell:Skip shell extension 'powershell' for command environment: Not usable outside of PowerShell
[0.321s] DEBUG:colcon.colcon_core.shell:Skip shell extension 'dsv' for command environment
[0.327s] INFO:colcon.colcon_ros.task.ament_python.build:Building ROS package in '/home/yildiz/IKA_AVENTRA_WORKSPACE/ika_aventra/src/ika_navigation' with build type 'ament_python'
[0.328s] Level 1:colcon.colcon_core.shell:create_environment_hook('ika_navigation', 'ament_prefix_path')
[0.328s] INFO:colcon.colcon_core.shell:Creating environment hook '/home/yildiz/IKA_AVENTRA_WORKSPACE/ika_aventra/install/ika_navigation/share/ika_navigation/hook/ament_prefix_path.ps1'
[0.329s] INFO:colcon.colcon_core.shell:Creating environment descriptor '/home/yildiz/IKA_AVENTRA_WORKSPACE/ika_aventra/install/ika_navigation/share/ika_navigation/hook/ament_prefix_path.dsv'
[0.330s] INFO:colcon.colcon_core.shell:Creating environment hook '/home/yildiz/IKA_AVENTRA_WORKSPACE/ika_aventra/install/ika_navigation/share/ika_navigation/hook/ament_prefix_path.sh'
[0.331s] INFO:colcon.colcon_core.shell:Skip shell extension 'powershell' for command environment: Not usable outside of PowerShell
[0.331s] DEBUG:colcon.colcon_core.shell:Skip shell extension 'dsv' for command environment
[0.336s] INFO:colcon.colcon_ros.task.ament_python.build:Building ROS package in '/home/yildiz/IKA_AVENTRA_WORKSPACE/ika_aventra/src/ika_perception' with build type 'ament_python'
[0.336s] Level 1:colcon.colcon_core.shell:create_environment_hook('ika_perception', 'ament_prefix_path')
[0.336s] INFO:colcon.colcon_core.shell:Creating environment hook '/home/yildiz/IKA_AVENTRA_WORKSPACE/ika_aventra/install/ika_perception/share/ika_perception/hook/ament_prefix_path.ps1'
[0.337s] INFO:colcon.colcon_core.shell:Creating environment descriptor '/home/yildiz/IKA_AVENTRA_WORKSPACE/ika_aventra/install/ika_perception/share/ika_perception/hook/ament_prefix_path.dsv'
[0.337s] INFO:colcon.colcon_core.shell:Creating environment hook '/home/yildiz/IKA_AVENTRA_WORKSPACE/ika_aventra/install/ika_perception/share/ika_perception/hook/ament_prefix_path.sh'
[0.338s] INFO:colcon.colcon_core.shell:Skip shell extension 'powershell' for command environment: Not usable outside of PowerShell
[0.338s] DEBUG:colcon.colcon_core.shell:Skip shell extension 'dsv' for command environment
[0.517s] INFO:colcon.colcon_core.task.python.build:Building Python package in '/home/yildiz/IKA_AVENTRA_WORKSPACE/ika_aventra/src/ika_bringup'
[0.519s] INFO:colcon.colcon_core.shell:Skip shell extension 'powershell' for command environment: Not usable outside of PowerShell
[0.520s] DEBUG:colcon.colcon_core.shell:Skip shell extension 'dsv' for command environment
[0.722s] INFO:colcon.colcon_core.task.python.build:Building Python package in '/home/yildiz/IKA_AVENTRA_WORKSPACE/ika_aventra/src/ika_control'
[0.723s] INFO:colcon.colcon_core.shell:Skip shell extension 'powershell' for command environment: Not usable outside of PowerShell
[0.723s] DEBUG:colcon.colcon_core.shell:Skip shell extension 'dsv' for command environment
[0.918s] INFO:colcon.colcon_core.task.python.build:Building Python package in '/home/yildiz/IKA_AVENTRA_WORKSPACE/ika_aventra/src/ika_decision'
[0.918s] INFO:colcon.colcon_core.shell:Skip shell extension 'powershell' for command environment: Not usable outside of PowerShell
[0.918s] DEBUG:colcon.colcon_core.shell:Skip shell extension 'dsv' for command environment
[1.112s] INFO:colcon.colcon_core.task.python.build:Building Python package in '/home/yildiz/IKA_AVENTRA_WORKSPACE/ika_aventra/src/ika_hardware'
[1.112s] INFO:colcon.colcon_core.shell:Skip shell extension 'powershell' for command environment: Not usable outside of PowerShell
[1.112s] DEBUG:colcon.colcon_core.shell:Skip shell extension 'dsv' for command environment
[1.117s] DEBUG:colcon.colcon_core.event_handler.log_command:Invoking command in '/home/yildiz/IKA_AVENTRA_WORKSPACE/ika_aventra/build/ika_interfaces': CMAKE_PREFIX_PATH=/home/yildiz/ros2_ws/install/my_robot_pkg:/home/yildiz/ros2_ws/install/motion_controller:/opt/ros/humble /usr/bin/cmake /home/yildiz/IKA_AVENTRA_WORKSPACE/ika_aventra/src/ika_interfaces -DAMENT_CMAKE_SYMLINK_INSTALL=1 -DCMAKE_INSTALL_PREFIX=/home/yildiz/IKA_AVENTRA_WORKSPACE/ika_aventra/install/ika_interfaces
[1.341s] INFO:colcon.colcon_core.task.python.build:Building Python package in '/home/yildiz/IKA_AVENTRA_WORKSPACE/ika_aventra/src/ika_navigation'
[1.341s] INFO:colcon.colcon_core.shell:Skip shell extension 'powershell' for command environment: Not usable outside of PowerShell
[1.341s] DEBUG:colcon.colcon_core.shell:Skip shell extension 'dsv' for command environment
[1.564s] INFO:colcon.colcon_core.task.python.build:Building Python package in '/home/yildiz/IKA_AVENTRA_WORKSPACE/ika_aventra/src/ika_perception'
[1.564s] INFO:colcon.colcon_core.shell:Skip shell extension 'powershell' for command environment: Not usable outside of PowerShell
[1.565s] DEBUG:colcon.colcon_core.shell:Skip shell extension 'dsv' for command environment
[1.946s] DEBUG:colcon.colcon_core.event_handler.log_command:Invoking command in '/home/yildiz/IKA_AVENTRA_WORKSPACE/ika_aventra/build/ika_decision': PYTHONPATH=/home/yildiz/IKA_AVENTRA_WORKSPACE/ika_aventra/build/ika_decision/prefix_override:/usr/lib/python3/dist-packages/colcon_core/task/python/colcon_distutils_commands:/home/yildiz/IKA_AVENTRA_WORKSPACE/ika_aventra/install/ika_decision/lib/python3.10/site-packages:${PYTHONPATH} /usr/bin/python3 -W ignore:setup.py install is deprecated -W ignore:easy_install command is deprecated setup.py develop --editable --build-directory /home/yildiz/IKA_AVENTRA_WORKSPACE/ika_aventra/build/ika_decision/build --no-deps symlink_data
[1.986s] DEBUG:colcon.colcon_core.event_handler.log_command:Invoking command in '/home/yildiz/IKA_AVENTRA_WORKSPACE/ika_aventra/build/ika_control': PYTHONPATH=/home/yildiz/IKA_AVENTRA_WORKSPACE/ika_aventra/build/ika_control/prefix_override:/usr/lib/python3/dist-packages/colcon_core/task/python/colcon_distutils_commands:/home/yildiz/IKA_AVENTRA_WORKSPACE/ika_aventra/install/ika_control/lib/python3.10/site-packages:${PYTHONPATH} /usr/bin/python3 -W ignore:setup.py install is deprecated -W ignore:easy_install command is deprecated setup.py develop --editable --build-directory /home/yildiz/IKA_AVENTRA_WORKSPACE/ika_aventra/build/ika_control/build --no-deps symlink_data
[1.996s] DEBUG:colcon.colcon_core.event_handler.log_command:Invoking command in '/home/yildiz/IKA_AVENTRA_WORKSPACE/ika_aventra/build/ika_perception': PYTHONPATH=/home/yildiz/IKA_AVENTRA_WORKSPACE/ika_aventra/build/ika_perception/prefix_override:/usr/lib/python3/dist-packages/colcon_core/task/python/colcon_distutils_commands:/home/yildiz/IKA_AVENTRA_WORKSPACE/ika_aventra/install/ika_perception/lib/python3.10/site-packages:${PYTHONPATH} /usr/bin/python3 -W ignore:setup.py install is deprecated -W ignore:easy_install command is deprecated setup.py develop --editable --build-directory /home/yildiz/IKA_AVENTRA_WORKSPACE/ika_aventra/build/ika_perception/build --no-deps symlink_data
[2.009s] DEBUG:colcon.colcon_core.event_handler.log_command:Invoking command in '/home/yildiz/IKA_AVENTRA_WORKSPACE/ika_aventra/build/ika_bringup': PYTHONPATH=/home/yildiz/IKA_AVENTRA_WORKSPACE/ika_aventra/build/ika_bringup/prefix_override:/usr/lib/python3/dist-packages/colcon_core/task/python/colcon_distutils_commands:/home/yildiz/IKA_AVENTRA_WORKSPACE/ika_aventra/install/ika_bringup/lib/python3.10/site-packages:${PYTHONPATH} /usr/bin/python3 -W ignore:setup.py install is deprecated -W ignore:easy_install command is deprecated setup.py develop --editable --build-directory /home/yildiz/IKA_AVENTRA_WORKSPACE/ika_aventra/build/ika_bringup/build --no-deps symlink_data
[2.074s] DEBUG:colcon.colcon_core.event_handler.log_command:Invoking command in '/home/yildiz/IKA_AVENTRA_WORKSPACE/ika_aventra/build/ika_hardware': PYTHONPATH=/home/yildiz/IKA_AVENTRA_WORKSPACE/ika_aventra/build/ika_hardware/prefix_override:/usr/lib/python3/dist-packages/colcon_core/task/python/colcon_distutils_commands:/home/yildiz/IKA_AVENTRA_WORKSPACE/ika_aventra/install/ika_hardware/lib/python3.10/site-packages:${PYTHONPATH} /usr/bin/python3 -W ignore:setup.py install is deprecated -W ignore:easy_install command is deprecated setup.py develop --editable --build-directory /home/yildiz/IKA_AVENTRA_WORKSPACE/ika_aventra/build/ika_hardware/build --no-deps symlink_data
[2.219s] DEBUG:colcon.colcon_core.event_handler.log_command:Invoking command in '/home/yildiz/IKA_AVENTRA_WORKSPACE/ika_aventra/build/ika_navigation': PYTHONPATH=/home/yildiz/IKA_AVENTRA_WORKSPACE/ika_aventra/build/ika_navigation/prefix_override:/usr/lib/python3/dist-packages/colcon_core/task/python/colcon_distutils_commands:/home/yildiz/IKA_AVENTRA_WORKSPACE/ika_aventra/install/ika_navigation/lib/python3.10/site-packages:${PYTHONPATH} /usr/bin/python3 -W ignore:setup.py install is deprecated -W ignore:easy_install command is deprecated setup.py develop --editable --build-directory /home/yildiz/IKA_AVENTRA_WORKSPACE/ika_aventra/build/ika_navigation/build --no-deps symlink_data
[2.373s] Level 1:colcon.colcon_core.shell:create_environment_hook('ika_control', 'pythonpath_develop')
[2.373s] INFO:colcon.colcon_core.shell:Creating environment hook '/home/yildiz/IKA_AVENTRA_WORKSPACE/ika_aventra/build/ika_control/share/ika_control/hook/pythonpath_develop.ps1'
[2.373s] DEBUG:colcon.colcon_core.event_handler.log_command:Invoked command in '/home/yildiz/IKA_AVENTRA_WORKSPACE/ika_aventra/build/ika_control' returned '0': PYTHONPATH=/home/yildiz/IKA_AVENTRA_WORKSPACE/ika_aventra/build/ika_control/prefix_override:/usr/lib/python3/dist-packages/colcon_core/task/python/colcon_distutils_commands:/home/yildiz/IKA_AVENTRA_WORKSPACE/ika_aventra/install/ika_control/lib/python3.10/site-packages:${PYTHONPATH} /usr/bin/python3 -W ignore:setup.py install is deprecated -W ignore:easy_install command is deprecated setup.py develop --editable --build-directory /home/yildiz/IKA_AVENTRA_WORKSPACE/ika_aventra/build/ika_control/build --no-deps symlink_data
[2.374s] INFO:colcon.colcon_core.shell:Creating environment descriptor '/home/yildiz/IKA_AVENTRA_WORKSPACE/ika_aventra/build/ika_control/share/ika_control/hook/pythonpath_develop.dsv'
[2.374s] INFO:colcon.colcon_core.shell:Creating environment hook '/home/yildiz/IKA_AVENTRA_WORKSPACE/ika_aventra/build/ika_control/share/ika_control/hook/pythonpath_develop.sh'
[2.376s] Level 1:colcon.colcon_core.environment:checking '/home/yildiz/IKA_AVENTRA_WORKSPACE/ika_aventra/install/ika_control' for CMake module files
[2.377s] Level 1:colcon.colcon_core.environment:checking '/home/yildiz/IKA_AVENTRA_WORKSPACE/ika_aventra/install/ika_control' for CMake config files
[2.377s] Level 1:colcon.colcon_core.environment:checking '/home/yildiz/IKA_AVENTRA_WORKSPACE/ika_aventra/install/ika_control/lib'
[2.377s] Level 1:colcon.colcon_core.environment:checking '/home/yildiz/IKA_AVENTRA_WORKSPACE/ika_aventra/install/ika_control/bin'
[2.377s] Level 1:colcon.colcon_core.environment:checking '/home/yildiz/IKA_AVENTRA_WORKSPACE/ika_aventra/install/ika_control/lib/pkgconfig/ika_control.pc'
[2.377s] Level 1:colcon.colcon_core.environment:checking '/home/yildiz/IKA_AVENTRA_WORKSPACE/ika_aventra/install/ika_control/lib/python3.10/site-packages'
[2.377s] Level 1:colcon.colcon_core.shell:create_environment_hook('ika_control', 'pythonpath')
[2.377s] INFO:colcon.colcon_core.shell:Creating environment hook '/home/yildiz/IKA_AVENTRA_WORKSPACE/ika_aventra/install/ika_control/share/ika_control/hook/pythonpath.ps1'
[2.378s] INFO:colcon.colcon_core.shell:Creating environment descriptor '/home/yildiz/IKA_AVENTRA_WORKSPACE/ika_aventra/install/ika_control/share/ika_control/hook/pythonpath.dsv'
[2.378s] INFO:colcon.colcon_core.shell:Creating environment hook '/home/yildiz/IKA_AVENTRA_WORKSPACE/ika_aventra/install/ika_control/share/ika_control/hook/pythonpath.sh'
[2.379s] Level 1:colcon.colcon_core.environment:checking '/home/yildiz/IKA_AVENTRA_WORKSPACE/ika_aventra/install/ika_control/bin'
[2.379s] Level 1:colcon.colcon_core.environment:create_environment_scripts_only(ika_control)
[2.380s] INFO:colcon.colcon_core.shell:Creating package script '/home/yildiz/IKA_AVENTRA_WORKSPACE/ika_aventra/install/ika_control/share/ika_control/package.ps1'
[2.380s] INFO:colcon.colcon_core.shell:Creating package descriptor '/home/yildiz/IKA_AVENTRA_WORKSPACE/ika_aventra/install/ika_control/share/ika_control/package.dsv'
[2.381s] INFO:colcon.colcon_core.shell:Creating package script '/home/yildiz/IKA_AVENTRA_WORKSPACE/ika_aventra/install/ika_control/share/ika_control/package.sh'
[2.381s] INFO:colcon.colcon_core.shell:Creating package script '/home/yildiz/IKA_AVENTRA_WORKSPACE/ika_aventra/install/ika_control/share/ika_control/package.bash'
[2.382s] INFO:colcon.colcon_core.shell:Creating package script '/home/yildiz/IKA_AVENTRA_WORKSPACE/ika_aventra/install/ika_control/share/ika_control/package.zsh'
[2.382s] Level 1:colcon.colcon_core.environment:create_file_with_runtime_dependencies(/home/yildiz/IKA_AVENTRA_WORKSPACE/ika_aventra/install/ika_control/share/colcon-core/packages/ika_control)
[2.383s] INFO:colcon.colcon_ros.task.ament_python.build:Building ROS package in '/home/yildiz/IKA_AVENTRA_WORKSPACE/ika_aventra/src/ika_sensors' with build type 'ament_python'
[2.383s] Level 1:colcon.colcon_core.shell:create_environment_hook('ika_sensors', 'ament_prefix_path')
[2.383s] INFO:colcon.colcon_core.shell:Creating environment hook '/home/yildiz/IKA_AVENTRA_WORKSPACE/ika_aventra/install/ika_sensors/share/ika_sensors/hook/ament_prefix_path.ps1'
[2.384s] INFO:colcon.colcon_core.shell:Creating environment descriptor '/home/yildiz/IKA_AVENTRA_WORKSPACE/ika_aventra/install/ika_sensors/share/ika_sensors/hook/ament_prefix_path.dsv'
[2.385s] INFO:colcon.colcon_core.shell:Creating environment hook '/home/yildiz/IKA_AVENTRA_WORKSPACE/ika_aventra/install/ika_sensors/share/ika_sensors/hook/ament_prefix_path.sh'
[2.386s] INFO:colcon.colcon_core.shell:Skip shell extension 'powershell' for command environment: Not usable outside of PowerShell
[2.386s] DEBUG:colcon.colcon_core.shell:Skip shell extension 'dsv' for command environment
[2.676s] INFO:colcon.colcon_core.task.python.build:Building Python package in '/home/yildiz/IKA_AVENTRA_WORKSPACE/ika_aventra/src/ika_sensors'
[2.676s] INFO:colcon.colcon_core.shell:Skip shell extension 'powershell' for command environment: Not usable outside of PowerShell
[2.676s] DEBUG:colcon.colcon_core.shell:Skip shell extension 'dsv' for command environment
[2.687s] Level 1:colcon.colcon_core.shell:create_environment_hook('ika_perception', 'pythonpath_develop')
[2.688s] DEBUG:colcon.colcon_core.event_handler.log_command:Invoked command in '/home/yildiz/IKA_AVENTRA_WORKSPACE/ika_aventra/build/ika_perception' returned '0': PYTHONPATH=/home/yildiz/IKA_AVENTRA_WORKSPACE/ika_aventra/build/ika_perception/prefix_override:/usr/lib/python3/dist-packages/colcon_core/task/python/colcon_distutils_commands:/home/yildiz/IKA_AVENTRA_WORKSPACE/ika_aventra/install/ika_perception/lib/python3.10/site-packages:${PYTHONPATH} /usr/bin/python3 -W ignore:setup.py install is deprecated -W ignore:easy_install command is deprecated setup.py develop --editable --build-directory /home/yildiz/IKA_AVENTRA_WORKSPACE/ika_aventra/build/ika_perception/build --no-deps symlink_data
[2.689s] INFO:colcon.colcon_core.shell:Creating environment hook '/home/yildiz/IKA_AVENTRA_WORKSPACE/ika_aventra/build/ika_perception/share/ika_perception/hook/pythonpath_develop.ps1'
[2.691s] INFO:colcon.colcon_core.shell:Creating environment descriptor '/home/yildiz/IKA_AVENTRA_WORKSPACE/ika_aventra/build/ika_perception/share/ika_perception/hook/pythonpath_develop.dsv'
[2.691s] INFO:colcon.colcon_core.shell:Creating environment hook '/home/yildiz/IKA_AVENTRA_WORKSPACE/ika_aventra/build/ika_perception/share/ika_perception/hook/pythonpath_develop.sh'
[2.691s] Level 1:colcon.colcon_core.environment:checking '/home/yildiz/IKA_AVENTRA_WORKSPACE/ika_aventra/install/ika_perception' for CMake module files
[2.692s] Level 1:colcon.colcon_core.environment:checking '/home/yildiz/IKA_AVENTRA_WORKSPACE/ika_aventra/install/ika_perception' for CMake config files
[2.692s] Level 1:colcon.colcon_core.environment:checking '/home/yildiz/IKA_AVENTRA_WORKSPACE/ika_aventra/install/ika_perception/lib'
[2.692s] Level 1:colcon.colcon_core.environment:checking '/home/yildiz/IKA_AVENTRA_WORKSPACE/ika_aventra/install/ika_perception/bin'
[2.692s] Level 1:colcon.colcon_core.environment:checking '/home/yildiz/IKA_AVENTRA_WORKSPACE/ika_aventra/install/ika_perception/lib/pkgconfig/ika_perception.pc'
[2.692s] Level 1:colcon.colcon_core.environment:checking '/home/yildiz/IKA_AVENTRA_WORKSPACE/ika_aventra/install/ika_perception/lib/python3.10/site-packages'
[2.692s] Level 1:colcon.colcon_core.shell:create_environment_hook('ika_perception', 'pythonpath')
[2.693s] INFO:colcon.colcon_core.shell:Creating environment hook '/home/yildiz/IKA_AVENTRA_WORKSPACE/ika_aventra/install/ika_perception/share/ika_perception/hook/pythonpath.ps1'
[2.693s] INFO:colcon.colcon_core.shell:Creating environment descriptor '/home/yildiz/IKA_AVENTRA_WORKSPACE/ika_aventra/install/ika_perception/share/ika_perception/hook/pythonpath.dsv'
[2.694s] INFO:colcon.colcon_core.shell:Creating environment hook '/home/yildiz/IKA_AVENTRA_WORKSPACE/ika_aventra/install/ika_perception/share/ika_perception/hook/pythonpath.sh'
[2.694s] Level 1:colcon.colcon_core.environment:checking '/home/yildiz/IKA_AVENTRA_WORKSPACE/ika_aventra/install/ika_perception/bin'
[2.694s] Level 1:colcon.colcon_core.environment:create_environment_scripts_only(ika_perception)
[2.695s] INFO:colcon.colcon_core.shell:Creating package script '/home/yildiz/IKA_AVENTRA_WORKSPACE/ika_aventra/install/ika_perception/share/ika_perception/package.ps1'
[2.699s] INFO:colcon.colcon_core.shell:Creating package descriptor '/home/yildiz/IKA_AVENTRA_WORKSPACE/ika_aventra/install/ika_perception/share/ika_perception/package.dsv'
[2.699s] INFO:colcon.colcon_core.shell:Creating package script '/home/yildiz/IKA_AVENTRA_WORKSPACE/ika_aventra/install/ika_perception/share/ika_perception/package.sh'
[2.699s] INFO:colcon.colcon_core.shell:Creating package script '/home/yildiz/IKA_AVENTRA_WORKSPACE/ika_aventra/install/ika_perception/share/ika_perception/package.bash'
[2.700s] INFO:colcon.colcon_core.shell:Creating package script '/home/yildiz/IKA_AVENTRA_WORKSPACE/ika_aventra/install/ika_perception/share/ika_perception/package.zsh'
[2.700s] Level 1:colcon.colcon_core.environment:create_file_with_runtime_dependencies(/home/yildiz/IKA_AVENTRA_WORKSPACE/ika_aventra/install/ika_perception/share/colcon-core/packages/ika_perception)
[2.700s] Level 1:colcon.colcon_core.shell:create_environment_hook('ika_hardware', 'pythonpath_develop')
[2.701s] INFO:colcon.colcon_core.shell:Creating environment hook '/home/yildiz/IKA_AVENTRA_WORKSPACE/ika_aventra/build/ika_hardware/share/ika_hardware/hook/pythonpath_develop.ps1'
[2.702s] DEBUG:colcon.colcon_core.event_handler.log_command:Invoked command in '/home/yildiz/IKA_AVENTRA_WORKSPACE/ika_aventra/build/ika_hardware' returned '0': PYTHONPATH=/home/yildiz/IKA_AVENTRA_WORKSPACE/ika_aventra/build/ika_hardware/prefix_override:/usr/lib/python3/dist-packages/colcon_core/task/python/colcon_distutils_commands:/home/yildiz/IKA_AVENTRA_WORKSPACE/ika_aventra/install/ika_hardware/lib/python3.10/site-packages:${PYTHONPATH} /usr/bin/python3 -W ignore:setup.py install is deprecated -W ignore:easy_install command is deprecated setup.py develop --editable --build-directory /home/yildiz/IKA_AVENTRA_WORKSPACE/ika_aventra/build/ika_hardware/build --no-deps symlink_data
[2.703s] INFO:colcon.colcon_core.shell:Creating environment descriptor '/home/yildiz/IKA_AVENTRA_WORKSPACE/ika_aventra/build/ika_hardware/share/ika_hardware/hook/pythonpath_develop.dsv'
[2.703s] INFO:colcon.colcon_core.shell:Creating environment hook '/home/yildiz/IKA_AVENTRA_WORKSPACE/ika_aventra/build/ika_hardware/share/ika_hardware/hook/pythonpath_develop.sh'
[2.704s] Level 1:colcon.colcon_core.environment:checking '/home/yildiz/IKA_AVENTRA_WORKSPACE/ika_aventra/install/ika_hardware' for CMake module files
[2.705s] Level 1:colcon.colcon_core.environment:checking '/home/yildiz/IKA_AVENTRA_WORKSPACE/ika_aventra/install/ika_hardware' for CMake config files
[2.706s] Level 1:colcon.colcon_core.environment:checking '/home/yildiz/IKA_AVENTRA_WORKSPACE/ika_aventra/install/ika_hardware/lib'
[2.706s] Level 1:colcon.colcon_core.environment:checking '/home/yildiz/IKA_AVENTRA_WORKSPACE/ika_aventra/install/ika_hardware/bin'
[2.706s] Level 1:colcon.colcon_core.environment:checking '/home/yildiz/IKA_AVENTRA_WORKSPACE/ika_aventra/install/ika_hardware/lib/pkgconfig/ika_hardware.pc'
[2.706s] Level 1:colcon.colcon_core.environment:checking '/home/yildiz/IKA_AVENTRA_WORKSPACE/ika_aventra/install/ika_hardware/lib/python3.10/site-packages'
[2.706s] Level 1:colcon.colcon_core.shell:create_environment_hook('ika_hardware', 'pythonpath')
[2.706s] INFO:colcon.colcon_core.shell:Creating environment hook '/home/yildiz/IKA_AVENTRA_WORKSPACE/ika_aventra/install/ika_hardware/share/ika_hardware/hook/pythonpath.ps1'
[2.707s] INFO:colcon.colcon_core.shell:Creating environment descriptor '/home/yildiz/IKA_AVENTRA_WORKSPACE/ika_aventra/install/ika_hardware/share/ika_hardware/hook/pythonpath.dsv'
[2.707s] INFO:colcon.colcon_core.shell:Creating environment hook '/home/yildiz/IKA_AVENTRA_WORKSPACE/ika_aventra/install/ika_hardware/share/ika_hardware/hook/pythonpath.sh'
[2.708s] Level 1:colcon.colcon_core.environment:checking '/home/yildiz/IKA_AVENTRA_WORKSPACE/ika_aventra/install/ika_hardware/bin'
[2.708s] Level 1:colcon.colcon_core.environment:create_environment_scripts_only(ika_hardware)
[2.708s] INFO:colcon.colcon_core.shell:Creating package script '/home/yildiz/IKA_AVENTRA_WORKSPACE/ika_aventra/install/ika_hardware/share/ika_hardware/package.ps1'
[2.708s] INFO:colcon.colcon_core.shell:Creating package descriptor '/home/yildiz/IKA_AVENTRA_WORKSPACE/ika_aventra/install/ika_hardware/share/ika_hardware/package.dsv'
[2.708s] INFO:colcon.colcon_core.shell:Creating package script '/home/yildiz/IKA_AVENTRA_WORKSPACE/ika_aventra/install/ika_hardware/share/ika_hardware/package.sh'
[2.709s] INFO:colcon.colcon_core.shell:Creating package script '/home/yildiz/IKA_AVENTRA_WORKSPACE/ika_aventra/install/ika_hardware/share/ika_hardware/package.bash'
[2.709s] INFO:colcon.colcon_core.shell:Creating package script '/home/yildiz/IKA_AVENTRA_WORKSPACE/ika_aventra/install/ika_hardware/share/ika_hardware/package.zsh'
[2.710s] Level 1:colcon.colcon_core.environment:create_file_with_runtime_dependencies(/home/yildiz/IKA_AVENTRA_WORKSPACE/ika_aventra/install/ika_hardware/share/colcon-core/packages/ika_hardware)
[2.712s] INFO:colcon.colcon_ros.task.ament_python.build:Building ROS package in '/home/yildiz/IKA_AVENTRA_WORKSPACE/ika_aventra/src/ika_teleop' with build type 'ament_python'
[2.712s] Level 1:colcon.colcon_core.shell:create_environment_hook('ika_teleop', 'ament_prefix_path')
[2.713s] INFO:colcon.colcon_core.shell:Creating environment hook '/home/yildiz/IKA_AVENTRA_WORKSPACE/ika_aventra/install/ika_teleop/share/ika_teleop/hook/ament_prefix_path.ps1'
[2.715s] INFO:colcon.colcon_core.shell:Creating environment descriptor '/home/yildiz/IKA_AVENTRA_WORKSPACE/ika_aventra/install/ika_teleop/share/ika_teleop/hook/ament_prefix_path.dsv'
[2.715s] INFO:colcon.colcon_core.shell:Creating environment hook '/home/yildiz/IKA_AVENTRA_WORKSPACE/ika_aventra/install/ika_teleop/share/ika_teleop/hook/ament_prefix_path.sh'
[2.716s] INFO:colcon.colcon_core.shell:Skip shell extension 'powershell' for command environment: Not usable outside of PowerShell
[2.716s] DEBUG:colcon.colcon_core.shell:Skip shell extension 'dsv' for command environment
[2.721s] INFO:colcon.colcon_ros.task.ament_python.build:Building ROS package in '/home/yildiz/IKA_AVENTRA_WORKSPACE/ika_aventra/src/ika_utils' with build type 'ament_python'
[2.721s] Level 1:colcon.colcon_core.shell:create_environment_hook('ika_utils', 'ament_prefix_path')
[2.722s] INFO:colcon.colcon_core.shell:Creating environment hook '/home/yildiz/IKA_AVENTRA_WORKSPACE/ika_aventra/install/ika_utils/share/ika_utils/hook/ament_prefix_path.ps1'
[2.723s] INFO:colcon.colcon_core.shell:Creating environment descriptor '/home/yildiz/IKA_AVENTRA_WORKSPACE/ika_aventra/install/ika_utils/share/ika_utils/hook/ament_prefix_path.dsv'
[2.724s] INFO:colcon.colcon_core.shell:Creating environment hook '/home/yildiz/IKA_AVENTRA_WORKSPACE/ika_aventra/install/ika_utils/share/ika_utils/hook/ament_prefix_path.sh'
[2.724s] INFO:colcon.colcon_core.shell:Skip shell extension 'powershell' for command environment: Not usable outside of PowerShell
[2.724s] DEBUG:colcon.colcon_core.shell:Skip shell extension 'dsv' for command environment
[2.729s] Level 1:colcon.colcon_core.shell:create_environment_hook('ika_decision', 'pythonpath_develop')
[2.730s] INFO:colcon.colcon_core.shell:Creating environment hook '/home/yildiz/IKA_AVENTRA_WORKSPACE/ika_aventra/build/ika_decision/share/ika_decision/hook/pythonpath_develop.ps1'
[2.730s] DEBUG:colcon.colcon_core.event_handler.log_command:Invoked command in '/home/yildiz/IKA_AVENTRA_WORKSPACE/ika_aventra/build/ika_decision' returned '0': PYTHONPATH=/home/yildiz/IKA_AVENTRA_WORKSPACE/ika_aventra/build/ika_decision/prefix_override:/usr/lib/python3/dist-packages/colcon_core/task/python/colcon_distutils_commands:/home/yildiz/IKA_AVENTRA_WORKSPACE/ika_aventra/install/ika_decision/lib/python3.10/site-packages:${PYTHONPATH} /usr/bin/python3 -W ignore:setup.py install is deprecated -W ignore:easy_install command is deprecated setup.py develop --editable --build-directory /home/yildiz/IKA_AVENTRA_WORKSPACE/ika_aventra/build/ika_decision/build --no-deps symlink_data
[2.731s] INFO:colcon.colcon_core.shell:Creating environment descriptor '/home/yildiz/IKA_AVENTRA_WORKSPACE/ika_aventra/build/ika_decision/share/ika_decision/hook/pythonpath_develop.dsv'
[2.731s] INFO:colcon.colcon_core.shell:Creating environment hook '/home/yildiz/IKA_AVENTRA_WORKSPACE/ika_aventra/build/ika_decision/share/ika_decision/hook/pythonpath_develop.sh'
[2.731s] Level 1:colcon.colcon_core.environment:checking '/home/yildiz/IKA_AVENTRA_WORKSPACE/ika_aventra/install/ika_decision' for CMake module files
[2.732s] Level 1:colcon.colcon_core.environment:checking '/home/yildiz/IKA_AVENTRA_WORKSPACE/ika_aventra/install/ika_decision' for CMake config files
[2.733s] Level 1:colcon.colcon_core.environment:checking '/home/yildiz/IKA_AVENTRA_WORKSPACE/ika_aventra/install/ika_decision/lib'
[2.733s] Level 1:colcon.colcon_core.environment:checking '/home/yildiz/IKA_AVENTRA_WORKSPACE/ika_aventra/install/ika_decision/bin'
[2.733s] Level 1:colcon.colcon_core.environment:checking '/home/yildiz/IKA_AVENTRA_WORKSPACE/ika_aventra/install/ika_decision/lib/pkgconfig/ika_decision.pc'
[2.733s] Level 1:colcon.colcon_core.environment:checking '/home/yildiz/IKA_AVENTRA_WORKSPACE/ika_aventra/install/ika_decision/lib/python3.10/site-packages'
[2.733s] Level 1:colcon.colcon_core.shell:create_environment_hook('ika_decision', 'pythonpath')
[2.733s] INFO:colcon.colcon_core.shell:Creating environment hook '/home/yildiz/IKA_AVENTRA_WORKSPACE/ika_aventra/install/ika_decision/share/ika_decision/hook/pythonpath.ps1'
[2.733s] INFO:colcon.colcon_core.shell:Creating environment descriptor '/home/yildiz/IKA_AVENTRA_WORKSPACE/ika_aventra/install/ika_decision/share/ika_decision/hook/pythonpath.dsv'
[2.734s] INFO:colcon.colcon_core.shell:Creating environment hook '/home/yildiz/IKA_AVENTRA_WORKSPACE/ika_aventra/install/ika_decision/share/ika_decision/hook/pythonpath.sh'
[2.735s] Level 1:colcon.colcon_core.environment:checking '/home/yildiz/IKA_AVENTRA_WORKSPACE/ika_aventra/install/ika_decision/bin'
[2.735s] Level 1:colcon.colcon_core.environment:create_environment_scripts_only(ika_decision)
[2.735s] INFO:colcon.colcon_core.shell:Creating package script '/home/yildiz/IKA_AVENTRA_WORKSPACE/ika_aventra/install/ika_decision/share/ika_decision/package.ps1'
[2.735s] INFO:colcon.colcon_core.shell:Creating package descriptor '/home/yildiz/IKA_AVENTRA_WORKSPACE/ika_aventra/install/ika_decision/share/ika_decision/package.dsv'
[2.736s] INFO:colcon.colcon_core.shell:Creating package script '/home/yildiz/IKA_AVENTRA_WORKSPACE/ika_aventra/install/ika_decision/share/ika_decision/package.sh'
[2.736s] INFO:colcon.colcon_core.shell:Creating package script '/home/yildiz/IKA_AVENTRA_WORKSPACE/ika_aventra/install/ika_decision/share/ika_decision/package.bash'
[2.737s] INFO:colcon.colcon_core.shell:Creating package script '/home/yildiz/IKA_AVENTRA_WORKSPACE/ika_aventra/install/ika_decision/share/ika_decision/package.zsh'
[2.737s] Level 1:colcon.colcon_core.environment:create_file_with_runtime_dependencies(/home/yildiz/IKA_AVENTRA_WORKSPACE/ika_aventra/install/ika_decision/share/colcon-core/packages/ika_decision)
[2.737s] Level 1:colcon.colcon_core.shell:create_environment_hook('ika_bringup', 'pythonpath_develop')
[2.738s] INFO:colcon.colcon_core.shell:Creating environment hook '/home/yildiz/IKA_AVENTRA_WORKSPACE/ika_aventra/build/ika_bringup/share/ika_bringup/hook/pythonpath_develop.ps1'
[2.739s] DEBUG:colcon.colcon_core.event_handler.log_command:Invoked command in '/home/yildiz/IKA_AVENTRA_WORKSPACE/ika_aventra/build/ika_bringup' returned '0': PYTHONPATH=/home/yildiz/IKA_AVENTRA_WORKSPACE/ika_aventra/build/ika_bringup/prefix_override:/usr/lib/python3/dist-packages/colcon_core/task/python/colcon_distutils_commands:/home/yildiz/IKA_AVENTRA_WORKSPACE/ika_aventra/install/ika_bringup/lib/python3.10/site-packages:${PYTHONPATH} /usr/bin/python3 -W ignore:setup.py install is deprecated -W ignore:easy_install command is deprecated setup.py develop --editable --build-directory /home/yildiz/IKA_AVENTRA_WORKSPACE/ika_aventra/build/ika_bringup/build --no-deps symlink_data
[2.739s] INFO:colcon.colcon_core.shell:Creating environment descriptor '/home/yildiz/IKA_AVENTRA_WORKSPACE/ika_aventra/build/ika_bringup/share/ika_bringup/hook/pythonpath_develop.dsv'
[2.740s] INFO:colcon.colcon_core.shell:Creating environment hook '/home/yildiz/IKA_AVENTRA_WORKSPACE/ika_aventra/build/ika_bringup/share/ika_bringup/hook/pythonpath_develop.sh'
[2.740s] Level 1:colcon.colcon_core.environment:checking '/home/yildiz/IKA_AVENTRA_WORKSPACE/ika_aventra/install/ika_bringup' for CMake module files
[2.740s] Level 1:colcon.colcon_core.environment:checking '/home/yildiz/IKA_AVENTRA_WORKSPACE/ika_aventra/install/ika_bringup' for CMake config files
[2.741s] Level 1:colcon.colcon_core.environment:checking '/home/yildiz/IKA_AVENTRA_WORKSPACE/ika_aventra/install/ika_bringup/lib'
[2.741s] Level 1:colcon.colcon_core.environment:checking '/home/yildiz/IKA_AVENTRA_WORKSPACE/ika_aventra/install/ika_bringup/bin'
[2.741s] Level 1:colcon.colcon_core.environment:checking '/home/yildiz/IKA_AVENTRA_WORKSPACE/ika_aventra/install/ika_bringup/lib/pkgconfig/ika_bringup.pc'
[2.742s] Level 1:colcon.colcon_core.environment:checking '/home/yildiz/IKA_AVENTRA_WORKSPACE/ika_aventra/install/ika_bringup/lib/python3.10/site-packages'
[2.742s] Level 1:colcon.colcon_core.shell:create_environment_hook('ika_bringup', 'pythonpath')
[2.742s] INFO:colcon.colcon_core.shell:Creating environment hook '/home/yildiz/IKA_AVENTRA_WORKSPACE/ika_aventra/install/ika_bringup/share/ika_bringup/hook/pythonpath.ps1'
[2.742s] INFO:colcon.colcon_core.shell:Creating environment descriptor '/home/yildiz/IKA_AVENTRA_WORKSPACE/ika_aventra/install/ika_bringup/share/ika_bringup/hook/pythonpath.dsv'
[2.743s] INFO:colcon.colcon_core.shell:Creating environment hook '/home/yildiz/IKA_AVENTRA_WORKSPACE/ika_aventra/install/ika_bringup/share/ika_bringup/hook/pythonpath.sh'
[2.744s] Level 1:colcon.colcon_core.environment:checking '/home/yildiz/IKA_AVENTRA_WORKSPACE/ika_aventra/install/ika_bringup/bin'
[2.744s] Level 1:colcon.colcon_core.environment:create_environment_scripts_only(ika_bringup)
[2.745s] INFO:colcon.colcon_core.shell:Creating package script '/home/yildiz/IKA_AVENTRA_WORKSPACE/ika_aventra/install/ika_bringup/share/ika_bringup/package.ps1'
[2.745s] INFO:colcon.colcon_core.shell:Creating package descriptor '/home/yildiz/IKA_AVENTRA_WORKSPACE/ika_aventra/install/ika_bringup/share/ika_bringup/package.dsv'
[2.746s] INFO:colcon.colcon_core.shell:Creating package script '/home/yildiz/IKA_AVENTRA_WORKSPACE/ika_aventra/install/ika_bringup/share/ika_bringup/package.sh'
[2.751s] INFO:colcon.colcon_core.shell:Creating package script '/home/yildiz/IKA_AVENTRA_WORKSPACE/ika_aventra/install/ika_bringup/share/ika_bringup/package.bash'
[2.751s] INFO:colcon.colcon_core.shell:Creating package script '/home/yildiz/IKA_AVENTRA_WORKSPACE/ika_aventra/install/ika_bringup/share/ika_bringup/package.zsh'
[2.752s] Level 1:colcon.colcon_core.environment:create_file_with_runtime_dependencies(/home/yildiz/IKA_AVENTRA_WORKSPACE/ika_aventra/install/ika_bringup/share/colcon-core/packages/ika_bringup)
[2.760s] Level 1:colcon.colcon_core.shell:create_environment_hook('ika_navigation', 'pythonpath_develop')
[2.760s] INFO:colcon.colcon_core.shell:Creating environment hook '/home/yildiz/IKA_AVENTRA_WORKSPACE/ika_aventra/build/ika_navigation/share/ika_navigation/hook/pythonpath_develop.ps1'
[2.761s] DEBUG:colcon.colcon_core.event_handler.log_command:Invoked command in '/home/yildiz/IKA_AVENTRA_WORKSPACE/ika_aventra/build/ika_navigation' returned '0': PYTHONPATH=/home/yildiz/IKA_AVENTRA_WORKSPACE/ika_aventra/build/ika_navigation/prefix_override:/usr/lib/python3/dist-packages/colcon_core/task/python/colcon_distutils_commands:/home/yildiz/IKA_AVENTRA_WORKSPACE/ika_aventra/install/ika_navigation/lib/python3.10/site-packages:${PYTHONPATH} /usr/bin/python3 -W ignore:setup.py install is deprecated -W ignore:easy_install command is deprecated setup.py develop --editable --build-directory /home/yildiz/IKA_AVENTRA_WORKSPACE/ika_aventra/build/ika_navigation/build --no-deps symlink_data
[2.761s] INFO:colcon.colcon_core.shell:Creating environment descriptor '/home/yildiz/IKA_AVENTRA_WORKSPACE/ika_aventra/build/ika_navigation/share/ika_navigation/hook/pythonpath_develop.dsv'
[2.761s] INFO:colcon.colcon_core.shell:Creating environment hook '/home/yildiz/IKA_AVENTRA_WORKSPACE/ika_aventra/build/ika_navigation/share/ika_navigation/hook/pythonpath_develop.sh'
[2.762s] Level 1:colcon.colcon_core.environment:checking '/home/yildiz/IKA_AVENTRA_WORKSPACE/ika_aventra/install/ika_navigation' for CMake module files
[2.762s] Level 1:colcon.colcon_core.environment:checking '/home/yildiz/IKA_AVENTRA_WORKSPACE/ika_aventra/install/ika_navigation' for CMake config files
[2.762s] Level 1:colcon.colcon_core.environment:checking '/home/yildiz/IKA_AVENTRA_WORKSPACE/ika_aventra/install/ika_navigation/lib'
[2.762s] Level 1:colcon.colcon_core.environment:checking '/home/yildiz/IKA_AVENTRA_WORKSPACE/ika_aventra/install/ika_navigation/bin'
[2.762s] Level 1:colcon.colcon_core.environment:checking '/home/yildiz/IKA_AVENTRA_WORKSPACE/ika_aventra/install/ika_navigation/lib/pkgconfig/ika_navigation.pc'
[2.763s] Level 1:colcon.colcon_core.environment:checking '/home/yildiz/IKA_AVENTRA_WORKSPACE/ika_aventra/install/ika_navigation/lib/python3.10/site-packages'
[2.763s] Level 1:colcon.colcon_core.shell:create_environment_hook('ika_navigation', 'pythonpath')
[2.763s] INFO:colcon.colcon_core.shell:Creating environment hook '/home/yildiz/IKA_AVENTRA_WORKSPACE/ika_aventra/install/ika_navigation/share/ika_navigation/hook/pythonpath.ps1'
[2.764s] INFO:colcon.colcon_core.shell:Creating environment descriptor '/home/yildiz/IKA_AVENTRA_WORKSPACE/ika_aventra/install/ika_navigation/share/ika_navigation/hook/pythonpath.dsv'
[2.764s] INFO:colcon.colcon_core.shell:Creating environment hook '/home/yildiz/IKA_AVENTRA_WORKSPACE/ika_aventra/install/ika_navigation/share/ika_navigation/hook/pythonpath.sh'
[2.765s] Level 1:colcon.colcon_core.environment:checking '/home/yildiz/IKA_AVENTRA_WORKSPACE/ika_aventra/install/ika_navigation/bin'
[2.765s] Level 1:colcon.colcon_core.environment:create_environment_scripts_only(ika_navigation)
[2.766s] INFO:colcon.colcon_core.shell:Creating package script '/home/yildiz/IKA_AVENTRA_WORKSPACE/ika_aventra/install/ika_navigation/share/ika_navigation/package.ps1'
[2.768s] INFO:colcon.colcon_core.shell:Creating package descriptor '/home/yildiz/IKA_AVENTRA_WORKSPACE/ika_aventra/install/ika_navigation/share/ika_navigation/package.dsv'
[2.768s] INFO:colcon.colcon_core.shell:Creating package script '/home/yildiz/IKA_AVENTRA_WORKSPACE/ika_aventra/install/ika_navigation/share/ika_navigation/package.sh'
[2.768s] INFO:colcon.colcon_core.shell:Creating package script '/home/yildiz/IKA_AVENTRA_WORKSPACE/ika_aventra/install/ika_navigation/share/ika_navigation/package.bash'
[2.768s] INFO:colcon.colcon_core.shell:Creating package script '/home/yildiz/IKA_AVENTRA_WORKSPACE/ika_aventra/install/ika_navigation/share/ika_navigation/package.zsh'
[2.769s] Level 1:colcon.colcon_core.environment:create_file_with_runtime_dependencies(/home/yildiz/IKA_AVENTRA_WORKSPACE/ika_aventra/install/ika_navigation/share/colcon-core/packages/ika_navigation)
[3.040s] INFO:colcon.colcon_core.task.python.build:Building Python package in '/home/yildiz/IKA_AVENTRA_WORKSPACE/ika_aventra/src/ika_teleop'
[3.040s] INFO:colcon.colcon_core.shell:Skip shell extension 'powershell' for command environment: Not usable outside of PowerShell
[3.040s] DEBUG:colcon.colcon_core.shell:Skip shell extension 'dsv' for command environment
[3.244s] INFO:colcon.colcon_core.task.python.build:Building Python package in '/home/yildiz/IKA_AVENTRA_WORKSPACE/ika_aventra/src/ika_utils'
[3.244s] INFO:colcon.colcon_core.shell:Skip shell extension 'powershell' for command environment: Not usable outside of PowerShell
[3.244s] DEBUG:colcon.colcon_core.shell:Skip shell extension 'dsv' for command environment
[3.254s] DEBUG:colcon.colcon_core.event_handler.log_command:Invoking command in '/home/yildiz/IKA_AVENTRA_WORKSPACE/ika_aventra/build/ika_sensors': PYTHONPATH=/home/yildiz/IKA_AVENTRA_WORKSPACE/ika_aventra/build/ika_sensors/prefix_override:/usr/lib/python3/dist-packages/colcon_core/task/python/colcon_distutils_commands:/home/yildiz/IKA_AVENTRA_WORKSPACE/ika_aventra/install/ika_sensors/lib/python3.10/site-packages:${PYTHONPATH} /usr/bin/python3 -W ignore:setup.py install is deprecated -W ignore:easy_install command is deprecated setup.py develop --editable --build-directory /home/yildiz/IKA_AVENTRA_WORKSPACE/ika_aventra/build/ika_sensors/build --no-deps symlink_data
[3.256s] DEBUG:colcon.colcon_core.event_handler.log_command:Invoked command in '/home/yildiz/IKA_AVENTRA_WORKSPACE/ika_aventra/build/ika_interfaces' returned '0': CMAKE_PREFIX_PATH=/home/yildiz/ros2_ws/install/my_robot_pkg:/home/yildiz/ros2_ws/install/motion_controller:/opt/ros/humble /usr/bin/cmake /home/yildiz/IKA_AVENTRA_WORKSPACE/ika_aventra/src/ika_interfaces -DAMENT_CMAKE_SYMLINK_INSTALL=1 -DCMAKE_INSTALL_PREFIX=/home/yildiz/IKA_AVENTRA_WORKSPACE/ika_aventra/install/ika_interfaces
[3.259s] DEBUG:colcon.colcon_core.event_handler.log_command:Invoking command in '/home/yildiz/IKA_AVENTRA_WORKSPACE/ika_aventra/build/ika_interfaces': CMAKE_PREFIX_PATH=/home/yildiz/ros2_ws/install/my_robot_pkg:/home/yildiz/ros2_ws/install/motion_controller:/opt/ros/humble /usr/bin/cmake --build /home/yildiz/IKA_AVENTRA_WORKSPACE/ika_aventra/build/ika_interfaces -- -j7 -l7
[3.318s] DEBUG:colcon.colcon_core.event_handler.log_command:Invoked command in '/home/yildiz/IKA_AVENTRA_WORKSPACE/ika_aventra/build/ika_interfaces' returned '0': CMAKE_PREFIX_PATH=/home/yildiz/ros2_ws/install/my_robot_pkg:/home/yildiz/ros2_ws/install/motion_controller:/opt/ros/humble /usr/bin/cmake --build /home/yildiz/IKA_AVENTRA_WORKSPACE/ika_aventra/build/ika_interfaces -- -j7 -l7
[3.333s] DEBUG:colcon.colcon_core.event_handler.log_command:Invoking command in '/home/yildiz/IKA_AVENTRA_WORKSPACE/ika_aventra/build/ika_interfaces': CMAKE_PREFIX_PATH=/home/yildiz/ros2_ws/install/my_robot_pkg:/home/yildiz/ros2_ws/install/motion_controller:/opt/ros/humble /usr/bin/cmake --install /home/yildiz/IKA_AVENTRA_WORKSPACE/ika_aventra/build/ika_interfaces
[3.535s] Level 1:colcon.colcon_core.environment:create_environment_scripts_only(ika_interfaces)
[3.536s] Level 1:colcon.colcon_core.environment:checking '/home/yildiz/IKA_AVENTRA_WORKSPACE/ika_aventra/install/ika_interfaces' for CMake module files
[3.537s] DEBUG:colcon.colcon_core.event_handler.log_command:Invoked command in '/home/yildiz/IKA_AVENTRA_WORKSPACE/ika_aventra/build/ika_interfaces' returned '0': CMAKE_PREFIX_PATH=/home/yildiz/ros2_ws/install/my_robot_pkg:/home/yildiz/ros2_ws/install/motion_controller:/opt/ros/humble /usr/bin/cmake --install /home/yildiz/IKA_AVENTRA_WORKSPACE/ika_aventra/build/ika_interfaces
[3.538s] Level 1:colcon.colcon_core.environment:checking '/home/yildiz/IKA_AVENTRA_WORKSPACE/ika_aventra/install/ika_interfaces' for CMake config files
[3.538s] Level 1:colcon.colcon_core.shell:create_environment_hook('ika_interfaces', 'cmake_prefix_path')
[3.538s] INFO:colcon.colcon_core.shell:Creating environment hook '/home/yildiz/IKA_AVENTRA_WORKSPACE/ika_aventra/install/ika_interfaces/share/ika_interfaces/hook/cmake_prefix_path.ps1'
[3.539s] INFO:colcon.colcon_core.shell:Creating environment descriptor '/home/yildiz/IKA_AVENTRA_WORKSPACE/ika_aventra/install/ika_interfaces/share/ika_interfaces/hook/cmake_prefix_path.dsv'
[3.540s] INFO:colcon.colcon_core.shell:Creating environment hook '/home/yildiz/IKA_AVENTRA_WORKSPACE/ika_aventra/install/ika_interfaces/share/ika_interfaces/hook/cmake_prefix_path.sh'
[3.540s] Level 1:colcon.colcon_core.environment:checking '/home/yildiz/IKA_AVENTRA_WORKSPACE/ika_aventra/install/ika_interfaces/bin'
[3.541s] Level 1:colcon.colcon_core.environment:checking '/home/yildiz/IKA_AVENTRA_WORKSPACE/ika_aventra/install/ika_interfaces/lib/pkgconfig/ika_interfaces.pc'
[3.541s] Level 1:colcon.colcon_core.environment:checking '/home/yildiz/IKA_AVENTRA_WORKSPACE/ika_aventra/install/ika_interfaces/lib/python3.10/site-packages'
[3.541s] Level 1:colcon.colcon_core.environment:checking '/home/yildiz/IKA_AVENTRA_WORKSPACE/ika_aventra/install/ika_interfaces/bin'
[3.541s] INFO:colcon.colcon_core.shell:Creating package script '/home/yildiz/IKA_AVENTRA_WORKSPACE/ika_aventra/install/ika_interfaces/share/ika_interfaces/package.ps1'
[3.542s] INFO:colcon.colcon_core.shell:Creating package descriptor '/home/yildiz/IKA_AVENTRA_WORKSPACE/ika_aventra/install/ika_interfaces/share/ika_interfaces/package.dsv'
[3.542s] INFO:colcon.colcon_core.shell:Creating package script '/home/yildiz/IKA_AVENTRA_WORKSPACE/ika_aventra/install/ika_interfaces/share/ika_interfaces/package.sh'
[3.543s] INFO:colcon.colcon_core.shell:Creating package script '/home/yildiz/IKA_AVENTRA_WORKSPACE/ika_aventra/install/ika_interfaces/share/ika_interfaces/package.bash'
[3.543s] INFO:colcon.colcon_core.shell:Creating package script '/home/yildiz/IKA_AVENTRA_WORKSPACE/ika_aventra/install/ika_interfaces/share/ika_interfaces/package.zsh'
[3.543s] Level 1:colcon.colcon_core.environment:create_file_with_runtime_dependencies(/home/yildiz/IKA_AVENTRA_WORKSPACE/ika_aventra/install/ika_interfaces/share/colcon-core/packages/ika_interfaces)
[3.543s] Level 1:colcon.colcon_core.environment:create_environment_scripts_only(ika_interfaces)
[3.544s] Level 1:colcon.colcon_core.environment:checking '/home/yildiz/IKA_AVENTRA_WORKSPACE/ika_aventra/install/ika_interfaces' for CMake module files
[3.544s] Level 1:colcon.colcon_core.environment:checking '/home/yildiz/IKA_AVENTRA_WORKSPACE/ika_aventra/install/ika_interfaces' for CMake config files
[3.544s] Level 1:colcon.colcon_core.shell:create_environment_hook('ika_interfaces', 'cmake_prefix_path')
[3.544s] INFO:colcon.colcon_core.shell:Creating environment hook '/home/yildiz/IKA_AVENTRA_WORKSPACE/ika_aventra/install/ika_interfaces/share/ika_interfaces/hook/cmake_prefix_path.ps1'
[3.545s] INFO:colcon.colcon_core.shell:Creating environment descriptor '/home/yildiz/IKA_AVENTRA_WORKSPACE/ika_aventra/install/ika_interfaces/share/ika_interfaces/hook/cmake_prefix_path.dsv'
[3.545s] INFO:colcon.colcon_core.shell:Creating environment hook '/home/yildiz/IKA_AVENTRA_WORKSPACE/ika_aventra/install/ika_interfaces/share/ika_interfaces/hook/cmake_prefix_path.sh'
[3.546s] Level 1:colcon.colcon_core.environment:checking '/home/yildiz/IKA_AVENTRA_WORKSPACE/ika_aventra/install/ika_interfaces/bin'
[3.546s] Level 1:colcon.colcon_core.environment:checking '/home/yildiz/IKA_AVENTRA_WORKSPACE/ika_aventra/install/ika_interfaces/lib/pkgconfig/ika_interfaces.pc'
[3.547s] Level 1:colcon.colcon_core.environment:checking '/home/yildiz/IKA_AVENTRA_WORKSPACE/ika_aventra/install/ika_interfaces/lib/python3.10/site-packages'
[3.547s] Level 1:colcon.colcon_core.environment:checking '/home/yildiz/IKA_AVENTRA_WORKSPACE/ika_aventra/install/ika_interfaces/bin'
[3.547s] INFO:colcon.colcon_core.shell:Creating package script '/home/yildiz/IKA_AVENTRA_WORKSPACE/ika_aventra/install/ika_interfaces/share/ika_interfaces/package.ps1'
[3.548s] INFO:colcon.colcon_core.shell:Creating package descriptor '/home/yildiz/IKA_AVENTRA_WORKSPACE/ika_aventra/install/ika_interfaces/share/ika_interfaces/package.dsv'
[3.549s] INFO:colcon.colcon_core.shell:Creating package script '/home/yildiz/IKA_AVENTRA_WORKSPACE/ika_aventra/install/ika_interfaces/share/ika_interfaces/package.sh'
[3.549s] INFO:colcon.colcon_core.shell:Creating package script '/home/yildiz/IKA_AVENTRA_WORKSPACE/ika_aventra/install/ika_interfaces/share/ika_interfaces/package.bash'
[3.550s] INFO:colcon.colcon_core.shell:Creating package script '/home/yildiz/IKA_AVENTRA_WORKSPACE/ika_aventra/install/ika_interfaces/share/ika_interfaces/package.zsh'
[3.550s] Level 1:colcon.colcon_core.environment:create_file_with_runtime_dependencies(/home/yildiz/IKA_AVENTRA_WORKSPACE/ika_aventra/install/ika_interfaces/share/colcon-core/packages/ika_interfaces)
[3.614s] DEBUG:colcon.colcon_core.event_handler.log_command:Invoking command in '/home/yildiz/IKA_AVENTRA_WORKSPACE/ika_aventra/build/ika_utils': PYTHONPATH=/home/yildiz/IKA_AVENTRA_WORKSPACE/ika_aventra/build/ika_utils/prefix_override:/usr/lib/python3/dist-packages/colcon_core/task/python/colcon_distutils_commands:/home/yildiz/IKA_AVENTRA_WORKSPACE/ika_aventra/install/ika_utils/lib/python3.10/site-packages:${PYTHONPATH} /usr/bin/python3 -W ignore:setup.py install is deprecated -W ignore:easy_install command is deprecated setup.py develop --editable --build-directory /home/yildiz/IKA_AVENTRA_WORKSPACE/ika_aventra/build/ika_utils/build --no-deps symlink_data
[3.636s] DEBUG:colcon.colcon_core.event_handler.log_command:Invoking command in '/home/yildiz/IKA_AVENTRA_WORKSPACE/ika_aventra/build/ika_teleop': PYTHONPATH=/home/yildiz/IKA_AVENTRA_WORKSPACE/ika_aventra/build/ika_teleop/prefix_override:/usr/lib/python3/dist-packages/colcon_core/task/python/colcon_distutils_commands:/home/yildiz/IKA_AVENTRA_WORKSPACE/ika_aventra/install/ika_teleop/lib/python3.10/site-packages:${PYTHONPATH} /usr/bin/python3 -W ignore:setup.py install is deprecated -W ignore:easy_install command is deprecated setup.py develop --editable --build-directory /home/yildiz/IKA_AVENTRA_WORKSPACE/ika_aventra/build/ika_teleop/build --no-deps symlink_data
[3.698s] Level 1:colcon.colcon_core.shell:create_environment_hook('ika_sensors', 'pythonpath_develop')
[3.699s] INFO:colcon.colcon_core.shell:Creating environment hook '/home/yildiz/IKA_AVENTRA_WORKSPACE/ika_aventra/build/ika_sensors/share/ika_sensors/hook/pythonpath_develop.ps1'
[3.700s] DEBUG:colcon.colcon_core.event_handler.log_command:Invoked command in '/home/yildiz/IKA_AVENTRA_WORKSPACE/ika_aventra/build/ika_sensors' returned '0': PYTHONPATH=/home/yildiz/IKA_AVENTRA_WORKSPACE/ika_aventra/build/ika_sensors/prefix_override:/usr/lib/python3/dist-packages/colcon_core/task/python/colcon_distutils_commands:/home/yildiz/IKA_AVENTRA_WORKSPACE/ika_aventra/install/ika_sensors/lib/python3.10/site-packages:${PYTHONPATH} /usr/bin/python3 -W ignore:setup.py install is deprecated -W ignore:easy_install command is deprecated setup.py develop --editable --build-directory /home/yildiz/IKA_AVENTRA_WORKSPACE/ika_aventra/build/ika_sensors/build --no-deps symlink_data
[3.700s] INFO:colcon.colcon_core.shell:Creating environment descriptor '/home/yildiz/IKA_AVENTRA_WORKSPACE/ika_aventra/build/ika_sensors/share/ika_sensors/hook/pythonpath_develop.dsv'
[3.700s] INFO:colcon.colcon_core.shell:Creating environment hook '/home/yildiz/IKA_AVENTRA_WORKSPACE/ika_aventra/build/ika_sensors/share/ika_sensors/hook/pythonpath_develop.sh'
[3.701s] Level 1:colcon.colcon_core.environment:checking '/home/yildiz/IKA_AVENTRA_WORKSPACE/ika_aventra/install/ika_sensors' for CMake module files
[3.701s] Level 1:colcon.colcon_core.environment:checking '/home/yildiz/IKA_AVENTRA_WORKSPACE/ika_aventra/install/ika_sensors' for CMake config files
[3.702s] Level 1:colcon.colcon_core.environment:checking '/home/yildiz/IKA_AVENTRA_WORKSPACE/ika_aventra/install/ika_sensors/lib'
[3.702s] Level 1:colcon.colcon_core.environment:checking '/home/yildiz/IKA_AVENTRA_WORKSPACE/ika_aventra/install/ika_sensors/bin'
[3.702s] Level 1:colcon.colcon_core.environment:checking '/home/yildiz/IKA_AVENTRA_WORKSPACE/ika_aventra/install/ika_sensors/lib/pkgconfig/ika_sensors.pc'
[3.702s] Level 1:colcon.colcon_core.environment:checking '/home/yildiz/IKA_AVENTRA_WORKSPACE/ika_aventra/install/ika_sensors/lib/python3.10/site-packages'
[3.702s] Level 1:colcon.colcon_core.shell:create_environment_hook('ika_sensors', 'pythonpath')
[3.702s] INFO:colcon.colcon_core.shell:Creating environment hook '/home/yildiz/IKA_AVENTRA_WORKSPACE/ika_aventra/install/ika_sensors/share/ika_sensors/hook/pythonpath.ps1'
[3.702s] INFO:colcon.colcon_core.shell:Creating environment descriptor '/home/yildiz/IKA_AVENTRA_WORKSPACE/ika_aventra/install/ika_sensors/share/ika_sensors/hook/pythonpath.dsv'
[3.703s] INFO:colcon.colcon_core.shell:Creating environment hook '/home/yildiz/IKA_AVENTRA_WORKSPACE/ika_aventra/install/ika_sensors/share/ika_sensors/hook/pythonpath.sh'
[3.703s] Level 1:colcon.colcon_core.environment:checking '/home/yildiz/IKA_AVENTRA_WORKSPACE/ika_aventra/install/ika_sensors/bin'
[3.705s] Level 1:colcon.colcon_core.environment:create_environment_scripts_only(ika_sensors)
[3.705s] INFO:colcon.colcon_core.shell:Creating package script '/home/yildiz/IKA_AVENTRA_WORKSPACE/ika_aventra/install/ika_sensors/share/ika_sensors/package.ps1'
[3.706s] INFO:colcon.colcon_core.shell:Creating package descriptor '/home/yildiz/IKA_AVENTRA_WORKSPACE/ika_aventra/install/ika_sensors/share/ika_sensors/package.dsv'
[3.707s] INFO:colcon.colcon_core.shell:Creating package script '/home/yildiz/IKA_AVENTRA_WORKSPACE/ika_aventra/install/ika_sensors/share/ika_sensors/package.sh'
[3.707s] INFO:colcon.colcon_core.shell:Creating package script '/home/yildiz/IKA_AVENTRA_WORKSPACE/ika_aventra/install/ika_sensors/share/ika_sensors/package.bash'
[3.707s] INFO:colcon.colcon_core.shell:Creating package script '/home/yildiz/IKA_AVENTRA_WORKSPACE/ika_aventra/install/ika_sensors/share/ika_sensors/package.zsh'
[3.713s] Level 1:colcon.colcon_core.environment:create_file_with_runtime_dependencies(/home/yildiz/IKA_AVENTRA_WORKSPACE/ika_aventra/install/ika_sensors/share/colcon-core/packages/ika_sensors)
[3.965s] Level 1:colcon.colcon_core.shell:create_environment_hook('ika_utils', 'pythonpath_develop')
[3.966s] INFO:colcon.colcon_core.shell:Creating environment hook '/home/yildiz/IKA_AVENTRA_WORKSPACE/ika_aventra/build/ika_utils/share/ika_utils/hook/pythonpath_develop.ps1'
[3.967s] DEBUG:colcon.colcon_core.event_handler.log_command:Invoked command in '/home/yildiz/IKA_AVENTRA_WORKSPACE/ika_aventra/build/ika_utils' returned '0': PYTHONPATH=/home/yildiz/IKA_AVENTRA_WORKSPACE/ika_aventra/build/ika_utils/prefix_override:/usr/lib/python3/dist-packages/colcon_core/task/python/colcon_distutils_commands:/home/yildiz/IKA_AVENTRA_WORKSPACE/ika_aventra/install/ika_utils/lib/python3.10/site-packages:${PYTHONPATH} /usr/bin/python3 -W ignore:setup.py install is deprecated -W ignore:easy_install command is deprecated setup.py develop --editable --build-directory /home/yildiz/IKA_AVENTRA_WORKSPACE/ika_aventra/build/ika_utils/build --no-deps symlink_data
[3.967s] INFO:colcon.colcon_core.shell:Creating environment descriptor '/home/yildiz/IKA_AVENTRA_WORKSPACE/ika_aventra/build/ika_utils/share/ika_utils/hook/pythonpath_develop.dsv'
[3.967s] INFO:colcon.colcon_core.shell:Creating environment hook '/home/yildiz/IKA_AVENTRA_WORKSPACE/ika_aventra/build/ika_utils/share/ika_utils/hook/pythonpath_develop.sh'
[3.968s] Level 1:colcon.colcon_core.environment:checking '/home/yildiz/IKA_AVENTRA_WORKSPACE/ika_aventra/install/ika_utils' for CMake module files
[3.968s] Level 1:colcon.colcon_core.environment:checking '/home/yildiz/IKA_AVENTRA_WORKSPACE/ika_aventra/install/ika_utils' for CMake config files
[3.968s] Level 1:colcon.colcon_core.environment:checking '/home/yildiz/IKA_AVENTRA_WORKSPACE/ika_aventra/install/ika_utils/lib'
[3.968s] Level 1:colcon.colcon_core.environment:checking '/home/yildiz/IKA_AVENTRA_WORKSPACE/ika_aventra/install/ika_utils/bin'
[3.968s] Level 1:colcon.colcon_core.environment:checking '/home/yildiz/IKA_AVENTRA_WORKSPACE/ika_aventra/install/ika_utils/lib/pkgconfig/ika_utils.pc'
[3.969s] Level 1:colcon.colcon_core.environment:checking '/home/yildiz/IKA_AVENTRA_WORKSPACE/ika_aventra/install/ika_utils/lib/python3.10/site-packages'
[3.969s] Level 1:colcon.colcon_core.shell:create_environment_hook('ika_utils', 'pythonpath')
[3.969s] INFO:colcon.colcon_core.shell:Creating environment hook '/home/yildiz/IKA_AVENTRA_WORKSPACE/ika_aventra/install/ika_utils/share/ika_utils/hook/pythonpath.ps1'
[3.969s] INFO:colcon.colcon_core.shell:Creating environment descriptor '/home/yildiz/IKA_AVENTRA_WORKSPACE/ika_aventra/install/ika_utils/share/ika_utils/hook/pythonpath.dsv'
[3.969s] INFO:colcon.colcon_core.shell:Creating environment hook '/home/yildiz/IKA_AVENTRA_WORKSPACE/ika_aventra/install/ika_utils/share/ika_utils/hook/pythonpath.sh'
[3.970s] Level 1:colcon.colcon_core.environment:checking '/home/yildiz/IKA_AVENTRA_WORKSPACE/ika_aventra/install/ika_utils/bin'
[3.970s] Level 1:colcon.colcon_core.environment:create_environment_scripts_only(ika_utils)
[3.970s] INFO:colcon.colcon_core.shell:Creating package script '/home/yildiz/IKA_AVENTRA_WORKSPACE/ika_aventra/install/ika_utils/share/ika_utils/package.ps1'
[3.971s] INFO:colcon.colcon_core.shell:Creating package descriptor '/home/yildiz/IKA_AVENTRA_WORKSPACE/ika_aventra/install/ika_utils/share/ika_utils/package.dsv'
[3.973s] INFO:colcon.colcon_core.shell:Creating package script '/home/yildiz/IKA_AVENTRA_WORKSPACE/ika_aventra/install/ika_utils/share/ika_utils/package.sh'
[3.975s] INFO:colcon.colcon_core.shell:Creating package script '/home/yildiz/IKA_AVENTRA_WORKSPACE/ika_aventra/install/ika_utils/share/ika_utils/package.bash'
[3.976s] INFO:colcon.colcon_core.shell:Creating package script '/home/yildiz/IKA_AVENTRA_WORKSPACE/ika_aventra/install/ika_utils/share/ika_utils/package.zsh'
[3.977s] Level 1:colcon.colcon_core.environment:create_file_with_runtime_dependencies(/home/yildiz/IKA_AVENTRA_WORKSPACE/ika_aventra/install/ika_utils/share/colcon-core/packages/ika_utils)
[4.002s] Level 1:colcon.colcon_core.shell:create_environment_hook('ika_teleop', 'pythonpath_develop')
[4.002s] INFO:colcon.colcon_core.shell:Creating environment hook '/home/yildiz/IKA_AVENTRA_WORKSPACE/ika_aventra/build/ika_teleop/share/ika_teleop/hook/pythonpath_develop.ps1'
[4.003s] DEBUG:colcon.colcon_core.event_handler.log_command:Invoked command in '/home/yildiz/IKA_AVENTRA_WORKSPACE/ika_aventra/build/ika_teleop' returned '0': PYTHONPATH=/home/yildiz/IKA_AVENTRA_WORKSPACE/ika_aventra/build/ika_teleop/prefix_override:/usr/lib/python3/dist-packages/colcon_core/task/python/colcon_distutils_commands:/home/yildiz/IKA_AVENTRA_WORKSPACE/ika_aventra/install/ika_teleop/lib/python3.10/site-packages:${PYTHONPATH} /usr/bin/python3 -W ignore:setup.py install is deprecated -W ignore:easy_install command is deprecated setup.py develop --editable --build-directory /home/yildiz/IKA_AVENTRA_WORKSPACE/ika_aventra/build/ika_teleop/build --no-deps symlink_data
[4.003s] INFO:colcon.colcon_core.shell:Creating environment descriptor '/home/yildiz/IKA_AVENTRA_WORKSPACE/ika_aventra/build/ika_teleop/share/ika_teleop/hook/pythonpath_develop.dsv'
[4.004s] INFO:colcon.colcon_core.shell:Creating environment hook '/home/yildiz/IKA_AVENTRA_WORKSPACE/ika_aventra/build/ika_teleop/share/ika_teleop/hook/pythonpath_develop.sh'
[4.004s] Level 1:colcon.colcon_core.environment:checking '/home/yildiz/IKA_AVENTRA_WORKSPACE/ika_aventra/install/ika_teleop' for CMake module files
[4.004s] Level 1:colcon.colcon_core.environment:checking '/home/yildiz/IKA_AVENTRA_WORKSPACE/ika_aventra/install/ika_teleop' for CMake config files
[4.005s] Level 1:colcon.colcon_core.environment:checking '/home/yildiz/IKA_AVENTRA_WORKSPACE/ika_aventra/install/ika_teleop/lib'
[4.005s] Level 1:colcon.colcon_core.environment:checking '/home/yildiz/IKA_AVENTRA_WORKSPACE/ika_aventra/install/ika_teleop/bin'
[4.005s] Level 1:colcon.colcon_core.environment:checking '/home/yildiz/IKA_AVENTRA_WORKSPACE/ika_aventra/install/ika_teleop/lib/pkgconfig/ika_teleop.pc'
[4.005s] Level 1:colcon.colcon_core.environment:checking '/home/yildiz/IKA_AVENTRA_WORKSPACE/ika_aventra/install/ika_teleop/lib/python3.10/site-packages'
[4.005s] Level 1:colcon.colcon_core.shell:create_environment_hook('ika_teleop', 'pythonpath')
[4.005s] INFO:colcon.colcon_core.shell:Creating environment hook '/home/yildiz/IKA_AVENTRA_WORKSPACE/ika_aventra/install/ika_teleop/share/ika_teleop/hook/pythonpath.ps1'
[4.005s] INFO:colcon.colcon_core.shell:Creating environment descriptor '/home/yildiz/IKA_AVENTRA_WORKSPACE/ika_aventra/install/ika_teleop/share/ika_teleop/hook/pythonpath.dsv'
[4.005s] INFO:colcon.colcon_core.shell:Creating environment hook '/home/yildiz/IKA_AVENTRA_WORKSPACE/ika_aventra/install/ika_teleop/share/ika_teleop/hook/pythonpath.sh'
[4.006s] Level 1:colcon.colcon_core.environment:checking '/home/yildiz/IKA_AVENTRA_WORKSPACE/ika_aventra/install/ika_teleop/bin'
[4.006s] Level 1:colcon.colcon_core.environment:create_environment_scripts_only(ika_teleop)
[4.006s] INFO:colcon.colcon_core.shell:Creating package script '/home/yildiz/IKA_AVENTRA_WORKSPACE/ika_aventra/install/ika_teleop/share/ika_teleop/package.ps1'
[4.006s] INFO:colcon.colcon_core.shell:Creating package descriptor '/home/yildiz/IKA_AVENTRA_WORKSPACE/ika_aventra/install/ika_teleop/share/ika_teleop/package.dsv'
[4.007s] INFO:colcon.colcon_core.shell:Creating package script '/home/yildiz/IKA_AVENTRA_WORKSPACE/ika_aventra/install/ika_teleop/share/ika_teleop/package.sh'
[4.007s] INFO:colcon.colcon_core.shell:Creating package script '/home/yildiz/IKA_AVENTRA_WORKSPACE/ika_aventra/install/ika_teleop/share/ika_teleop/package.bash'
[4.007s] INFO:colcon.colcon_core.shell:Creating package script '/home/yildiz/IKA_AVENTRA_WORKSPACE/ika_aventra/install/ika_teleop/share/ika_teleop/package.zsh'
[4.007s] Level 1:colcon.colcon_core.environment:create_file_with_runtime_dependencies(/home/yildiz/IKA_AVENTRA_WORKSPACE/ika_aventra/install/ika_teleop/share/colcon-core/packages/ika_teleop)
[4.008s] DEBUG:colcon.colcon_parallel_executor.executor.parallel:closing loop
[4.009s] DEBUG:colcon.colcon_parallel_executor.executor.parallel:loop closed
[4.009s] DEBUG:colcon.colcon_parallel_executor.executor.parallel:run_until_complete finished with '0'
[4.009s] DEBUG:colcon.colcon_core.event_reactor:joining thread
[4.019s] INFO:colcon.colcon_core.plugin_system:Skipping extension 'colcon_notification.desktop_notification.terminal_notifier': Not used on non-Darwin systems
[4.019s] INFO:colcon.colcon_core.plugin_system:Skipping extension 'colcon_notification.desktop_notification.win32': Not used on non-Windows systems
[4.019s] INFO:colcon.colcon_notification.desktop_notification:Sending desktop notification using 'notify2'
[4.038s] DEBUG:colcon.colcon_core.event_reactor:joined thread
[4.038s] INFO:colcon.colcon_core.shell:Creating prefix script '/home/yildiz/IKA_AVENTRA_WORKSPACE/ika_aventra/install/local_setup.ps1'
[4.039s] INFO:colcon.colcon_core.shell:Creating prefix util module '/home/yildiz/IKA_AVENTRA_WORKSPACE/ika_aventra/install/_local_setup_util_ps1.py'
[4.040s] INFO:colcon.colcon_core.shell:Creating prefix chain script '/home/yildiz/IKA_AVENTRA_WORKSPACE/ika_aventra/install/setup.ps1'
[4.042s] INFO:colcon.colcon_core.shell:Creating prefix script '/home/yildiz/IKA_AVENTRA_WORKSPACE/ika_aventra/install/local_setup.sh'
[4.042s] INFO:colcon.colcon_core.shell:Creating prefix util module '/home/yildiz/IKA_AVENTRA_WORKSPACE/ika_aventra/install/_local_setup_util_sh.py'
[4.043s] INFO:colcon.colcon_core.shell:Creating prefix chain script '/home/yildiz/IKA_AVENTRA_WORKSPACE/ika_aventra/install/setup.sh'
[4.043s] INFO:colcon.colcon_core.shell:Creating prefix script '/home/yildiz/IKA_AVENTRA_WORKSPACE/ika_aventra/install/local_setup.bash'
[4.044s] INFO:colcon.colcon_core.shell:Creating prefix chain script '/home/yildiz/IKA_AVENTRA_WORKSPACE/ika_aventra/install/setup.bash'
[4.044s] INFO:colcon.colcon_core.shell:Creating prefix script '/home/yildiz/IKA_AVENTRA_WORKSPACE/ika_aventra/install/local_setup.zsh'
[4.045s] INFO:colcon.colcon_core.shell:Creating prefix chain script '/home/yildiz/IKA_AVENTRA_WORKSPACE/ika_aventra/install/setup.zsh'
